AHRS quaternion double evaluation application, compiled Jul 28 2022 14:16:54
Sensor data will be streamed after initialization.
GPIO initialized.
i2c bus opened with handle 0.
Device with address a0 found
+0.1, -0.3, 2.1, -7.399e-04, 1.103e-04, -3.480e-05, 29092
+0.2, -0.6, 4.1, -1.434e-03, 2.159e-04, -6.909e-05, 1500
+0.2, -0.9, 6.0, -2.083e-03, 3.159e-04, -1.029e-04, 1333
+0.3, -1.2, 7.7, -2.688e-03, 4.104e-04, -1.364e-04, 1315
+0.4, -1.5, 9.3, -3.246e-03, 4.950e-04, -1.690e-04, 1259
+0.4, -1.7, 10.8, -3.794e-03, 5.821e-04, -2.015e-04, 1278
+0.5, -2.0, 12.3, -4.302e-03, 6.617e-04, -2.333e-04, 1259
+0.5, -2.2, 13.7, -4.772e-03, 7.329e-04, -2.642e-04, 1259
+0.5, -2.4, 14.9, -5.214e-03, 8.022e-04, -2.953e-04, 1259
+0.6, -2.6, 16.1, -5.619e-03, 8.670e-04, -3.265e-04, 1278
+0.7, -2.7, 17.2, -5.994e-03, 8.997e-04, -3.617e-04, 1370
+0.7, -2.9, 18.1, -6.339e-03, 9.296e-04, -3.969e-04, 1296
+0.8, -3.0, 19.0, -6.656e-03, 9.547e-04, -4.313e-04, 1870
+0.9, -3.1, 19.9, -6.949e-03, 9.794e-04, -4.663e-04, 5018
+0.9, -3.2, 20.7, -7.224e-03, 9.999e-04, -5.004e-04, 4648
+1.0, -3.3, 21.4, -7.466e-03, 1.036e-03, -5.329e-04, 5129
+1.0, -3.4, 22.0, -7.688e-03, 1.066e-03, -5.641e-04, 4315
+1.1, -3.5, 22.6, -7.894e-03, 1.093e-03, -5.951e-04, 4241
+1.1, -3.6, 23.1, -8.081e-03, 1.117e-03, -6.256e-04, 1259
+1.2, -3.7, 23.6, -8.258e-03, 1.141e-03, -6.570e-04, 2056
+1.2, -3.9, 24.1, -8.421e-03, 1.177e-03, -6.861e-04, 1259
+1.3, -4.0, 24.6, -8.572e-03, 1.212e-03, -7.157e-04, 1278
+1.3, -4.1, 25.0, -8.710e-03, 1.244e-03, -7.453e-04, 2722
+1.3, -4.2, 25.3, -8.836e-03, 1.269e-03, -7.730e-04, 1611
+1.4, -4.3, 25.7, -8.953e-03, 1.294e-03, -8.013e-04, 1259
+1.4, -4.4, 26.0, -9.080e-03, 1.317e-03, -8.301e-04, 1278
+1.5, -4.5, 26.4, -9.197e-03, 1.338e-03, -8.591e-04, 1277
+1.5, -4.6, 26.7, -9.306e-03, 1.354e-03, -8.864e-04, 1259
+1.6, -4.7, 27.0, -9.404e-03, 1.371e-03, -9.147e-04, 1278
+1.6, -4.7, 27.2, -9.493e-03, 1.385e-03, -9.432e-04, 1259
+1.7, -4.7, 27.4, -9.561e-03, 1.364e-03, -9.707e-04, 1333
+1.8, -4.7, 27.6, -9.622e-03, 1.345e-03, -9.993e-04, 1278
+1.9, -4.7, 27.8, -9.680e-03, 1.324e-03, -1.027e-03, 1277
+2.0, -4.7, 27.9, -9.732e-03, 1.306e-03, -1.057e-03, 1259
+2.1, -4.7, 28.1, -9.783e-03, 1.290e-03, -1.087e-03, 1278
+2.2, -4.8, 28.2, -9.825e-03, 1.313e-03, -1.118e-03, 1260
+2.2, -4.9, 28.3, -9.864e-03, 1.332e-03, -1.147e-03, 1259
+2.3, -5.0, 28.4, -9.901e-03, 1.348e-03, -1.176e-03, 1277
+2.3, -5.1, 28.5, -9.934e-03, 1.363e-03, -1.205e-03, 1259
+2.4, -5.2, 28.6, -9.969e-03, 1.378e-03, -1.234e-03, 1278
+2.5, -5.2, 28.6, -9.974e-03, 1.358e-03, -1.261e-03, 1278
+2.6, -5.2, 28.6, -9.981e-03, 1.339e-03, -1.289e-03, 1277
+2.7, -5.1, 28.7, -9.985e-03, 1.319e-03, -1.317e-03, 1278
+2.8, -5.1, 28.7, -9.987e-03, 1.299e-03, -1.345e-03, 1278
+2.9, -5.1, 28.7, -9.988e-03, 1.281e-03, -1.374e-03, 1278
+3.0, -5.1, 28.7, -1.000e-02, 1.262e-03, -1.403e-03, 1260
+3.1, -5.1, 28.7, -1.001e-02, 1.248e-03, -1.434e-03, 1259
+3.2, -5.2, 28.8, -1.002e-02, 1.231e-03, -1.465e-03, 1259
+3.3, -5.1, 28.8, -1.003e-02, 1.212e-03, -1.494e-03, 3611
+3.4, -5.2, 28.8, -1.003e-02, 1.196e-03, -1.526e-03, 1407
+3.5, -5.2, 28.8, -1.002e-02, 1.196e-03, -1.557e-03, 1389
+3.5, -5.3, 28.7, -1.002e-02, 1.197e-03, -1.588e-03, 1259
+3.6, -5.3, 28.7, -1.001e-02, 1.197e-03, -1.620e-03, 1259
+3.7, -5.3, 28.7, -1.000e-02, 1.196e-03, -1.651e-03, 1259
+3.8, -5.4, 28.7, -9.995e-03, 1.193e-03, -1.682e-03, 3204
+3.9, -5.4, 28.7, -9.994e-03, 1.181e-03, -1.714e-03, 1259
+4.0, -5.4, 28.7, -9.994e-03, 1.168e-03, -1.745e-03, 1815
+4.1, -5.4, 28.7, -9.993e-03, 1.155e-03, -1.777e-03, 4111
+4.2, -5.5, 28.7, -9.994e-03, 1.145e-03, -1.809e-03, 1259
+4.3, -5.5, 28.7, -9.992e-03, 1.135e-03, -1.843e-03, 1278
+4.4, -5.5, 28.7, -1.000e-02, 1.115e-03, -1.876e-03, 1574
+4.5, -5.5, 28.7, -1.001e-02, 1.095e-03, -1.910e-03, 1277
+4.6, -5.5, 28.7, -1.001e-02, 1.075e-03, -1.944e-03, 1259
+4.7, -5.5, 28.7, -1.002e-02, 1.057e-03, -1.979e-03, 1519
+4.8, -5.5, 28.8, -1.002e-02, 1.038e-03, -2.013e-03, 1278
+4.9, -5.5, 28.8, -1.002e-02, 1.021e-03, -2.047e-03, 1389
+5.1, -5.5, 28.7, -1.002e-02, 1.006e-03, -2.082e-03, 1314
+5.2, -5.5, 28.7, -1.002e-02, 9.901e-04, -2.118e-03, 4222
+5.3, -5.6, 28.7, -1.001e-02, 9.749e-04, -2.154e-03, 4129
+5.4, -5.6, 28.7, -1.001e-02, 9.595e-04, -2.190e-03, 4500
+5.5, -5.6, 28.7, -9.997e-03, 9.602e-04, -2.227e-03, 1445
+5.6, -5.7, 28.6, -9.989e-03, 9.585e-04, -2.263e-03, 1297
+5.7, -5.7, 28.6, -9.981e-03, 9.580e-04, -2.300e-03, 1277
+5.8, -5.8, 28.6, -9.972e-03, 9.552e-04, -2.336e-03, 1278
+5.9, -5.8, 28.6, -9.963e-03, 9.514e-04, -2.372e-03, 3352
+6.0, -5.8, 28.6, -9.973e-03, 9.328e-04, -2.409e-03, 1278
+6.1, -5.8, 28.6, -9.979e-03, 9.135e-04, -2.446e-03, 1259
+6.2, -5.8, 28.6, -9.984e-03, 8.957e-04, -2.484e-03, 1278
+10.6, 1.7, 30.1, -1.055e-02, -2.155e-03, -2.514e-03, 1296
+10.6, 1.0, 30.0, -1.050e-02, -1.942e-03, -2.627e-03, 1334
+10.5, 0.4, 29.8, -1.044e-02, -1.752e-03, -2.731e-03, 1630
+10.6, -0.2, 29.6, -1.039e-02, -1.580e-03, -2.831e-03, 1260
+10.6, -0.7, 29.5, -1.033e-02, -1.424e-03, -2.926e-03, 1259
+10.6, -1.2, 29.4, -1.029e-02, -1.282e-03, -3.018e-03, 1278
+10.6, -1.6, 29.3, -1.025e-02, -1.151e-03, -3.107e-03, 1296
+10.7, -2.1, 29.2, -1.022e-02, -1.031e-03, -3.193e-03, 1240
+10.8, -2.4, 29.1, -1.019e-02, -9.208e-04, -3.277e-03, 1259
+10.8, -2.8, 29.0, -1.016e-02, -8.206e-04, -3.359e-03, 1259
+10.9, -3.2, 28.9, -1.013e-02, -7.309e-04, -3.437e-03, 1260
+11.0, -3.5, 28.9, -1.011e-02, -6.473e-04, -3.515e-03, 1259
+11.1, -3.8, 28.8, -1.009e-02, -5.786e-04, -3.591e-03, 1407
+11.2, -4.0, 28.8, -1.008e-02, -5.186e-04, -3.665e-03, 1259
+11.3, -4.2, 28.8, -1.007e-02, -4.660e-04, -3.736e-03, 1259
+11.4, -4.5, 28.7, -1.005e-02, -4.191e-04, -3.806e-03, 1259
+11.5, -4.7, 28.7, -1.004e-02, -3.786e-04, -3.875e-03, 1277
+11.7, -4.8, 28.7, -1.003e-02, -3.428e-04, -3.943e-03, 1260
+11.8, -5.0, 28.6, -1.002e-02, -3.099e-04, -4.011e-03, 1259
+11.9, -5.2, 28.6, -1.001e-02, -2.811e-04, -4.078e-03, 1278
+12.1, -5.4, 28.6, -1.000e-02, -2.563e-04, -4.144e-03, 2092
+12.2, -5.5, 28.5, -9.992e-03, -2.360e-04, -4.209e-03, 1963
+12.3, -5.6, 28.6, -1.000e-02, -2.144e-04, -4.276e-03, 1408
+12.5, -5.8, 28.6, -1.001e-02, -1.935e-04, -4.343e-03, 1260
+12.6, -5.9, 28.6, -1.001e-02, -1.768e-04, -4.409e-03, 1241
+12.8, -6.1, 28.6, -1.002e-02, -1.631e-04, -4.474e-03, 1260
+20.6, 6.7, 33.1, -1.156e-02, -5.410e-03, -4.528e-03, 1259
+20.4, 5.5, 32.6, -1.141e-02, -5.035e-03, -4.715e-03, 1259
+20.3, 4.4, 32.2, -1.126e-02, -4.690e-03, -4.894e-03, 1259
+20.3, 3.4, 31.8, -1.113e-02, -4.374e-03, -5.065e-03, 1259
+20.3, 2.4, 31.5, -1.101e-02, -4.084e-03, -5.229e-03, 1278
+20.3, 1.5, 31.2, -1.089e-02, -3.819e-03, -5.386e-03, 1519
+20.3, 0.7, 30.9, -1.080e-02, -3.561e-03, -5.541e-03, 1482
+20.3, -0.1, 30.7, -1.071e-02, -3.326e-03, -5.689e-03, 1277
+20.3, -0.9, 30.4, -1.063e-02, -3.113e-03, -5.831e-03, 1259
+20.4, -1.5, 30.2, -1.056e-02, -2.918e-03, -5.968e-03, 1259
+20.5, -2.2, 30.1, -1.049e-02, -2.744e-03, -6.099e-03, 2777
+20.5, -2.8, 29.9, -1.043e-02, -2.571e-03, -6.226e-03, 1241
+20.6, -3.3, 29.7, -1.037e-02, -2.414e-03, -6.349e-03, 1278
+20.7, -3.9, 29.5, -1.031e-02, -2.274e-03, -6.467e-03, 1259
+20.9, -4.3, 29.4, -1.026e-02, -2.147e-03, -6.582e-03, 1241
+21.0, -4.8, 29.3, -1.021e-02, -2.032e-03, -6.693e-03, 1574
+21.2, -5.1, 29.2, -1.019e-02, -1.959e-03, -6.804e-03, 1481
+21.4, -5.5, 29.2, -1.018e-02, -1.894e-03, -6.914e-03, 1259
+21.6, -5.7, 29.1, -1.017e-02, -1.839e-03, -7.020e-03, 1296
+21.8, -6.0, 29.1, -1.015e-02, -1.790e-03, -7.126e-03, 1685
+22.0, -6.3, 29.0, -1.014e-02, -1.746e-03, -7.230e-03, 1259
+22.2, -6.5, 28.8, -1.009e-02, -1.701e-03, -7.326e-03, 1259
+22.4, -6.8, 28.7, -1.004e-02, -1.662e-03, -7.420e-03, 1259
+22.6, -7.0, 28.6, -9.995e-03, -1.628e-03, -7.514e-03, 1259
+22.7, -7.1, 27.9, -9.783e-03, -1.602e-03, -7.573e-03, 1259
+22.9, -7.3, 27.9, -9.761e-03, -1.577e-03, -7.664e-03, 1259
+23.1, -7.4, 27.8, -9.753e-03, -1.576e-03, -7.755e-03, 1315
+23.4, -7.6, 27.8, -9.748e-03, -1.578e-03, -7.845e-03, 1259
+23.6, -7.7, 27.7, -9.741e-03, -1.582e-03, -7.937e-03, 1259
+23.9, -7.8, 27.7, -9.737e-03, -1.585e-03, -8.028e-03, 1260
+24.0, -7.9, 27.2, -9.559e-03, -1.593e-03, -8.089e-03, 3592
+24.3, -8.0, 27.1, -9.549e-03, -1.576e-03, -8.179e-03, 1555
+24.5, -8.2, 27.1, -9.537e-03, -1.565e-03, -8.268e-03, 4148
+24.7, -8.3, 27.0, -9.529e-03, -1.556e-03, -8.356e-03, 2185
+24.9, -8.4, 26.5, -9.348e-03, -1.548e-03, -8.415e-03, 1260
+25.1, -8.5, 26.5, -9.356e-03, -1.544e-03, -8.503e-03, 1407
+25.4, -8.6, 26.6, -9.394e-03, -1.574e-03, -8.594e-03, 1297
+25.7, -8.6, 26.6, -9.429e-03, -1.608e-03, -8.685e-03, 1260
+25.9, -8.7, 26.7, -9.460e-03, -1.639e-03, -8.778e-03, 1278
+26.2, -8.7, 26.7, -9.489e-03, -1.670e-03, -8.871e-03, 1259
+26.5, -8.8, 26.8, -9.516e-03, -1.701e-03, -8.964e-03, 1259
+26.8, -8.8, 26.8, -9.526e-03, -1.734e-03, -9.056e-03, 1777
+27.1, -8.8, 26.8, -9.537e-03, -1.766e-03, -9.147e-03, 1259
+27.4, -8.9, 26.7, -9.544e-03, -1.800e-03, -9.239e-03, 1278
+27.7, -8.9, 26.7, -9.551e-03, -1.833e-03, -9.332e-03, 1926
+28.0, -9.0, 26.7, -9.555e-03, -1.866e-03, -9.426e-03, 1278
+28.2, -9.1, 26.2, -9.387e-03, -1.852e-03, -9.492e-03, 1797
+28.4, -9.2, 26.2, -9.405e-03, -1.839e-03, -9.589e-03, 1296
+28.7, -9.4, 26.2, -9.422e-03, -1.830e-03, -9.686e-03, 1260
+28.9, -9.5, 26.2, -9.438e-03, -1.825e-03, -9.782e-03, 1407
+29.2, -9.7, 26.3, -9.451e-03, -1.823e-03, -9.878e-03, 1277
+29.4, -9.8, 26.2, -9.454e-03, -1.819e-03, -9.972e-03, 1259
+29.7, -9.9, 26.2, -9.457e-03, -1.817e-03, -1.007e-02, 1260
+29.9, -10.1, 26.2, -9.461e-03, -1.816e-03, -1.016e-02, 1278
+30.2, -10.2, 26.1, -9.464e-03, -1.819e-03, -1.026e-02, 1277
+30.4, -10.3, 26.1, -9.466e-03, -1.822e-03, -1.035e-02, 1278
+30.8, -10.3, 26.1, -9.493e-03, -1.865e-03, -1.045e-02, 1277
+31.1, -10.3, 26.1, -9.518e-03, -1.909e-03, -1.054e-02, 1278
+31.4, -10.4, 26.2, -9.542e-03, -1.951e-03, -1.064e-02, 1278
+31.7, -10.4, 26.2, -9.565e-03, -1.992e-03, -1.074e-02, 1408
+32.0, -10.4, 26.2, -9.587e-03, -2.032e-03, -1.084e-02, 1278
+32.3, -10.5, 26.2, -9.603e-03, -2.046e-03, -1.094e-02, 1314
+32.6, -10.6, 26.2, -9.620e-03, -2.058e-03, -1.104e-02, 1259
+32.9, -10.7, 26.2, -9.633e-03, -2.074e-03, -1.115e-02, 1278
+33.3, -10.8, 26.2, -9.644e-03, -2.092e-03, -1.125e-02, 1259
+33.6, -10.9, 26.2, -9.656e-03, -2.110e-03, -1.135e-02, 1537
+33.9, -11.0, 26.1, -9.663e-03, -2.131e-03, -1.145e-02, 1259
+34.2, -11.0, 26.1, -9.667e-03, -2.154e-03, -1.155e-02, 2667
+34.5, -11.1, 26.0, -9.670e-03, -2.178e-03, -1.166e-02, 2777
+34.8, -11.2, 26.0, -9.676e-03, -2.202e-03, -1.176e-02, 1277
+35.1, -11.3, 26.0, -9.680e-03, -2.228e-03, -1.186e-02, 3963
+35.4, -11.3, 25.9, -9.682e-03, -2.266e-03, -1.196e-02, 1296
+35.8, -11.3, 25.9, -9.684e-03, -2.307e-03, -1.207e-02, 1888
+36.1, -11.3, 25.8, -9.687e-03, -2.349e-03, -1.217e-02, 1278
+36.4, -11.4, 25.8, -9.689e-03, -2.387e-03, -1.227e-02, 1278
+36.8, -11.4, 25.7, -9.690e-03, -2.426e-03, -1.238e-02, 1259
+37.1, -11.4, 25.6, -9.681e-03, -2.467e-03, -1.248e-02, 1537
+37.5, -11.5, 25.5, -9.674e-03, -2.506e-03, -1.258e-02, 118718
+37.8, -11.5, 25.5, -9.667e-03, -2.544e-03, -1.269e-02, 1759
+38.1, -11.5, 25.4, -9.660e-03, -2.582e-03, -1.279e-02, 1278
+38.5, -11.6, 25.3, -9.655e-03, -2.620e-03, -1.290e-02, 1278
+38.8, -11.7, 25.3, -9.667e-03, -2.641e-03, -1.301e-02, 1278
+39.2, -11.8, 25.2, -9.676e-03, -2.665e-03, -1.313e-02, 2482
+39.5, -11.8, 25.2, -9.686e-03, -2.690e-03, -1.324e-02, 1389
+39.8, -11.9, 25.2, -9.695e-03, -2.713e-03, -1.335e-02, 1315
+40.2, -12.0, 25.1, -9.705e-03, -2.739e-03, -1.346e-02, 1277
+40.6, -12.0, 25.1, -9.699e-03, -2.792e-03, -1.357e-02, 1277
+40.9, -12.0, 25.0, -9.692e-03, -2.844e-03, -1.368e-02, 1778
+41.3, -12.0, 24.9, -9.685e-03, -2.895e-03, -1.379e-02, 3389
+41.7, -12.0, 24.8, -9.678e-03, -2.944e-03, -1.390e-02, 1556
+42.0, -12.0, 24.7, -9.673e-03, -2.991e-03, -1.401e-02, 3574
+42.4, -12.1, 24.5, -9.639e-03, -3.024e-03, -1.412e-02, 1277
+42.7, -12.1, 24.4, -9.609e-03, -3.058e-03, -1.422e-02, 1241
+43.1, -12.2, 24.2, -9.580e-03, -3.093e-03, -1.433e-02, 1685
+43.4, -12.2, 24.1, -9.552e-03, -3.126e-03, -1.444e-02, 2648
+43.8, -12.2, 24.0, -9.528e-03, -3.161e-03, -1.455e-02, 1259
+44.1, -12.3, 23.8, -9.514e-03, -3.199e-03, -1.466e-02, 1260
+44.5, -12.3, 23.7, -9.499e-03, -3.235e-03, -1.477e-02, 2074
+44.8, -12.4, 23.6, -9.488e-03, -3.270e-03, -1.488e-02, 1277
+45.2, -12.4, 23.5, -9.478e-03, -3.306e-03, -1.499e-02, 4593
+45.6, -12.4, 23.4, -9.467e-03, -3.344e-03, -1.511e-02, 2833
+45.9, -12.5, 23.4, -9.469e-03, -3.366e-03, -1.522e-02, 1297
+46.3, -12.6, 23.3, -9.472e-03, -3.392e-03, -1.534e-02, 1333
+46.7, -12.7, 23.2, -9.473e-03, -3.417e-03, -1.546e-02, 2760
+47.0, -12.7, 23.2, -9.476e-03, -3.443e-03, -1.558e-02, 3500
+47.4, -12.8, 23.1, -9.476e-03, -3.471e-03, -1.570e-02, 1425
+47.8, -12.8, 23.0, -9.459e-03, -3.510e-03, -1.581e-02, 1296
+48.1, -12.9, 22.9, -9.447e-03, -3.550e-03, -1.592e-02, 1518
+48.5, -12.9, 22.8, -9.433e-03, -3.589e-03, -1.604e-02, 1314
+48.9, -12.9, 22.6, -9.421e-03, -3.628e-03, -1.615e-02, 1278
+49.3, -13.0, 22.5, -9.409e-03, -3.667e-03, -1.627e-02, 1296
+49.6, -13.0, 22.5, -9.429e-03, -3.701e-03, -1.639e-02, 1297
+50.0, -13.0, 22.5, -9.447e-03, -3.737e-03, -1.651e-02, 1315
+50.4, -13.1, 22.5, -9.464e-03, -3.773e-03, -1.664e-02, 1259
+50.8, -13.1, 22.4, -9.480e-03, -3.808e-03, -1.676e-02, 1260
+51.2, -13.2, 22.4, -9.493e-03, -3.844e-03, -1.689e-02, 1278
+51.7, -13.2, 22.4, -9.518e-03, -3.898e-03, -1.701e-02, 1278
+52.1, -13.2, 22.3, -9.542e-03, -3.951e-03, -1.714e-02, 1259
+52.5, -13.2, 22.3, -9.563e-03, -4.003e-03, -1.727e-02, 2833
+52.9, -13.2, 22.3, -9.582e-03, -4.055e-03, -1.739e-02, 3296
+53.4, -13.2, 22.2, -9.599e-03, -4.106e-03, -1.752e-02, 1259
+53.8, -13.3, 22.2, -9.616e-03, -4.134e-03, -1.766e-02, 1259
+54.2, -13.3, 22.2, -9.633e-03, -4.162e-03, -1.779e-02, 1260
+54.6, -13.4, 22.1, -9.646e-03, -4.195e-03, -1.792e-02, 1259
+55.0, -13.5, 22.1, -9.659e-03, -4.226e-03, -1.806e-02, 1278
+55.5, -13.5, 22.0, -9.672e-03, -4.260e-03, -1.819e-02, 1259
+55.9, -13.6, 21.9, -9.680e-03, -4.290e-03, -1.833e-02, 1445
+56.3, -13.7, 21.9, -9.688e-03, -4.320e-03, -1.846e-02, 1481
+56.7, -13.7, 21.8, -9.696e-03, -4.351e-03, -1.860e-02, 2852
+57.2, -13.8, 21.7, -9.702e-03, -4.385e-03, -1.873e-02, 1389
+57.6, -13.9, 21.6, -9.708e-03, -4.417e-03, -1.887e-02, 3740
+58.0, -13.9, 21.5, -9.702e-03, -4.447e-03, -1.900e-02, 1278
+58.4, -14.0, 21.4, -9.696e-03, -4.477e-03, -1.914e-02, 1260
+58.9, -14.1, 21.3, -9.689e-03, -4.509e-03, -1.927e-02, 1389
+59.3, -14.1, 21.2, -9.684e-03, -4.544e-03, -1.940e-02, 1519
+59.7, -14.2, 21.1, -9.680e-03, -4.578e-03, -1.954e-02, 1259
+60.2, -14.2, 21.0, -9.685e-03, -4.620e-03, -1.967e-02, 1408
+60.6, -14.2, 20.9, -9.687e-03, -4.663e-03, -1.981e-02, 1370
+61.1, -14.2, 20.8, -9.692e-03, -4.705e-03, -1.994e-02, 1259
+61.5, -14.3, 20.7, -9.697e-03, -4.750e-03, -2.008e-02, 1388
+61.9, -14.3, 20.6, -9.701e-03, -4.793e-03, -2.021e-02, 1407
+62.4, -14.3, 20.5, -9.699e-03, -4.838e-03, -2.035e-02, 1388
+62.8, -14.3, 20.4, -9.697e-03, -4.884e-03, -2.048e-02, 1407
+63.3, -14.4, 20.3, -9.694e-03, -4.930e-03, -2.062e-02, 1259
+63.7, -14.4, 20.2, -9.692e-03, -4.976e-03, -2.075e-02, 2741
+64.2, -14.4, 20.1, -9.692e-03, -5.022e-03, -2.089e-02, 1260
+64.6, -14.4, 20.0, -9.684e-03, -5.074e-03, -2.102e-02, 1260
+65.1, -14.4, 19.9, -9.676e-03, -5.124e-03, -2.115e-02, 1741
+65.5, -14.4, 19.7, -9.667e-03, -5.175e-03, -2.128e-02, 1260
+65.9, -14.4, 19.6, -9.660e-03, -5.226e-03, -2.142e-02, 1277
+66.4, -14.4, 19.5, -9.653e-03, -5.276e-03, -2.155e-02, 1278
+66.8, -14.4, 19.3, -9.632e-03, -5.319e-03, -2.168e-02, 3574
+67.3, -14.4, 19.2, -9.613e-03, -5.361e-03, -2.182e-02, 1259
+67.7, -14.4, 19.0, -9.596e-03, -5.404e-03, -2.195e-02, 1278
+68.2, -14.4, 18.9, -9.579e-03, -5.448e-03, -2.208e-02, 1241
+68.6, -14.4, 18.7, -9.566e-03, -5.491e-03, -2.221e-02, 3666
+69.0, -14.5, 18.6, -9.535e-03, -5.532e-03, -2.234e-02, 2759
+69.5, -14.5, 18.4, -9.508e-03, -5.573e-03, -2.247e-02, 1334
+69.9, -14.5, 18.2, -9.483e-03, -5.612e-03, -2.260e-02, 1278
+70.3, -14.5, 18.0, -9.456e-03, -5.653e-03, -2.273e-02, 1277
+57.7, -32.2, 49.8, -1.895e-02, 2.009e-03, -2.279e-02, 1278
+59.1, -31.1, 47.1, -1.824e-02, 1.445e-03, -2.276e-02, 1518
+60.4, -30.0, 44.6, -1.759e-02, 9.130e-04, -2.275e-02, 1277
+61.5, -29.0, 42.3, -1.697e-02, 4.116e-04, -2.275e-02, 1407
+62.6, -28.0, 40.2, -1.641e-02, -6.040e-05, -2.276e-02, 1259
+63.5, -27.1, 38.2, -1.588e-02, -5.053e-04, -2.277e-02, 4166
+22.8, -37.9, 107.5, -3.310e-02, 1.352e-02, -2.266e-02, 2741
+25.8, -38.1, 101.8, -3.176e-02, 1.270e-02, -2.253e-02, 1481
+28.7, -38.2, 96.2, -3.044e-02, 1.188e-02, -2.241e-02, 1518
+31.7, -38.0, 90.8, -2.916e-02, 1.108e-02, -2.230e-02, 1277
-4.8, -7.9, 168.5, -5.345e-02, 3.026e-02, -2.198e-02, 1278
-4.7, -8.4, 165.6, -5.243e-02, 3.006e-02, -2.197e-02, 1259
-4.5, -8.9, 162.6, -5.135e-02, 2.986e-02, -2.196e-02, 1278
-4.3, -9.5, 159.4, -5.022e-02, 2.964e-02, -2.194e-02, 1278
-4.1, -10.0, 155.9, -4.903e-02, 2.941e-02, -2.193e-02, 1426
-3.7, -10.6, 152.4, -4.778e-02, 2.916e-02, -2.191e-02, 1277
-3.4, -11.3, 148.7, -4.650e-02, 2.890e-02, -2.190e-02, 1408
-2.9, -11.9, 144.8, -4.517e-02, 2.863e-02, -2.188e-02, 1482
-2.4, -12.5, 140.9, -4.380e-02, 2.834e-02, -2.187e-02, 1241
-1.9, -13.1, 136.7, -4.239e-02, 2.804e-02, -2.185e-02, 1611
-1.2, -13.7, 132.5, -4.094e-02, 2.773e-02, -2.183e-02, 1278
-0.5, -14.2, 128.2, -3.947e-02, 2.741e-02, -2.182e-02, 1259
+0.2, -14.8, 123.7, -3.799e-02, 2.708e-02, -2.180e-02, 1278
+1.1, -15.2, 119.3, -3.648e-02, 2.675e-02, -2.179e-02, 1315
+1.9, -15.7, 114.8, -3.498e-02, 2.641e-02, -2.178e-02, 1277
+2.8, -16.0, 110.3, -3.349e-02, 2.607e-02, -2.177e-02, 1277
+3.8, -16.3, 105.8, -3.200e-02, 2.572e-02, -2.177e-02, 1574
+4.7, -16.6, 101.4, -3.054e-02, 2.538e-02, -2.176e-02, 1481
+5.7, -16.7, 97.0, -2.911e-02, 2.504e-02, -2.176e-02, 1259
+6.7, -16.8, 92.8, -2.772e-02, 2.470e-02, -2.176e-02, 1260
+7.6, -16.9, 88.7, -2.637e-02, 2.437e-02, -2.176e-02, 1259
+8.6, -16.8, 84.8, -2.509e-02, 2.403e-02, -2.175e-02, 3426
+9.6, -16.7, 81.0, -2.386e-02, 2.371e-02, -2.173e-02, 1259
+10.5, -16.5, 77.4, -2.268e-02, 2.339e-02, -2.172e-02, 1388
+11.3, -16.3, 74.0, -2.156e-02, 2.308e-02, -2.171e-02, 2870
+12.1, -16.1, 70.7, -2.050e-02, 2.279e-02, -2.171e-02, 1259
+12.9, -15.9, 67.7, -1.951e-02, 2.252e-02, -2.172e-02, 1389
+13.6, -15.6, 64.8, -1.857e-02, 2.226e-02, -2.174e-02, 1352
+14.3, -15.4, 62.2, -1.769e-02, 2.201e-02, -2.175e-02, 1389
+14.9, -15.2, 59.6, -1.687e-02, 2.177e-02, -2.177e-02, 1222
+15.5, -14.9, 57.3, -1.610e-02, 2.154e-02, -2.180e-02, 1389
+16.1, -14.6, 55.1, -1.538e-02, 2.130e-02, -2.181e-02, 1314
+16.7, -14.3, 53.0, -1.470e-02, 2.107e-02, -2.183e-02, 2278
+17.2, -14.0, 51.1, -1.407e-02, 2.085e-02, -2.185e-02, 1277
+17.7, -13.7, 49.3, -1.349e-02, 2.065e-02, -2.187e-02, 1259
+18.2, -13.4, 47.7, -1.295e-02, 2.045e-02, -2.190e-02, 1259
+18.7, -13.1, 46.0, -1.241e-02, 2.025e-02, -2.193e-02, 1278
+19.2, -12.8, 44.5, -1.191e-02, 2.007e-02, -2.196e-02, 1259
+19.6, -12.6, 43.1, -1.145e-02, 1.989e-02, -2.199e-02, 1278
+20.0, -12.3, 41.8, -1.102e-02, 1.972e-02, -2.202e-02, 1241
+20.4, -12.1, 40.6, -1.063e-02, 1.956e-02, -2.206e-02, 1259
+20.7, -12.0, 39.5, -1.028e-02, 1.945e-02, -2.212e-02, 3481
+21.1, -11.9, 38.6, -9.961e-03, 1.934e-02, -2.217e-02, 1260
+21.4, -11.8, 37.6, -9.662e-03, 1.924e-02, -2.223e-02, 1259
+21.7, -11.7, 36.8, -9.391e-03, 1.914e-02, -2.229e-02, 1407
+22.0, -11.6, 36.0, -9.137e-03, 1.904e-02, -2.235e-02, 1278
+22.4, -11.5, 35.3, -8.912e-03, 1.893e-02, -2.241e-02, 3055
+22.7, -11.4, 34.7, -8.704e-03, 1.883e-02, -2.247e-02, 3741
+23.0, -11.3, 34.1, -8.512e-03, 1.873e-02, -2.253e-02, 1241
+23.3, -11.2, 33.5, -8.334e-03, 1.863e-02, -2.259e-02, 1259
+23.6, -11.1, 33.0, -8.169e-03, 1.854e-02, -2.266e-02, 1278
+23.9, -11.0, 32.5, -8.020e-03, 1.847e-02, -2.272e-02, 1259
+24.2, -11.0, 32.0, -7.879e-03, 1.839e-02, -2.279e-02, 1259
+24.5, -11.0, 31.6, -7.749e-03, 1.832e-02, -2.286e-02, 1277
+24.8, -10.9, 31.2, -7.629e-03, 1.825e-02, -2.293e-02, 1278
+25.1, -10.9, 30.9, -7.522e-03, 1.818e-02, -2.300e-02, 1278
+25.4, -10.9, 30.5, -7.409e-03, 1.811e-02, -2.308e-02, 1277
+25.7, -10.8, 30.1, -7.304e-03, 1.804e-02, -2.315e-02, 1352
+26.0, -10.8, 29.8, -7.206e-03, 1.798e-02, -2.322e-02, 1278
+26.3, -10.8, 29.5, -7.116e-03, 1.791e-02, -2.329e-02, 1259
+26.6, -10.8, 29.2, -7.037e-03, 1.785e-02, -2.337e-02, 2019
+26.9, -10.8, 29.0, -6.961e-03, 1.780e-02, -2.344e-02, 1259
+27.2, -10.8, 28.7, -6.890e-03, 1.774e-02, -2.352e-02, 4148
+27.4, -10.8, 28.5, -6.827e-03, 1.768e-02, -2.360e-02, 4296
+27.7, -10.8, 28.3, -6.767e-03, 1.763e-02, -2.368e-02, 1259
+28.0, -10.8, 28.0, -6.713e-03, 1.757e-02, -2.376e-02, 1278
+28.3, -10.8, 28.0, -6.720e-03, 1.752e-02, -2.384e-02, 1259
+28.7, -10.8, 28.0, -6.725e-03, 1.746e-02, -2.393e-02, 1259
+29.0, -10.8, 27.9, -6.732e-03, 1.741e-02, -2.402e-02, 1259
+29.3, -10.9, 27.9, -6.737e-03, 1.736e-02, -2.411e-02, 1259
+29.6, -10.9, 27.9, -6.742e-03, 1.731e-02, -2.421e-02, 1277
+29.9, -11.0, 27.7, -6.718e-03, 1.728e-02, -2.430e-02, 1278
+30.2, -11.0, 27.6, -6.697e-03, 1.724e-02, -2.439e-02, 1259
+30.5, -11.1, 27.5, -6.679e-03, 1.721e-02, -2.448e-02, 1259
+30.8, -11.2, 27.4, -6.662e-03, 1.718e-02, -2.457e-02, 3241
+31.1, -11.2, 27.3, -6.648e-03, 1.714e-02, -2.467e-02, 1259
+31.5, -11.2, 27.3, -6.643e-03, 1.707e-02, -2.476e-02, 2259
+31.8, -11.2, 27.2, -6.638e-03, 1.701e-02, -2.485e-02, 1500
+32.1, -11.2, 27.1, -6.632e-03, 1.694e-02, -2.494e-02, 1259
+32.5, -11.2, 27.0, -6.630e-03, 1.687e-02, -2.503e-02, 1260
+32.8, -11.2, 27.0, -6.626e-03, 1.681e-02, -2.513e-02, 1260
+33.2, -11.2, 26.9, -6.624e-03, 1.677e-02, -2.523e-02, 3778
+33.5, -11.3, 26.8, -6.622e-03, 1.673e-02, -2.533e-02, 1259
+33.8, -11.3, 26.8, -6.620e-03, 1.669e-02, -2.543e-02, 1277
+34.2, -11.4, 26.7, -6.621e-03, 1.665e-02, -2.553e-02, 1241
+34.5, -11.5, 26.7, -6.622e-03, 1.661e-02, -2.563e-02, 1259
+34.8, -11.5, 26.5, -6.577e-03, 1.657e-02, -2.572e-02, 1408
+35.1, -11.6, 26.3, -6.533e-03, 1.653e-02, -2.582e-02, 1574
+35.4, -11.6, 26.1, -6.495e-03, 1.649e-02, -2.591e-02, 1389
+35.7, -11.7, 26.0, -6.462e-03, 1.646e-02, -2.601e-02, 1241
+36.1, -11.7, 25.8, -6.430e-03, 1.641e-02, -2.610e-02, 1260
+36.4, -11.8, 25.7, -6.423e-03, 1.638e-02, -2.620e-02, 1260
+36.7, -11.8, 25.6, -6.417e-03, 1.634e-02, -2.630e-02, 1259
+37.1, -11.9, 25.6, -6.413e-03, 1.631e-02, -2.640e-02, 1278
+37.4, -12.0, 25.5, -6.407e-03, 1.627e-02, -2.651e-02, 1278
+37.7, -12.0, 25.4, -6.405e-03, 1.624e-02, -2.661e-02, 1259
+38.1, -12.0, 25.4, -6.408e-03, 1.618e-02, -2.671e-02, 1259
+38.5, -12.0, 25.3, -6.408e-03, 1.612e-02, -2.681e-02, 2259
+38.8, -12.1, 25.2, -6.410e-03, 1.606e-02, -2.691e-02, 1389
+39.2, -12.1, 25.1, -6.410e-03, 1.601e-02, -2.702e-02, 1259
+39.6, -12.1, 25.1, -6.411e-03, 1.595e-02, -2.712e-02, 1259
+39.9, -12.1, 24.9, -6.389e-03, 1.591e-02, -2.722e-02, 3222
+40.3, -12.2, 24.8, -6.366e-03, 1.587e-02, -2.733e-02, 1259
+40.6, -12.2, 24.7, -6.346e-03, 1.582e-02, -2.743e-02, 1259
+41.0, -12.3, 24.6, -6.326e-03, 1.578e-02, -2.753e-02, 1259
+41.3, -12.3, 24.4, -6.310e-03, 1.573e-02, -2.764e-02, 1260
+41.7, -12.4, 24.3, -6.285e-03, 1.570e-02, -2.774e-02, 1352
+42.0, -12.4, 24.2, -6.264e-03, 1.566e-02, -2.785e-02, 1482
+42.3, -12.5, 24.1, -6.245e-03, 1.563e-02, -2.795e-02, 1278
+42.7, -12.5, 23.9, -6.226e-03, 1.559e-02, -2.806e-02, 1259
+43.0, -12.6, 23.8, -6.209e-03, 1.555e-02, -2.816e-02, 1277
+43.4, -12.6, 23.8, -6.242e-03, 1.551e-02, -2.828e-02, 1259
+43.8, -12.7, 23.8, -6.275e-03, 1.546e-02, -2.839e-02, 1278
+44.2, -12.7, 23.8, -6.303e-03, 1.541e-02, -2.851e-02, 1259
+44.6, -12.8, 23.8, -6.328e-03, 1.536e-02, -2.862e-02, 1260
+45.0, -12.8, 23.8, -6.354e-03, 1.531e-02, -2.874e-02, 1278
+45.4, -12.8, 23.7, -6.352e-03, 1.525e-02, -2.885e-02, 1278
+45.8, -12.8, 23.6, -6.348e-03, 1.520e-02, -2.896e-02, 1389
+46.1, -12.8, 23.5, -6.348e-03, 1.514e-02, -2.907e-02, 1260
+46.5, -12.8, 23.5, -6.345e-03, 1.508e-02, -2.919e-02, 1259
+46.9, -12.8, 23.4, -6.343e-03, 1.502e-02, -2.930e-02, 1259
+47.3, -12.9, 23.3, -6.335e-03, 1.499e-02, -2.941e-02, 1259
+47.7, -12.9, 23.2, -6.327e-03, 1.495e-02, -2.953e-02, 1296
+48.1, -13.0, 23.1, -6.321e-03, 1.490e-02, -2.965e-02, 1278
+48.5, -13.0, 23.0, -6.315e-03, 1.486e-02, -2.976e-02, 2296
+48.8, -13.1, 22.9, -6.309e-03, 1.482e-02, -2.988e-02, 1408
+49.2, -13.2, 22.7, -6.289e-03, 1.480e-02, -2.999e-02, 1259
+49.6, -13.3, 22.6, -6.268e-03, 1.477e-02, -3.011e-02, 1482
+50.0, -13.4, 22.4, -6.251e-03, 1.474e-02, -3.023e-02, 1278
+50.3, -13.4, 22.3, -6.237e-03, 1.471e-02, -3.034e-02, 4111
+50.7, -13.5, 22.2, -6.222e-03, 1.468e-02, -3.046e-02, 2741
+51.1, -13.6, 22.1, -6.202e-03, 1.465e-02, -3.057e-02, 1315
+51.5, -13.7, 21.9, -6.187e-03, 1.462e-02, -3.069e-02, 1370
+51.8, -13.7, 21.8, -6.171e-03, 1.459e-02, -3.080e-02, 1259
+52.2, -13.8, 21.7, -6.158e-03, 1.456e-02, -3.092e-02, 1259
+33.2, -20.6, -67.3, 3.725e-02, 1.411e-02, -2.083e-02, 1259
+32.3, -20.2, -62.6, 3.572e-02, 1.378e-02, -2.080e-02, 1333
+31.4, -19.8, -58.0, 3.418e-02, 1.346e-02, -2.078e-02, 1333
+30.6, -19.4, -53.4, 3.264e-02, 1.314e-02, -2.076e-02, 1278
+29.9, -18.9, -48.8, 3.113e-02, 1.285e-02, -2.074e-02, 1259
+29.3, -18.3, -44.4, 2.964e-02, 1.256e-02, -2.073e-02, 1296
+28.7, -17.8, -40.1, 2.816e-02, 1.229e-02, -2.072e-02, 3185
+28.3, -17.2, -35.8, 2.673e-02, 1.203e-02, -2.072e-02, 1704
+27.9, -16.6, -31.8, 2.534e-02, 1.179e-02, -2.073e-02, 1241
+27.6, -16.0, -27.9, 2.400e-02, 1.156e-02, -2.073e-02, 1260
+27.4, -15.5, -24.2, 2.271e-02, 1.135e-02, -2.075e-02, 1278
+27.3, -15.0, -20.7, 2.148e-02, 1.117e-02, -2.075e-02, 1259
+27.2, -14.5, -17.3, 2.030e-02, 1.100e-02, -2.077e-02, 1833
+27.1, -14.1, -14.1, 1.919e-02, 1.085e-02, -2.079e-02, 1259
+27.2, -13.7, -11.2, 1.815e-02, 1.071e-02, -2.081e-02, 1241
+27.2, -13.3, -8.4, 1.717e-02, 1.058e-02, -2.084e-02, 1259
+27.3, -13.0, -5.8, 1.625e-02, 1.045e-02, -2.088e-02, 1259
+27.4, -12.6, -3.4, 1.539e-02, 1.034e-02, -2.092e-02, 1259
+27.6, -12.3, -1.2, 1.459e-02, 1.023e-02, -2.097e-02, 1592
+27.8, -12.1, 0.9, 1.385e-02, 1.014e-02, -2.102e-02, 1259
+27.9, -11.8, 2.4, 1.331e-02, 1.005e-02, -2.105e-02, 1389
+28.1, -11.7, 4.2, 1.267e-02, 9.978e-03, -2.110e-02, 1278
+28.3, -11.5, 5.8, 1.208e-02, 9.914e-03, -2.116e-02, 1371
+28.5, -11.4, 7.3, 1.154e-02, 9.857e-03, -2.122e-02, 2556
+28.7, -11.3, 8.7, 1.103e-02, 9.802e-03, -2.128e-02, 1260
+28.9, -11.2, 10.0, 1.055e-02, 9.754e-03, -2.135e-02, 1278
+29.2, -11.1, 11.2, 1.011e-02, 9.698e-03, -2.142e-02, 3093
+29.5, -11.0, 12.3, 9.697e-03, 9.644e-03, -2.149e-02, 1260
+29.7, -10.9, 13.4, 9.315e-03, 9.595e-03, -2.157e-02, 1370
+30.0, -10.9, 14.3, 8.964e-03, 9.549e-03, -2.164e-02, 1240
+30.3, -10.8, 15.2, 8.637e-03, 9.505e-03, -2.172e-02, 1260
+30.6, -10.8, 16.0, 8.333e-03, 9.468e-03, -2.181e-02, 1333
+30.9, -10.8, 16.7, 8.051e-03, 9.434e-03, -2.189e-02, 1333
+31.1, -10.8, 17.4, 7.791e-03, 9.401e-03, -2.197e-02, 1278
+31.4, -10.8, 18.0, 7.551e-03, 9.368e-03, -2.206e-02, 1407
+31.7, -10.8, 18.6, 7.328e-03, 9.335e-03, -2.215e-02, 1277
+32.0, -10.8, 19.1, 7.115e-03, 9.292e-03, -2.224e-02, 1259
+32.3, -10.8, 19.6, 6.919e-03, 9.250e-03, -2.233e-02, 1259
+32.6, -10.7, 19.6, 6.913e-03, 9.207e-03, -2.239e-02, 1259
+32.9, -10.7, 20.0, 6.732e-03, 9.170e-03, -2.248e-02, 2648
+33.2, -10.8, 20.5, 6.563e-03, 9.131e-03, -2.258e-02, 1259
+33.5, -10.8, 20.8, 6.422e-03, 9.105e-03, -2.267e-02, 1315
+33.8, -10.8, 21.1, 6.292e-03, 9.078e-03, -2.276e-02, 1760
+34.1, -10.9, 21.4, 6.173e-03, 9.052e-03, -2.286e-02, 1241
+34.3, -10.9, 21.1, 6.235e-03, 9.023e-03, -2.292e-02, 1259
+34.7, -11.0, 21.4, 6.118e-03, 8.999e-03, -2.302e-02, 1259
+34.9, -11.1, 21.6, 6.028e-03, 8.990e-03, -2.311e-02, 1315
+35.2, -11.2, 21.8, 5.943e-03, 8.981e-03, -2.321e-02, 1278
+35.4, -11.2, 21.5, 6.038e-03, 8.968e-03, -2.327e-02, 1278
+35.7, -11.3, 21.6, 5.953e-03, 8.956e-03, -2.336e-02, 1259
+36.0, -11.4, 21.8, 5.874e-03, 8.941e-03, -2.346e-02, 1278
+36.3, -11.4, 22.0, 5.768e-03, 8.911e-03, -2.356e-02, 1277
+36.7, -11.5, 22.2, 5.671e-03, 8.881e-03, -2.366e-02, 1370
+37.0, -11.5, 22.4, 5.580e-03, 8.850e-03, -2.376e-02, 1389
+37.3, -11.6, 22.6, 5.497e-03, 8.817e-03, -2.386e-02, 1259
+37.7, -11.6, 22.7, 5.420e-03, 8.779e-03, -2.396e-02, 1259
+38.0, -11.6, 22.8, 5.346e-03, 8.743e-03, -2.407e-02, 1593
+38.4, -11.7, 23.0, 5.279e-03, 8.706e-03, -2.417e-02, 1296
+38.7, -11.7, 23.1, 5.217e-03, 8.667e-03, -2.428e-02, 1259
+39.1, -11.8, 23.2, 5.156e-03, 8.629e-03, -2.438e-02, 1259
+39.4, -11.8, 23.2, 5.103e-03, 8.593e-03, -2.449e-02, 1278
+39.8, -11.8, 23.3, 5.063e-03, 8.546e-03, -2.460e-02, 1370
+40.1, -11.8, 23.3, 5.026e-03, 8.499e-03, -2.470e-02, 4222
+40.5, -11.8, 23.3, 4.992e-03, 8.451e-03, -2.481e-02, 3907
+40.9, -11.9, 23.3, 4.959e-03, 8.405e-03, -2.491e-02, 2185
+41.2, -11.9, 23.3, 4.922e-03, 8.348e-03, -2.502e-02, 1241
+41.6, -11.9, 23.3, 4.890e-03, 8.292e-03, -2.513e-02, 3629
+42.0, -11.9, 23.3, 4.859e-03, 8.237e-03, -2.524e-02, 1278
+42.4, -11.9, 23.3, 4.830e-03, 8.182e-03, -2.535e-02, 1259
+42.8, -11.9, 23.3, 4.805e-03, 8.129e-03, -2.546e-02, 1259
+43.1, -11.9, 23.3, 4.791e-03, 8.081e-03, -2.557e-02, 1259
+43.5, -11.9, 23.2, 4.779e-03, 8.032e-03, -2.568e-02, 1240
+43.9, -12.0, 23.2, 4.766e-03, 7.984e-03, -2.579e-02, 1241
+44.3, -12.0, 23.1, 4.754e-03, 7.937e-03, -2.590e-02, 1333
+109.3, 72.9, 69.7, 5.042e-03, -3.495e-02, -2.046e-02, 1259
+98.5, 69.8, 58.2, 5.429e-03, -3.336e-02, -2.091e-02, 1203
+90.9, 66.0, 50.1, 5.816e-03, -3.178e-02, -2.138e-02, 1259
+85.6, 62.0, 44.2, 6.202e-03, -3.021e-02, -2.185e-02, 1259
+81.8, 57.8, 39.8, 6.586e-03, -2.865e-02, -2.233e-02, 1259
+79.0, 53.5, 36.4, 6.962e-03, -2.714e-02, -2.281e-02, 1259
+77.0, 49.2, 33.8, 7.328e-03, -2.565e-02, -2.330e-02, 1259
+75.6, 45.0, 31.7, 7.681e-03, -2.422e-02, -2.380e-02, 1260
+74.5, 40.9, 30.0, 8.024e-03, -2.285e-02, -2.428e-02, 1370
+73.7, 37.0, 28.5, 8.351e-03, -2.155e-02, -2.476e-02, 1259
+73.2, 33.3, 27.3, 8.663e-03, -2.031e-02, -2.522e-02, 1260
+72.7, 29.7, 26.2, 8.968e-03, -1.914e-02, -2.565e-02, 1241
+72.4, 26.4, 25.2, 9.257e-03, -1.804e-02, -2.606e-02, 3704
+72.2, 23.2, 24.4, 9.528e-03, -1.701e-02, -2.646e-02, 1259
+72.2, 20.3, 23.6, 9.781e-03, -1.605e-02, -2.685e-02, 1259
+72.2, 17.5, 22.9, 1.002e-02, -1.516e-02, -2.722e-02, 2556
+72.3, 14.9, 22.3, 1.023e-02, -1.433e-02, -2.758e-02, 1389
+72.4, 12.5, 21.7, 1.043e-02, -1.356e-02, -2.793e-02, 1315
+72.6, 10.2, 21.3, 1.061e-02, -1.286e-02, -2.826e-02, 1370
+72.8, 8.2, 20.8, 1.078e-02, -1.220e-02, -2.858e-02, 1407
+73.1, 6.3, 20.4, 1.093e-02, -1.160e-02, -2.889e-02, 1278
+73.4, 4.6, 20.0, 1.108e-02, -1.109e-02, -2.917e-02, 1241
+73.7, 3.0, 19.6, 1.121e-02, -1.061e-02, -2.944e-02, 1334
+74.0, 1.6, 19.2, 1.134e-02, -1.018e-02, -2.970e-02, 1278
+74.3, 0.3, 18.9, 1.145e-02, -9.790e-03, -2.995e-02, 1278
+74.7, -0.9, 18.6, 1.155e-02, -9.433e-03, -3.019e-02, 1278
+75.1, -1.9, 18.2, 1.165e-02, -9.116e-03, -3.042e-02, 1796
+75.4, -2.9, 18.0, 1.174e-02, -8.827e-03, -3.064e-02, 1574
+75.8, -3.8, 17.7, 1.183e-02, -8.567e-03, -3.085e-02, 1481
+76.2, -4.6, 17.4, 1.191e-02, -8.331e-03, -3.105e-02, 1277
+76.6, -5.4, 17.2, 1.198e-02, -8.118e-03, -3.125e-02, 1759
+77.1, -6.1, 17.0, 1.202e-02, -7.910e-03, -3.146e-02, 3463
+77.5, -6.8, 16.8, 1.205e-02, -7.721e-03, -3.166e-02, 1315
+78.0, -7.5, 16.7, 1.208e-02, -7.550e-03, -3.186e-02, 1260
+78.4, -8.1, 16.5, 1.211e-02, -7.397e-03, -3.206e-02, 1259
+78.9, -8.6, 16.3, 1.213e-02, -7.265e-03, -3.225e-02, 1241
+79.3, -9.1, 16.2, 1.215e-02, -7.133e-03, -3.244e-02, 1685
+79.8, -9.6, 16.1, 1.216e-02, -7.015e-03, -3.263e-02, 1278
+80.3, -10.0, 15.9, 1.217e-02, -6.912e-03, -3.281e-02, 1371
+80.7, -10.4, 15.8, 1.218e-02, -6.819e-03, -3.299e-02, 1277
+81.2, -10.8, 15.7, 1.218e-02, -6.740e-03, -3.317e-02, 1278
+81.7, -11.1, 15.5, 1.221e-02, -6.687e-03, -3.332e-02, 2148
+82.1, -11.3, 15.3, 1.224e-02, -6.642e-03, -3.348e-02, 2537
+82.5, -11.5, 15.1, 1.227e-02, -6.605e-03, -3.364e-02, 1259
+83.0, -11.7, 15.0, 1.229e-02, -6.573e-03, -3.379e-02, 1259
+83.4, -11.9, 14.8, 1.231e-02, -6.545e-03, -3.394e-02, 1259
+83.9, -12.1, 14.7, 1.232e-02, -6.523e-03, -3.409e-02, 1259
+84.4, -12.2, 14.6, 1.232e-02, -6.519e-03, -3.424e-02, 1333
+84.8, -12.3, 14.4, 1.232e-02, -6.516e-03, -3.439e-02, 1444
+85.3, -12.5, 14.3, 1.232e-02, -6.516e-03, -3.454e-02, 1260
+85.7, -12.6, 14.2, 1.232e-02, -6.521e-03, -3.468e-02, 1240
+86.2, -12.6, 14.1, 1.232e-02, -6.540e-03, -3.482e-02, 1240
+86.7, -12.6, 14.0, 1.232e-02, -6.562e-03, -3.496e-02, 3889
+87.1, -12.7, 13.9, 1.232e-02, -6.584e-03, -3.510e-02, 1259
+87.6, -12.7, 13.8, 1.231e-02, -6.609e-03, -3.524e-02, 1666
+88.0, -12.7, 13.6, 1.231e-02, -6.634e-03, -3.538e-02, 1259
+88.5, -12.8, 13.5, 1.231e-02, -6.644e-03, -3.552e-02, 4055
+88.9, -12.9, 13.4, 1.230e-02, -6.656e-03, -3.567e-02, 4741
+89.4, -12.9, 13.3, 1.229e-02, -6.670e-03, -3.581e-02, 1629
+89.9, -13.0, 13.2, 1.228e-02, -6.687e-03, -3.595e-02, 1259
+90.3, -13.0, 13.1, 1.228e-02, -6.703e-03, -3.609e-02, 1241
+90.8, -13.0, 13.1, 1.225e-02, -6.752e-03, -3.623e-02, 1296
+91.3, -13.0, 13.1, 1.222e-02, -6.797e-03, -3.637e-02, 1260
+91.7, -12.9, 13.0, 1.220e-02, -6.842e-03, -3.650e-02, 1259
+92.2, -12.9, 12.9, 1.218e-02, -6.887e-03, -3.664e-02, 1278
+92.7, -12.9, 12.9, 1.216e-02, -6.932e-03, -3.678e-02, 2759
+93.1, -12.9, 12.7, 1.216e-02, -6.954e-03, -3.691e-02, 1259
+93.6, -12.9, 12.6, 1.217e-02, -6.976e-03, -3.705e-02, 1240
+94.0, -12.9, 12.5, 1.217e-02, -6.999e-03, -3.719e-02, 1351
+94.5, -13.0, 12.4, 1.217e-02, -7.023e-03, -3.732e-02, 1260
+94.9, -13.0, 12.3, 1.217e-02, -7.050e-03, -3.746e-02, 1259
+95.3, -13.0, 12.1, 1.218e-02, -7.079e-03, -3.759e-02, 1241
+95.8, -13.0, 12.0, 1.220e-02, -7.109e-03, -3.772e-02, 4611
+96.2, -13.0, 11.8, 1.221e-02, -7.141e-03, -3.785e-02, 3686
+96.7, -12.9, 11.7, 1.221e-02, -7.172e-03, -3.797e-02, 2056
+97.1, -12.9, 11.5, 1.222e-02, -7.204e-03, -3.810e-02, 1278
+97.6, -12.9, 11.5, 1.220e-02, -7.227e-03, -3.824e-02, 1241
+98.0, -13.0, 11.4, 1.217e-02, -7.250e-03, -3.838e-02, 1482
+98.5, -13.0, 11.4, 1.215e-02, -7.272e-03, -3.852e-02, 1352
+98.9, -13.0, 11.3, 1.213e-02, -7.295e-03, -3.866e-02, 1389
+99.4, -13.0, 11.3, 1.211e-02, -7.322e-03, -3.880e-02, 1297
+99.9, -13.0, 11.2, 1.207e-02, -7.357e-03, -3.894e-02, 1314
+100.3, -13.0, 11.2, 1.205e-02, -7.390e-03, -3.907e-02, 2833
+100.8, -13.0, 11.1, 1.202e-02, -7.425e-03, -3.921e-02, 3000
+101.2, -12.9, 11.1, 1.200e-02, -7.459e-03, -3.934e-02, 1259
+101.7, -12.9, 11.0, 1.198e-02, -7.494e-03, -3.948e-02, 1241
+102.1, -12.9, 10.9, 1.197e-02, -7.524e-03, -3.961e-02, 1259
+102.6, -12.9, 10.9, 1.196e-02, -7.554e-03, -3.975e-02, 1241
+103.0, -12.9, 10.8, 1.195e-02, -7.584e-03, -3.988e-02, 2000
+103.5, -12.9, 10.7, 1.194e-02, -7.618e-03, -4.001e-02, 1425
+103.9, -12.8, 10.6, 1.193e-02, -7.647e-03, -4.014e-02, 1278
+104.4, -12.9, 10.5, 1.192e-02, -7.654e-03, -4.029e-02, 1241
+104.9, -12.9, 10.4, 1.190e-02, -7.665e-03, -4.043e-02, 1259
+105.3, -13.0, 10.4, 1.189e-02, -7.676e-03, -4.057e-02, 1278
+105.8, -13.0, 10.3, 1.187e-02, -7.691e-03, -4.071e-02, 1389
+106.3, -13.0, 10.2, 1.186e-02, -7.708e-03, -4.085e-02, 1259
+106.7, -12.9, 10.1, 1.184e-02, -7.779e-03, -4.097e-02, 1260
+107.1, -12.8, 10.1, 1.181e-02, -7.846e-03, -4.109e-02, 1260
+107.5, -12.6, 10.1, 1.179e-02, -7.911e-03, -4.120e-02, 3648
+108.0, -12.5, 10.0, 1.177e-02, -7.973e-03, -4.132e-02, 1259
+108.4, -12.4, 10.0, 1.175e-02, -8.033e-03, -4.144e-02, 1278
+108.8, -12.4, 9.8, 1.175e-02, -8.058e-03, -4.157e-02, 1277
+109.2, -12.4, 9.7, 1.176e-02, -8.085e-03, -4.169e-02, 1278
+109.7, -12.4, 9.6, 1.176e-02, -8.112e-03, -4.182e-02, 1259
+110.1, -12.4, 9.5, 1.176e-02, -8.140e-03, -4.195e-02, 1278
+110.5, -12.3, 9.4, 1.176e-02, -8.169e-03, -4.207e-02, 1259
+111.0, -12.3, 9.3, 1.177e-02, -8.204e-03, -4.219e-02, 1482
+111.4, -12.3, 9.2, 1.177e-02, -8.237e-03, -4.231e-02, 1537
+111.8, -12.2, 9.1, 1.177e-02, -8.273e-03, -4.243e-02, 1352
+112.2, -12.2, 9.0, 1.177e-02, -8.308e-03, -4.255e-02, 1278
+112.6, -12.1, 8.9, 1.177e-02, -8.341e-03, -4.267e-02, 1259
+113.0, -12.0, 8.8, 1.176e-02, -8.390e-03, -4.278e-02, 1278
+113.4, -11.9, 8.7, 1.175e-02, -8.440e-03, -4.289e-02, 3074
+113.8, -11.9, 8.6, 1.175e-02, -8.486e-03, -4.300e-02, 1277
+114.2, -11.8, 8.5, 1.174e-02, -8.531e-03, -4.312e-02, 1278
+114.6, -11.7, 8.5, 1.173e-02, -8.576e-03, -4.323e-02, 3222
+115.0, -11.6, 8.3, 1.174e-02, -8.616e-03, -4.334e-02, 1408
+115.4, -11.6, 8.2, 1.175e-02, -8.657e-03, -4.345e-02, 1278
+115.7, -11.5, 8.1, 1.175e-02, -8.695e-03, -4.355e-02, 1630
+116.1, -11.4, 8.0, 1.176e-02, -8.733e-03, -4.366e-02, 1259
+116.5, -11.4, 7.9, 1.176e-02, -8.770e-03, -4.377e-02, 1259
+116.9, -11.3, 7.9, 1.173e-02, -8.804e-03, -4.389e-02, 1574
+117.3, -11.3, 7.9, 1.171e-02, -8.838e-03, -4.400e-02, 1334
+117.7, -11.2, 7.9, 1.168e-02, -8.875e-03, -4.412e-02, 3926
+118.1, -11.1, 7.8, 1.166e-02, -8.909e-03, -4.423e-02, 3518
+118.5, -11.1, 7.8, 1.164e-02, -8.942e-03, -4.434e-02, 4314
+118.9, -11.1, 7.7, 1.162e-02, -8.967e-03, -4.446e-02, 1259
+119.3, -11.0, 7.7, 1.161e-02, -8.991e-03, -4.457e-02, 1260
+119.7, -11.0, 7.6, 1.160e-02, -9.016e-03, -4.469e-02, 1574
+120.1, -11.0, 7.6, 1.158e-02, -9.044e-03, -4.480e-02, 1278
+120.5, -10.9, 7.6, 1.157e-02, -9.071e-03, -4.492e-02, 1259
+120.8, -10.8, 7.5, 1.156e-02, -9.119e-03, -4.502e-02, 1259
+121.2, -10.7, 7.4, 1.155e-02, -9.166e-03, -4.512e-02, 3740
+121.6, -10.6, 7.4, 1.154e-02, -9.210e-03, -4.522e-02, 1278
+121.9, -10.5, 7.3, 1.153e-02, -9.254e-03, -4.532e-02, 1259
+122.3, -10.4, 7.3, 1.152e-02, -9.296e-03, -4.542e-02, 1278
+122.6, -10.4, 7.1, 1.153e-02, -9.329e-03, -4.552e-02, 1407
+123.0, -10.3, 7.0, 1.154e-02, -9.364e-03, -4.562e-02, 1371
+123.3, -10.2, 6.9, 1.155e-02, -9.399e-03, -4.571e-02, 1537
+123.7, -10.2, 6.8, 1.156e-02, -9.432e-03, -4.581e-02, 1278
+124.0, -10.1, 6.7, 1.157e-02, -9.463e-03, -4.591e-02, 1260
+124.4, -10.1, 6.7, 1.155e-02, -9.474e-03, -4.602e-02, 1259
+124.8, -10.1, 6.7, 1.153e-02, -9.487e-03, -4.613e-02, 1260
+125.2, -10.1, 6.6, 1.152e-02, -9.501e-03, -4.624e-02, 1260
+125.5, -10.1, 6.6, 1.150e-02, -9.515e-03, -4.635e-02, 1815
+125.9, -10.1, 6.5, 1.149e-02, -9.533e-03, -4.646e-02, 1278
+126.3, -10.1, 6.5, 1.148e-02, -9.547e-03, -4.657e-02, 1259
+126.6, -10.1, 6.5, 1.146e-02, -9.567e-03, -4.667e-02, 1278
+127.0, -10.0, 6.4, 1.145e-02, -9.587e-03, -4.678e-02, 1593
+127.4, -10.0, 6.4, 1.143e-02, -9.607e-03, -4.688e-02, 3500
+127.7, -10.0, 6.3, 1.142e-02, -9.629e-03, -4.698e-02, 1259
+128.0, -9.8, 6.3, 1.141e-02, -9.684e-03, -4.707e-02, 1260
+128.4, -9.7, 6.3, 1.139e-02, -9.739e-03, -4.715e-02, 1278
+128.7, -9.6, 6.3, 1.137e-02, -9.789e-03, -4.724e-02, 1259
+126.1, -23.3, 16.4, 8.085e-03, -4.869e-03, -4.731e-02, 1260
+126.5, -22.2, 15.5, 8.346e-03, -5.279e-03, -4.730e-02, 1259
+105.8, -49.2, 49.3, 8.166e-04, 6.212e-03, -4.727e-02, 1278
+108.5, -47.0, 44.8, 1.685e-03, 5.219e-03, -4.713e-02, 1260
+110.8, -44.8, 40.8, 2.502e-03, 4.272e-03, -4.699e-02, 1370
+112.8, -42.6, 37.2, 3.269e-03, 3.371e-03, -4.687e-02, 1277
+114.4, -40.5, 34.1, 3.984e-03, 2.520e-03, -4.676e-02, 1278
+115.7, -38.4, 31.4, 4.617e-03, 1.726e-03, -4.666e-02, 1259
+116.9, -36.5, 29.1, 5.203e-03, 9.778e-04, -4.658e-02, 1240
+117.8, -34.6, 26.9, 5.741e-03, 2.768e-04, -4.650e-02, 1259
+118.7, -32.9, 25.0, 6.236e-03, -3.787e-04, -4.644e-02, 1260
+119.4, -31.3, 23.3, 6.690e-03, -9.926e-04, -4.639e-02, 2333
+120.1, -29.7, 21.7, 7.119e-03, -1.574e-03, -4.634e-02, 1260
+120.7, -28.2, 20.3, 7.512e-03, -2.116e-03, -4.631e-02, 1334
+121.2, -26.9, 19.0, 7.871e-03, -2.622e-03, -4.629e-02, 1426
+121.7, -25.6, 17.9, 8.198e-03, -3.091e-03, -4.627e-02, 1315
+122.2, -24.4, 16.8, 8.494e-03, -3.528e-03, -4.627e-02, 1278
+122.6, -23.3, 15.9, 8.759e-03, -3.921e-03, -4.628e-02, 1241
+123.0, -22.4, 15.0, 9.001e-03, -4.286e-03, -4.630e-02, 3444
+123.4, -21.5, 14.2, 9.222e-03, -4.624e-03, -4.632e-02, 1259
+123.8, -20.6, 13.5, 9.424e-03, -4.941e-03, -4.635e-02, 1259
+124.2, -19.8, 12.8, 9.605e-03, -5.234e-03, -4.639e-02, 1259
+124.5, -19.0, 12.2, 9.758e-03, -5.523e-03, -4.642e-02, 2241
+124.8, -18.3, 11.7, 9.894e-03, -5.790e-03, -4.646e-02, 1259
+125.2, -17.6, 11.3, 1.002e-02, -6.040e-03, -4.650e-02, 1611
+125.5, -17.0, 10.8, 1.013e-02, -6.274e-03, -4.655e-02, 1278
+125.8, -16.4, 10.4, 1.023e-02, -6.490e-03, -4.660e-02, 2908
+126.1, -15.9, 10.0, 1.035e-02, -6.705e-03, -4.664e-02, 3407
+126.4, -15.3, 9.6, 1.045e-02, -6.905e-03, -4.669e-02, 1889
+126.7, -14.8, 9.3, 1.054e-02, -7.089e-03, -4.674e-02, 1297
+127.0, -14.4, 8.9, 1.063e-02, -7.266e-03, -4.679e-02, 1278
+127.3, -13.9, 8.6, 1.070e-02, -7.426e-03, -4.685e-02, 1278
+127.6, -13.5, 8.4, 1.076e-02, -7.569e-03, -4.691e-02, 1278
+127.9, -13.2, 8.2, 1.081e-02, -7.707e-03, -4.698e-02, 1314
+128.2, -12.9, 7.9, 1.085e-02, -7.834e-03, -4.705e-02, 1741
+128.5, -12.5, 7.8, 1.089e-02, -7.954e-03, -4.712e-02, 1278
+128.8, -12.2, 7.6, 1.092e-02, -8.068e-03, -4.719e-02, 4333
+129.1, -12.0, 7.4, 1.096e-02, -8.175e-03, -4.726e-02, 3426
+129.4, -11.7, 7.2, 1.099e-02, -8.273e-03, -4.733e-02, 3445
+129.8, -11.5, 7.0, 1.102e-02, -8.365e-03, -4.740e-02, 1315
+130.1, -11.2, 6.9, 1.105e-02, -8.454e-03, -4.748e-02, 1259
+130.4, -11.0, 6.8, 1.107e-02, -8.536e-03, -4.755e-02, 2000
+130.7, -10.8, 6.6, 1.109e-02, -8.624e-03, -4.763e-02, 1259
+130.9, -10.6, 6.5, 1.110e-02, -8.706e-03, -4.770e-02, 1334
+131.2, -10.4, 6.4, 1.111e-02, -8.784e-03, -4.777e-02, 1444
+131.5, -10.2, 6.4, 1.111e-02, -8.858e-03, -4.785e-02, 1277
+131.8, -10.0, 6.3, 1.112e-02, -8.926e-03, -4.792e-02, 1278
+132.1, -9.9, 6.2, 1.111e-02, -8.986e-03, -4.800e-02, 1222
+132.4, -9.7, 6.2, 1.111e-02, -9.045e-03, -4.808e-02, 1482
+132.7, -9.6, 6.1, 1.110e-02, -9.099e-03, -4.816e-02, 1277
+133.1, -9.5, 6.1, 1.109e-02, -9.151e-03, -4.824e-02, 1241
+133.4, -9.4, 6.0, 1.109e-02, -9.202e-03, -4.832e-02, 1278
+133.7, -9.3, 6.0, 1.107e-02, -9.249e-03, -4.840e-02, 1278
+134.0, -9.1, 6.0, 1.105e-02, -9.294e-03, -4.849e-02, 1278
+134.3, -9.0, 6.0, 1.104e-02, -9.339e-03, -4.857e-02, 1500
+134.6, -8.9, 5.9, 1.103e-02, -9.382e-03, -4.865e-02, 1297
+134.9, -8.9, 5.9, 1.102e-02, -9.421e-03, -4.873e-02, 1259
+135.2, -8.8, 5.8, 1.104e-02, -9.460e-03, -4.881e-02, 1240
+135.5, -8.7, 5.7, 1.107e-02, -9.499e-03, -4.888e-02, 1259
+135.8, -8.6, 5.5, 1.109e-02, -9.537e-03, -4.896e-02, 1259
+136.0, -8.5, 5.4, 1.111e-02, -9.572e-03, -4.903e-02, 1278
+136.3, -8.4, 5.3, 1.112e-02, -9.608e-03, -4.910e-02, 2241
+136.6, -8.3, 5.3, 1.112e-02, -9.649e-03, -4.918e-02, 1278
+136.9, -8.2, 5.3, 1.111e-02, -9.689e-03, -4.925e-02, 1278
+137.2, -8.1, 5.2, 1.110e-02, -9.728e-03, -4.932e-02, 1389
+137.4, -8.0, 5.2, 1.109e-02, -9.766e-03, -4.939e-02, 1278
+137.7, -7.9, 5.2, 1.109e-02, -9.800e-03, -4.947e-02, 1278
+138.0, -7.9, 5.1, 1.108e-02, -9.831e-03, -4.954e-02, 1259
+138.3, -7.8, 5.1, 1.108e-02, -9.860e-03, -4.961e-02, 1315
+138.5, -7.7, 5.0, 1.108e-02, -9.888e-03, -4.969e-02, 1259
+138.8, -7.6, 5.0, 1.107e-02, -9.917e-03, -4.976e-02, 1259
+139.1, -7.6, 5.0, 1.107e-02, -9.945e-03, -4.983e-02, 1408
+139.4, -7.6, 4.9, 1.107e-02, -9.955e-03, -4.991e-02, 1259
+139.7, -7.5, 4.8, 1.108e-02, -9.966e-03, -4.999e-02, 1296
+139.9, -7.5, 4.7, 1.108e-02, -9.976e-03, -5.007e-02, 1370
+140.2, -7.5, 4.7, 1.109e-02, -9.989e-03, -5.014e-02, 1278
+140.5, -7.5, 4.6, 1.109e-02, -1.000e-02, -5.022e-02, 1259
+140.8, -7.4, 4.6, 1.107e-02, -1.002e-02, -5.029e-02, 1259
+141.1, -7.4, 4.6, 1.105e-02, -1.004e-02, -5.037e-02, 3611
+141.3, -7.3, 4.6, 1.103e-02, -1.006e-02, -5.044e-02, 1278
+141.6, -7.3, 4.6, 1.102e-02, -1.008e-02, -5.051e-02, 1259
+141.9, -7.3, 4.6, 1.100e-02, -1.010e-02, -5.059e-02, 1259
+142.2, -7.2, 4.6, 1.099e-02, -1.012e-02, -5.066e-02, 1723
+142.4, -7.2, 4.6, 1.098e-02, -1.014e-02, -5.073e-02, 1278
+142.7, -7.1, 4.6, 1.096e-02, -1.015e-02, -5.081e-02, 1593
+143.0, -7.1, 4.6, 1.095e-02, -1.017e-02, -5.088e-02, 1259
+143.3, -7.1, 4.5, 1.094e-02, -1.019e-02, -5.095e-02, 1260
+143.5, -6.9, 4.5, 1.093e-02, -1.023e-02, -5.100e-02, 1518
+143.7, -6.8, 4.5, 1.091e-02, -1.027e-02, -5.106e-02, 1260
+143.9, -6.7, 4.5, 1.090e-02, -1.031e-02, -5.111e-02, 1537
+144.2, -6.6, 4.5, 1.089e-02, -1.035e-02, -5.117e-02, 1260
+144.4, -6.5, 4.5, 1.087e-02, -1.039e-02, -5.122e-02, 1278
+144.6, -6.5, 4.5, 1.089e-02, -1.042e-02, -5.128e-02, 2833
+144.8, -6.4, 4.4, 1.090e-02, -1.045e-02, -5.133e-02, 1259
+145.1, -6.3, 4.3, 1.091e-02, -1.047e-02, -5.138e-02, 1444
+145.3, -6.3, 4.2, 1.092e-02, -1.050e-02, -5.144e-02, 1278
+145.5, -6.2, 4.2, 1.093e-02, -1.053e-02, -5.149e-02, 1259
+145.7, -6.1, 4.1, 1.095e-02, -1.056e-02, -5.154e-02, 1278
+145.9, -6.0, 4.0, 1.096e-02, -1.059e-02, -5.159e-02, 1260
+146.1, -5.9, 4.0, 1.097e-02, -1.062e-02, -5.164e-02, 3630
+146.3, -5.9, 3.9, 1.097e-02, -1.065e-02, -5.169e-02, 1240
+146.5, -5.8, 3.9, 1.098e-02, -1.067e-02, -5.174e-02, 1278
+146.7, -5.7, 3.8, 1.098e-02, -1.070e-02, -5.178e-02, 1389
+146.9, -5.6, 3.8, 1.098e-02, -1.073e-02, -5.183e-02, 1296
+147.1, -5.6, 3.7, 1.098e-02, -1.075e-02, -5.188e-02, 4055
+147.3, -5.5, 3.7, 1.098e-02, -1.078e-02, -5.193e-02, 2944
+147.5, -5.4, 3.7, 1.098e-02, -1.080e-02, -5.198e-02, 1277
+147.7, -5.4, 3.6, 1.099e-02, -1.082e-02, -5.202e-02, 1592
+147.9, -5.3, 3.5, 1.100e-02, -1.084e-02, -5.207e-02, 1259
+148.1, -5.2, 3.5, 1.101e-02, -1.086e-02, -5.211e-02, 1278
+148.3, -5.2, 3.4, 1.102e-02, -1.088e-02, -5.216e-02, 1240
+148.5, -5.1, 3.4, 1.103e-02, -1.089e-02, -5.220e-02, 2148
+148.7, -5.1, 3.3, 1.104e-02, -1.090e-02, -5.226e-02, 1278
+148.9, -5.1, 3.3, 1.104e-02, -1.091e-02, -5.231e-02, 1277
+149.1, -5.1, 3.2, 1.105e-02, -1.092e-02, -5.236e-02, 1315
+149.3, -5.1, 3.1, 1.106e-02, -1.092e-02, -5.241e-02, 1278
+149.5, -5.0, 3.1, 1.107e-02, -1.093e-02, -5.246e-02, 1278
+149.7, -5.0, 3.2, 1.104e-02, -1.095e-02, -5.250e-02, 1463
+149.9, -4.9, 3.2, 1.101e-02, -1.097e-02, -5.254e-02, 1260
+150.1, -4.9, 3.2, 1.098e-02, -1.100e-02, -5.258e-02, 1259
+150.3, -4.8, 3.3, 1.096e-02, -1.102e-02, -5.263e-02, 1278
+150.5, -4.7, 3.3, 1.094e-02, -1.104e-02, -5.267e-02, 1278
+150.7, -4.7, 3.3, 1.094e-02, -1.103e-02, -5.272e-02, 1278
+150.9, -4.8, 3.2, 1.094e-02, -1.103e-02, -5.277e-02, 1259
+151.1, -4.8, 3.2, 1.094e-02, -1.103e-02, -5.282e-02, 1241
+151.3, -4.8, 3.2, 1.094e-02, -1.103e-02, -5.287e-02, 1259
+151.5, -4.8, 3.1, 1.094e-02, -1.104e-02, -5.292e-02, 1408
+151.7, -4.7, 3.2, 1.091e-02, -1.106e-02, -5.297e-02, 1241
+151.9, -4.6, 3.2, 1.089e-02, -1.108e-02, -5.301e-02, 1278
+152.1, -4.6, 3.2, 1.087e-02, -1.109e-02, -5.305e-02, 1277
+152.2, -4.5, 3.3, 1.085e-02, -1.111e-02, -5.309e-02, 1278
+152.4, -4.5, 3.3, 1.083e-02, -1.113e-02, -5.313e-02, 1259
+152.6, -4.5, 3.3, 1.082e-02, -1.113e-02, -5.317e-02, 1259
+152.8, -4.5, 3.3, 1.081e-02, -1.114e-02, -5.322e-02, 1296
+153.0, -4.5, 3.3, 1.080e-02, -1.114e-02, -5.327e-02, 1333
+153.2, -4.4, 3.3, 1.079e-02, -1.115e-02, -5.331e-02, 1259
+153.4, -4.4, 3.3, 1.078e-02, -1.115e-02, -5.336e-02, 1297
+153.5, -4.3, 3.3, 1.077e-02, -1.119e-02, -5.338e-02, 1278
+153.7, -4.2, 3.3, 1.076e-02, -1.122e-02, -5.341e-02, 3388
+153.8, -4.1, 3.3, 1.075e-02, -1.125e-02, -5.344e-02, 3203
+154.0, -4.0, 3.3, 1.074e-02, -1.128e-02, -5.347e-02, 1519
+154.1, -4.0, 3.3, 1.073e-02, -1.130e-02, -5.349e-02, 1259
+154.3, -4.0, 3.3, 1.072e-02, -1.131e-02, -5.354e-02, 1278
+154.5, -3.9, 3.3, 1.071e-02, -1.132e-02, -5.357e-02, 1277
+154.7, -3.9, 3.3, 1.069e-02, -1.133e-02, -5.361e-02, 1463
+154.8, -3.9, 3.3, 1.068e-02, -1.133e-02, -5.365e-02, 1407
+155.0, -3.9, 3.4, 1.066e-02, -1.134e-02, -5.369e-02, 1259
+155.2, -3.8, 3.4, 1.066e-02, -1.135e-02, -5.373e-02, 1241
+155.3, -3.8, 3.3, 1.065e-02, -1.135e-02, -5.377e-02, 1259
+155.5, -3.8, 3.3, 1.064e-02, -1.136e-02, -5.380e-02, 1277
+155.7, -3.8, 3.3, 1.064e-02, -1.137e-02, -5.384e-02, 1333
+155.8, -3.7, 3.3, 1.063e-02, -1.138e-02, -5.387e-02, 1277
+156.0, -3.7, 3.3, 1.061e-02, -1.139e-02, -5.391e-02, 1278
+156.2, -3.7, 3.4, 1.060e-02, -1.140e-02, -5.394e-02, 1277
+156.3, -3.7, 3.4, 1.059e-02, -1.140e-02, -5.398e-02, 1333
+156.5, -3.6, 3.4, 1.058e-02, -1.141e-02, -5.401e-02, 1278
+156.7, -3.6, 3.4, 1.057e-02, -1.142e-02, -5.405e-02, 1574
+156.8, -3.5, 3.4, 1.054e-02, -1.144e-02, -5.408e-02, 1259
+157.0, -3.5, 3.5, 1.052e-02, -1.146e-02, -5.410e-02, 1278
+157.1, -3.4, 3.5, 1.050e-02, -1.147e-02, -5.413e-02, 3852
+157.3, -3.4, 3.6, 1.048e-02, -1.149e-02, -5.416e-02, 1277
+157.4, -3.4, 3.6, 1.046e-02, -1.150e-02, -5.419e-02, 2222
+157.5, -3.3, 3.6, 1.044e-02, -1.151e-02, -5.422e-02, 1537
+157.7, -3.3, 3.6, 1.044e-02, -1.153e-02, -5.425e-02, 1481
+157.8, -3.2, 3.6, 1.042e-02, -1.154e-02, -5.427e-02, 1352
+158.0, -3.2, 3.6, 1.041e-02, -1.155e-02, -5.430e-02, 1278
+158.1, -3.2, 3.6, 1.040e-02, -1.157e-02, -5.433e-02, 1277
+158.3, -3.1, 3.6, 1.042e-02, -1.157e-02, -5.436e-02, 1259
+158.4, -3.1, 3.5, 1.043e-02, -1.158e-02, -5.439e-02, 1333
+158.6, -3.1, 3.5, 1.043e-02, -1.159e-02, -5.442e-02, 2019
+158.7, -3.1, 3.4, 1.044e-02, -1.159e-02, -5.444e-02, 1518
+160.3, -1.6, 66.5, -1.414e-02, -1.248e-02, -5.461e-02, 1241
+160.4, -1.7, 61.9, -1.254e-02, -1.248e-02, -5.465e-02, 4129
+160.6, -1.8, 57.5, -1.100e-02, -1.249e-02, -5.469e-02, 2759
+160.7, -1.9, 53.4, -9.545e-03, -1.250e-02, -5.472e-02, 1611
+160.8, -2.0, 49.4, -8.169e-03, -1.251e-02, -5.475e-02, 1260
+161.0, -2.1, 45.7, -6.879e-03, -1.253e-02, -5.478e-02, 1260
+161.1, -2.2, 42.3, -5.685e-03, -1.254e-02, -5.482e-02, 1371
+161.3, -2.3, 39.1, -4.575e-03, -1.255e-02, -5.486e-02, 1259
+161.5, -2.4, 36.2, -3.543e-03, -1.257e-02, -5.490e-02, 1241
+161.6, -2.4, 33.4, -2.589e-03, -1.258e-02, -5.494e-02, 1259
+161.8, -2.4, 30.9, -1.711e-03, -1.260e-02, -5.498e-02, 1259
+162.0, -2.4, 28.6, -9.115e-04, -1.262e-02, -5.500e-02, 1277
+162.1, -2.4, 26.5, -1.807e-04, -1.264e-02, -5.503e-02, 1259
+162.3, -2.4, 24.6, 4.915e-04, -1.266e-02, -5.505e-02, 1241
+162.4, -2.4, 22.8, 1.105e-03, -1.269e-02, -5.507e-02, 1278
+162.6, -2.4, 21.2, 1.665e-03, -1.271e-02, -5.510e-02, 1278
+162.7, -2.4, 19.7, 2.184e-03, -1.271e-02, -5.514e-02, 1259
+162.9, -2.5, 18.3, 2.657e-03, -1.272e-02, -5.517e-02, 1334
+163.1, -2.5, 17.1, 3.089e-03, -1.272e-02, -5.521e-02, 1259
+163.2, -2.5, 15.9, 3.482e-03, -1.273e-02, -5.524e-02, 1259
+163.4, -2.5, 14.9, 3.840e-03, -1.274e-02, -5.528e-02, 1259
+163.5, -2.4, 14.0, 4.162e-03, -1.276e-02, -5.529e-02, 1260
+163.7, -2.4, 13.1, 4.451e-03, -1.279e-02, -5.530e-02, 1333
+163.8, -2.3, 12.3, 4.717e-03, -1.281e-02, -5.532e-02, 1315
+163.9, -2.3, 11.6, 4.958e-03, -1.283e-02, -5.533e-02, 1278
+164.0, -2.2, 11.0, 5.176e-03, -1.286e-02, -5.534e-02, 1259
+163.4, -3.4, 83.7, -2.426e-02, -1.232e-02, -5.553e-02, 1278
+163.7, -3.5, 78.6, -2.247e-02, -1.240e-02, -5.555e-02, 1260
+163.9, -3.5, 73.6, -2.071e-02, -1.248e-02, -5.556e-02, 3111
+164.2, -3.5, 68.7, -1.900e-02, -1.256e-02, -5.558e-02, 1259
+161.8, -3.0, 164.2, -6.298e-02, -1.132e-02, -5.586e-02, 1260
+161.8, -3.3, 162.6, -6.236e-02, -1.140e-02, -5.586e-02, 1260
+161.9, -3.5, 160.7, -6.170e-02, -1.149e-02, -5.585e-02, 1518
+161.9, -3.8, 158.7, -6.098e-02, -1.158e-02, -5.585e-02, 1389
+162.0, -4.1, 156.6, -6.021e-02, -1.169e-02, -5.584e-02, 1500
+162.1, -4.4, 154.3, -5.938e-02, -1.180e-02, -5.583e-02, 1278
+162.2, -4.8, 151.8, -5.848e-02, -1.192e-02, -5.582e-02, 1241
+162.4, -5.1, 149.0, -5.752e-02, -1.205e-02, -5.580e-02, 1241
+162.6, -5.5, 146.1, -5.648e-02, -1.219e-02, -5.579e-02, 1259
+162.9, -5.8, 143.0, -5.537e-02, -1.234e-02, -5.577e-02, 1259
+163.2, -6.2, 139.6, -5.419e-02, -1.250e-02, -5.575e-02, 1278
+163.5, -6.6, 136.0, -5.291e-02, -1.268e-02, -5.572e-02, 2463
+163.9, -7.0, 132.1, -5.155e-02, -1.286e-02, -5.570e-02, 1260
+164.4, -7.3, 128.0, -5.012e-02, -1.306e-02, -5.567e-02, 1278
+164.9, -7.7, 123.6, -4.861e-02, -1.327e-02, -5.563e-02, 1351
+165.5, -8.0, 119.1, -4.703e-02, -1.349e-02, -5.560e-02, 1241
+166.1, -8.2, 114.3, -4.537e-02, -1.373e-02, -5.556e-02, 1277
+166.8, -8.5, 109.3, -4.366e-02, -1.398e-02, -5.552e-02, 1315
+167.6, -8.6, 104.2, -4.190e-02, -1.424e-02, -5.548e-02, 3259
+168.3, -8.7, 99.0, -4.011e-02, -1.450e-02, -5.543e-02, 1259
+169.1, -8.7, 93.8, -3.829e-02, -1.477e-02, -5.539e-02, 1259
+169.9, -8.7, 88.6, -3.651e-02, -1.502e-02, -5.533e-02, 1259
+170.6, -8.5, 83.5, -3.474e-02, -1.528e-02, -5.527e-02, 1370
+171.4, -8.3, 78.4, -3.299e-02, -1.553e-02, -5.521e-02, 1277
+172.1, -8.0, 73.4, -3.128e-02, -1.578e-02, -5.515e-02, 1407
+172.7, -7.6, 68.6, -2.961e-02, -1.603e-02, -5.508e-02, 1296
+173.3, -7.3, 63.8, -2.797e-02, -1.627e-02, -5.504e-02, 1407
+173.9, -6.9, 59.3, -2.640e-02, -1.650e-02, -5.499e-02, 1574
+174.4, -6.5, 55.0, -2.490e-02, -1.673e-02, -5.494e-02, 1259
+174.9, -6.0, 50.9, -2.349e-02, -1.694e-02, -5.489e-02, 1259
+175.3, -5.6, 47.1, -2.216e-02, -1.714e-02, -5.484e-02, 1277
+175.6, -5.1, 43.4, -2.088e-02, -1.734e-02, -5.480e-02, 1259
+175.9, -4.7, 40.0, -1.968e-02, -1.752e-02, -5.475e-02, 1278
+176.2, -4.2, 36.8, -1.857e-02, -1.769e-02, -5.470e-02, 1260
+176.4, -3.8, 33.8, -1.753e-02, -1.785e-02, -5.466e-02, 1315
+176.6, -3.4, 31.1, -1.658e-02, -1.800e-02, -5.462e-02, 1611
+176.8, -3.1, 28.7, -1.576e-02, -1.812e-02, -5.459e-02, 1278
+176.9, -2.8, 26.6, -1.500e-02, -1.823e-02, -5.456e-02, 4481
+177.0, -2.5, 24.6, -1.431e-02, -1.833e-02, -5.453e-02, 3981
+177.2, -2.2, 22.8, -1.367e-02, -1.843e-02, -5.450e-02, 1463
+177.2, -2.0, 21.1, -1.309e-02, -1.852e-02, -5.447e-02, 3519
+177.3, -1.7, 19.6, -1.256e-02, -1.861e-02, -5.443e-02, 1500
+177.3, -1.4, 18.2, -1.206e-02, -1.869e-02, -5.439e-02, 1370
+177.4, -1.2, 16.9, -1.161e-02, -1.877e-02, -5.435e-02, 1259
+177.4, -1.0, 15.8, -1.120e-02, -1.884e-02, -5.432e-02, 1371
+177.4, -0.8, 14.7, -1.083e-02, -1.890e-02, -5.428e-02, 1500
+177.4, -0.5, 13.7, -1.049e-02, -1.897e-02, -5.424e-02, 1278
+177.4, -0.4, 12.9, -1.018e-02, -1.903e-02, -5.421e-02, 1481
+177.4, -0.2, 12.1, -9.899e-03, -1.908e-02, -5.417e-02, 1278
+177.4, -0.0, 11.3, -9.642e-03, -1.912e-02, -5.413e-02, 1278
+177.4, 0.1, 10.7, -9.407e-03, -1.917e-02, -5.410e-02, 1630
+177.4, 0.2, 10.1, -9.206e-03, -1.918e-02, -5.409e-02, 1259
+177.4, 0.2, 9.6, -9.023e-03, -1.919e-02, -5.407e-02, 1555
+177.5, 0.3, 9.1, -8.856e-03, -1.920e-02, -5.406e-02, 1278
+177.5, 0.3, 8.7, -8.705e-03, -1.921e-02, -5.404e-02, 1444
+177.5, 0.4, 8.3, -8.567e-03, -1.922e-02, -5.403e-02, 3333
+177.5, 0.5, 7.9, -8.417e-03, -1.926e-02, -5.399e-02, 1408
+177.5, 0.6, 7.5, -8.282e-03, -1.929e-02, -5.396e-02, 1407
+177.5, 0.7, 7.1, -8.158e-03, -1.932e-02, -5.392e-02, 3704
+177.4, 0.8, 6.8, -8.047e-03, -1.935e-02, -5.389e-02, 1259
+177.4, 0.9, 6.1, -7.802e-03, -1.938e-02, -5.386e-02, 2296
+177.5, 1.0, 5.9, -7.730e-03, -1.938e-02, -5.384e-02, 2296
+177.5, 1.0, 5.8, -7.665e-03, -1.938e-02, -5.383e-02, 1278
+177.5, 1.0, 5.6, -7.606e-03, -1.938e-02, -5.381e-02, 1259
+177.5, 1.0, 5.4, -7.551e-03, -1.938e-02, -5.379e-02, 1500
+177.5, 1.0, 5.3, -7.502e-03, -1.938e-02, -5.377e-02, 1389
+177.5, 1.0, 5.2, -7.448e-03, -1.937e-02, -5.376e-02, 1259
+177.5, 1.0, 5.0, -7.396e-03, -1.937e-02, -5.374e-02, 1314
+177.6, 1.0, 4.9, -7.349e-03, -1.936e-02, -5.373e-02, 1296
+177.6, 1.0, 4.8, -7.305e-03, -1.935e-02, -5.371e-02, 1259
+177.6, 1.0, 4.7, -7.264e-03, -1.935e-02, -5.370e-02, 2426
+177.6, 1.0, 4.6, -7.230e-03, -1.934e-02, -5.368e-02, 2148
+177.6, 1.0, 4.5, -7.197e-03, -1.934e-02, -5.367e-02, 1259
+177.7, 1.1, 4.4, -7.166e-03, -1.934e-02, -5.365e-02, 1240
+177.7, 1.1, 4.3, -7.139e-03, -1.933e-02, -5.363e-02, 1630
+177.7, 1.1, 4.3, -7.113e-03, -1.933e-02, -5.362e-02, 1277
+177.7, 1.1, 3.8, -6.956e-03, -1.934e-02, -5.360e-02, 1259
+177.7, 1.2, 3.8, -6.958e-03, -1.935e-02, -5.357e-02, 1241
+177.7, 1.2, 3.8, -6.959e-03, -1.936e-02, -5.354e-02, 4129
+177.7, 1.3, 3.8, -6.961e-03, -1.937e-02, -5.351e-02, 1259
+177.6, 1.3, 3.8, -6.963e-03, -1.938e-02, -5.348e-02, 2111
+177.6, 1.4, 3.8, -6.939e-03, -1.939e-02, -5.346e-02, 3093
+177.6, 1.4, 3.7, -6.917e-03, -1.939e-02, -5.343e-02, 3499
+177.6, 1.4, 3.7, -6.897e-03, -1.940e-02, -5.341e-02, 1259
+177.6, 1.5, 3.6, -6.878e-03, -1.940e-02, -5.338e-02, 1352
+177.6, 1.5, 3.6, -6.859e-03, -1.940e-02, -5.336e-02, 1259
+177.6, 1.5, 3.2, -6.739e-03, -1.941e-02, -5.334e-02, 1352
+177.6, 1.6, 3.4, -6.780e-03, -1.941e-02, -5.331e-02, 1277
+177.6, 1.6, 3.5, -6.815e-03, -1.940e-02, -5.329e-02, 1259
+177.6, 1.6, 3.6, -6.846e-03, -1.941e-02, -5.326e-02, 1278
+177.6, 1.6, 3.6, -6.874e-03, -1.940e-02, -5.323e-02, 1277
+177.6, 1.6, 3.6, -6.869e-03, -1.939e-02, -5.322e-02, 2926
+177.6, 1.6, 3.6, -6.864e-03, -1.937e-02, -5.320e-02, 1259
+177.6, 1.6, 3.6, -6.858e-03, -1.936e-02, -5.319e-02, 1277
+177.6, 1.5, 3.6, -6.854e-03, -1.934e-02, -5.317e-02, 1555
+177.7, 1.5, 3.6, -6.847e-03, -1.933e-02, -5.315e-02, 1241
+177.7, 1.5, 3.5, -6.805e-03, -1.932e-02, -5.314e-02, 2759
+177.7, 1.5, 3.4, -6.768e-03, -1.931e-02, -5.312e-02, 1611
+177.7, 1.5, 3.3, -6.735e-03, -1.930e-02, -5.311e-02, 1260
+177.7, 1.5, 3.2, -6.704e-03, -1.929e-02, -5.309e-02, 1259
+177.7, 1.5, 3.1, -6.676e-03, -1.928e-02, -5.308e-02, 1259
+177.7, 1.5, 3.2, -6.699e-03, -1.928e-02, -5.306e-02, 1259
+177.7, 1.5, 3.3, -6.721e-03, -1.927e-02, -5.303e-02, 1259
+177.7, 1.5, 3.3, -6.742e-03, -1.927e-02, -5.301e-02, 1297
+177.7, 1.5, 3.4, -6.761e-03, -1.926e-02, -5.299e-02, 1574
+177.7, 1.5, 3.4, -6.778e-03, -1.926e-02, -5.296e-02, 3852
+177.7, 1.5, 3.4, -6.774e-03, -1.926e-02, -5.294e-02, 4166
+177.7, 1.6, 3.4, -6.770e-03, -1.926e-02, -5.291e-02, 1259
+177.7, 1.6, 3.4, -6.766e-03, -1.926e-02, -5.289e-02, 1259
+177.7, 1.6, 3.4, -6.762e-03, -1.926e-02, -5.286e-02, 1259
+177.7, 1.6, 3.4, -6.757e-03, -1.926e-02, -5.284e-02, 1296
+177.7, 1.6, 3.4, -6.778e-03, -1.925e-02, -5.282e-02, 2500
+177.7, 1.6, 3.5, -6.798e-03, -1.924e-02, -5.280e-02, 1371
+177.7, 1.6, 3.6, -6.814e-03, -1.923e-02, -5.278e-02, 1278
+177.7, 1.6, 3.6, -6.830e-03, -1.923e-02, -5.276e-02, 1574
+177.7, 1.6, 3.7, -6.842e-03, -1.921e-02, -5.274e-02, 1333
+177.7, 1.6, 3.7, -6.854e-03, -1.920e-02, -5.272e-02, 1370
+177.7, 1.5, 3.7, -6.865e-03, -1.919e-02, -5.270e-02, 1444
+177.7, 1.5, 3.8, -6.873e-03, -1.917e-02, -5.268e-02, 3000
+177.7, 1.5, 3.8, -6.882e-03, -1.916e-02, -5.267e-02, 1260
+177.7, 1.5, 3.8, -6.891e-03, -1.915e-02, -5.265e-02, 1259
+177.7, 1.5, 3.8, -6.895e-03, -1.914e-02, -5.263e-02, 1426
+177.7, 1.5, 3.9, -6.897e-03, -1.913e-02, -5.261e-02, 3500
+177.7, 1.5, 3.9, -6.903e-03, -1.912e-02, -5.260e-02, 1407
+177.8, 1.4, 3.9, -6.906e-03, -1.910e-02, -5.258e-02, 1611
+177.8, 1.4, 3.9, -6.907e-03, -1.909e-02, -5.256e-02, 1389
+177.8, 1.4, 3.9, -6.913e-03, -1.908e-02, -5.254e-02, 1389
+177.8, 1.4, 3.9, -6.919e-03, -1.906e-02, -5.253e-02, 1259
+177.8, 1.4, 4.0, -6.926e-03, -1.905e-02, -5.251e-02, 1259
+177.8, 1.4, 4.0, -6.932e-03, -1.904e-02, -5.250e-02, 1259
+177.8, 1.3, 4.0, -6.936e-03, -1.902e-02, -5.248e-02, 1259
+177.9, 1.3, 3.9, -6.913e-03, -1.901e-02, -5.247e-02, 1389
+177.9, 1.3, 3.9, -6.891e-03, -1.900e-02, -5.245e-02, 2685
+177.9, 1.3, 3.8, -6.873e-03, -1.898e-02, -5.244e-02, 3241
+177.9, 1.3, 3.8, -6.855e-03, -1.897e-02, -5.242e-02, 1500
+177.9, 1.3, 3.8, -6.842e-03, -1.896e-02, -5.241e-02, 1259
+177.9, 1.3, 3.7, -6.831e-03, -1.896e-02, -5.239e-02, 1259
+177.9, 1.3, 3.7, -6.821e-03, -1.896e-02, -5.237e-02, 3203
+177.9, 1.3, 3.7, -6.812e-03, -1.895e-02, -5.235e-02, 3296
+178.0, 1.3, 3.7, -6.803e-03, -1.895e-02, -5.233e-02, 1408
+178.0, 1.3, 3.6, -6.794e-03, -1.894e-02, -5.231e-02, 1278
+178.0, 1.3, 3.6, -6.768e-03, -1.894e-02, -5.230e-02, 1278
+178.0, 1.3, 3.5, -6.744e-03, -1.893e-02, -5.228e-02, 2166
+178.0, 1.3, 3.5, -6.723e-03, -1.893e-02, -5.226e-02, 1277
+178.0, 1.3, 3.4, -6.704e-03, -1.892e-02, -5.224e-02, 1463
+178.0, 1.3, 3.4, -6.688e-03, -1.892e-02, -5.222e-02, 1260
+178.0, 1.4, 3.5, -6.721e-03, -1.893e-02, -5.219e-02, 1241
+178.0, 1.5, 3.5, -6.750e-03, -1.894e-02, -5.216e-02, 2334
+177.9, 1.5, 3.6, -6.777e-03, -1.896e-02, -5.212e-02, 1260
+177.9, 1.6, 3.7, -6.798e-03, -1.896e-02, -5.209e-02, 1260
+177.9, 1.6, 3.8, -6.819e-03, -1.897e-02, -5.206e-02, 1241
+177.9, 1.6, 3.7, -6.792e-03, -1.897e-02, -5.204e-02, 1259
+177.9, 1.6, 3.6, -6.767e-03, -1.897e-02, -5.201e-02, 2981
+177.9, 1.7, 3.6, -6.746e-03, -1.897e-02, -5.199e-02, 1389
+177.8, 1.7, 3.5, -6.725e-03, -1.897e-02, -5.197e-02, 1741
+177.8, 1.7, 3.4, -6.705e-03, -1.897e-02, -5.194e-02, 1259
+173.6, -5.1, 66.5, -3.116e-02, -1.568e-02, -5.208e-02, 1259
+174.0, -4.8, 61.9, -2.957e-02, -1.586e-02, -5.204e-02, 1278
+174.4, -4.5, 57.6, -2.806e-02, -1.602e-02, -5.200e-02, 1259
+174.8, -4.2, 53.4, -2.661e-02, -1.618e-02, -5.196e-02, 1259
+175.1, -3.9, 49.5, -2.525e-02, -1.633e-02, -5.193e-02, 1592
+175.4, -3.6, 45.8, -2.394e-02, -1.647e-02, -5.189e-02, 2574
+175.6, -3.2, 42.3, -2.271e-02, -1.661e-02, -5.185e-02, 2315
+175.8, -2.9, 39.0, -2.158e-02, -1.674e-02, -5.182e-02, 1463
+176.0, -2.6, 36.0, -2.052e-02, -1.686e-02, -5.178e-02, 1444
+176.2, -2.3, 33.2, -1.954e-02, -1.696e-02, -5.175e-02, 1278
+176.4, -2.1, 30.6, -1.862e-02, -1.705e-02, -5.174e-02, 1277
+176.5, -1.9, 28.2, -1.777e-02, -1.714e-02, -5.173e-02, 1297
+176.6, -1.7, 26.0, -1.699e-02, -1.722e-02, -5.172e-02, 1759
+176.8, -1.5, 23.9, -1.628e-02, -1.729e-02, -5.171e-02, 1389
+176.9, -1.3, 22.1, -1.562e-02, -1.735e-02, -5.170e-02, 1278
+176.9, -1.1, 20.4, -1.503e-02, -1.743e-02, -5.166e-02, 1333
+177.0, -0.9, 18.9, -1.450e-02, -1.749e-02, -5.163e-02, 1278
+177.0, -0.7, 17.5, -1.401e-02, -1.755e-02, -5.161e-02, 4426
+177.0, -0.5, 16.2, -1.356e-02, -1.761e-02, -5.158e-02, 3907
+177.1, -0.4, 15.0, -1.315e-02, -1.766e-02, -5.155e-02, 1278
+177.1, -0.2, 14.0, -1.277e-02, -1.770e-02, -5.153e-02, 1611
+177.1, -0.1, 13.0, -1.242e-02, -1.773e-02, -5.151e-02, 1259
+177.1, -0.0, 12.1, -1.211e-02, -1.776e-02, -5.149e-02, 4185
+177.2, 0.1, 11.3, -1.182e-02, -1.779e-02, -5.147e-02, 1241
+177.2, 0.2, 10.5, -1.156e-02, -1.782e-02, -5.145e-02, 1408
+177.2, 0.3, 10.0, -1.135e-02, -1.785e-02, -5.142e-02, 1260
+177.2, 0.4, 9.4, -1.116e-02, -1.788e-02, -5.139e-02, 1259
+177.2, 0.5, 9.0, -1.099e-02, -1.791e-02, -5.137e-02, 1278
+177.2, 0.6, 8.5, -1.083e-02, -1.794e-02, -5.134e-02, 1445
+177.2, 0.7, 8.1, -1.069e-02, -1.796e-02, -5.131e-02, 1259
+177.2, 0.7, 7.8, -1.056e-02, -1.797e-02, -5.129e-02, 1259
+177.2, 0.7, 7.4, -1.044e-02, -1.797e-02, -5.127e-02, 1278
+177.2, 0.8, 7.1, -1.034e-02, -1.798e-02, -5.125e-02, 1259
+177.2, 0.8, 6.9, -1.024e-02, -1.798e-02, -5.124e-02, 1278
+177.2, 0.8, 6.6, -1.015e-02, -1.799e-02, -5.122e-02, 1278
+177.2, 0.9, 6.4, -1.006e-02, -1.800e-02, -5.119e-02, 1259
+177.2, 0.9, 6.2, -9.986e-03, -1.801e-02, -5.117e-02, 1241
+177.2, 1.0, 6.0, -9.915e-03, -1.801e-02, -5.115e-02, 1926
+177.2, 1.0, 5.8, -9.853e-03, -1.802e-02, -5.112e-02, 2944
+177.2, 1.0, 5.6, -9.793e-03, -1.803e-02, -5.110e-02, 3241
+177.2, 1.0, 5.5, -9.742e-03, -1.801e-02, -5.109e-02, 1259
+177.2, 1.0, 5.4, -9.696e-03, -1.800e-02, -5.108e-02, 1278
+177.3, 1.0, 5.2, -9.652e-03, -1.799e-02, -5.106e-02, 2888
+177.3, 1.0, 5.1, -9.614e-03, -1.798e-02, -5.105e-02, 1314
+177.3, 1.0, 5.1, -9.578e-03, -1.797e-02, -5.104e-02, 1259
+177.3, 1.1, 5.0, -9.550e-03, -1.799e-02, -5.101e-02, 1259
+177.3, 1.1, 4.9, -9.521e-03, -1.801e-02, -5.097e-02, 1407
+177.2, 1.2, 4.8, -9.494e-03, -1.803e-02, -5.094e-02, 1278
+177.2, 1.3, 4.8, -9.471e-03, -1.804e-02, -5.091e-02, 1722
+177.2, 1.3, 4.7, -9.450e-03, -1.805e-02, -5.088e-02, 1259
+177.2, 1.3, 4.7, -9.450e-03, -1.804e-02, -5.086e-02, 1259
+177.2, 1.3, 4.7, -9.449e-03, -1.803e-02, -5.085e-02, 1278
+177.2, 1.3, 4.7, -9.448e-03, -1.802e-02, -5.083e-02, 1259
+177.2, 1.3, 4.7, -9.450e-03, -1.801e-02, -5.081e-02, 1259
+177.2, 1.3, 4.7, -9.447e-03, -1.800e-02, -5.079e-02, 1278
+177.2, 1.3, 4.7, -9.441e-03, -1.801e-02, -5.077e-02, 2926
+177.2, 1.3, 4.7, -9.438e-03, -1.801e-02, -5.074e-02, 1241
+177.2, 1.3, 4.7, -9.434e-03, -1.801e-02, -5.072e-02, 1481
+177.2, 1.4, 4.7, -9.431e-03, -1.801e-02, -5.069e-02, 2203
+177.2, 1.4, 4.7, -9.429e-03, -1.801e-02, -5.067e-02, 1277
+177.2, 1.4, 4.7, -9.424e-03, -1.800e-02, -5.065e-02, 1278
+177.2, 1.4, 4.7, -9.417e-03, -1.799e-02, -5.063e-02, 1278
+177.2, 1.4, 4.7, -9.412e-03, -1.798e-02, -5.062e-02, 2259
+177.2, 1.3, 4.7, -9.406e-03, -1.796e-02, -5.060e-02, 1259
+177.2, 1.3, 4.7, -9.400e-03, -1.795e-02, -5.058e-02, 1389
+177.3, 1.3, 4.5, -9.343e-03, -1.793e-02, -5.058e-02, 1259
+177.3, 1.2, 4.4, -9.292e-03, -1.791e-02, -5.057e-02, 1259
+177.3, 1.2, 4.3, -9.245e-03, -1.789e-02, -5.057e-02, 1259
+177.4, 1.1, 4.1, -9.200e-03, -1.787e-02, -5.056e-02, 1629
+177.4, 1.1, 4.0, -9.158e-03, -1.785e-02, -5.055e-02, 1278
+177.4, 1.1, 4.0, -9.152e-03, -1.782e-02, -5.055e-02, 1334
+177.5, 1.0, 4.0, -9.147e-03, -1.780e-02, -5.054e-02, 1259
+177.5, 1.0, 4.0, -9.144e-03, -1.778e-02, -5.053e-02, 1482
+177.6, 0.9, 4.0, -9.142e-03, -1.776e-02, -5.053e-02, 1277
+177.6, 0.9, 4.0, -9.136e-03, -1.774e-02, -5.052e-02, 1259
+177.6, 0.9, 3.6, -8.996e-03, -1.775e-02, -5.051e-02, 1481
+177.6, 1.0, 3.7, -9.011e-03, -1.776e-02, -5.048e-02, 1759
+177.6, 1.0, 3.7, -9.025e-03, -1.776e-02, -5.046e-02, 1277
+177.6, 1.0, 3.8, -9.039e-03, -1.777e-02, -5.044e-02, 1426
+177.6, 1.1, 3.8, -9.053e-03, -1.777e-02, -5.041e-02, 1278
+177.6, 1.1, 3.8, -9.030e-03, -1.777e-02, -5.040e-02, 1297
+177.6, 1.1, 3.7, -9.011e-03, -1.776e-02, -5.038e-02, 1278
+177.6, 1.1, 3.7, -8.993e-03, -1.776e-02, -5.037e-02, 2981
+177.6, 1.1, 3.6, -8.975e-03, -1.775e-02, -5.035e-02, 1371
+177.7, 1.1, 3.6, -8.959e-03, -1.774e-02, -5.034e-02, 1278
+177.6, 1.1, 3.6, -8.969e-03, -1.775e-02, -5.031e-02, 4296
+177.6, 1.1, 3.6, -8.978e-03, -1.775e-02, -5.029e-02, 3389
+177.6, 1.2, 3.7, -8.988e-03, -1.776e-02, -5.026e-02, 1388
+177.6, 1.2, 3.7, -8.995e-03, -1.776e-02, -5.024e-02, 2093
+177.6, 1.2, 3.7, -9.002e-03, -1.776e-02, -5.022e-02, 1352
+177.6, 1.2, 3.8, -9.013e-03, -1.776e-02, -5.020e-02, 1277
+177.6, 1.2, 3.8, -9.022e-03, -1.775e-02, -5.018e-02, 1333
+177.6, 1.2, 3.8, -9.029e-03, -1.775e-02, -5.016e-02, 1388
+177.6, 1.2, 3.9, -9.035e-03, -1.774e-02, -5.014e-02, 1277
+177.6, 1.2, 3.9, -9.041e-03, -1.774e-02, -5.012e-02, 1259
+177.6, 1.3, 3.9, -9.039e-03, -1.774e-02, -5.009e-02, 1278
+177.6, 1.3, 3.9, -9.034e-03, -1.774e-02, -5.007e-02, 1278
+177.6, 1.3, 3.9, -9.029e-03, -1.774e-02, -5.005e-02, 1277
+177.6, 1.3, 3.9, -9.026e-03, -1.774e-02, -5.003e-02, 1463
+177.6, 1.3, 3.9, -9.021e-03, -1.774e-02, -5.000e-02, 1259
+177.6, 1.3, 3.9, -9.032e-03, -1.774e-02, -4.998e-02, 1278
+177.6, 1.4, 3.9, -9.039e-03, -1.774e-02, -4.996e-02, 1277
+177.6, 1.4, 3.9, -9.046e-03, -1.774e-02, -4.993e-02, 3259
+177.6, 1.4, 4.0, -9.054e-03, -1.773e-02, -4.991e-02, 1278
+177.6, 1.4, 4.0, -9.059e-03, -1.773e-02, -4.989e-02, 1277
+177.6, 1.4, 4.0, -9.051e-03, -1.772e-02, -4.987e-02, 2593
+177.6, 1.4, 4.0, -9.044e-03, -1.771e-02, -4.985e-02, 1370
+177.6, 1.4, 4.0, -9.038e-03, -1.770e-02, -4.984e-02, 1260
+177.6, 1.4, 3.9, -9.029e-03, -1.769e-02, -4.982e-02, 1685
+177.6, 1.3, 3.9, -9.023e-03, -1.768e-02, -4.980e-02, 1296
+177.6, 1.3, 3.9, -9.010e-03, -1.767e-02, -4.978e-02, 1259
+177.6, 1.3, 3.9, -8.997e-03, -1.767e-02, -4.976e-02, 1297
+177.6, 1.3, 3.9, -8.988e-03, -1.766e-02, -4.975e-02, 1277
+177.6, 1.3, 3.8, -8.976e-03, -1.765e-02, -4.973e-02, 1222
+177.6, 1.3, 3.8, -8.967e-03, -1.764e-02, -4.971e-02, 1259
+177.7, 1.3, 3.7, -8.942e-03, -1.764e-02, -4.969e-02, 1259
+177.7, 1.3, 3.7, -8.919e-03, -1.763e-02, -4.967e-02, 1259
+177.7, 1.3, 3.6, -8.898e-03, -1.763e-02, -4.966e-02, 1278
+177.7, 1.3, 3.6, -8.876e-03, -1.762e-02, -4.964e-02, 1389
+177.7, 1.3, 3.5, -8.856e-03, -1.761e-02, -4.962e-02, 2093
+177.7, 1.3, 3.5, -8.843e-03, -1.762e-02, -4.960e-02, 1407
+177.7, 1.4, 3.5, -8.832e-03, -1.762e-02, -4.958e-02, 1259
+177.7, 1.4, 3.5, -8.822e-03, -1.762e-02, -4.955e-02, 1278
+177.7, 1.4, 3.4, -8.813e-03, -1.761e-02, -4.953e-02, 1278
+177.7, 1.4, 3.4, -8.804e-03, -1.761e-02, -4.951e-02, 1260
+177.7, 1.4, 3.4, -8.813e-03, -1.760e-02, -4.949e-02, 1259
+177.7, 1.4, 3.5, -8.822e-03, -1.759e-02, -4.947e-02, 1278
+177.7, 1.4, 3.5, -8.829e-03, -1.759e-02, -4.946e-02, 1296
+177.7, 1.4, 3.5, -8.835e-03, -1.758e-02, -4.944e-02, 1482
+177.7, 1.4, 3.6, -8.842e-03, -1.757e-02, -4.942e-02, 1407
+177.7, 1.4, 3.5, -8.835e-03, -1.756e-02, -4.940e-02, 1259
+177.7, 1.4, 3.5, -8.826e-03, -1.755e-02, -4.938e-02, 1277
+177.7, 1.4, 3.5, -8.821e-03, -1.755e-02, -4.937e-02, 1259
+177.7, 1.4, 3.5, -8.814e-03, -1.754e-02, -4.935e-02, 1260
+177.7, 1.4, 3.5, -8.810e-03, -1.753e-02, -4.933e-02, 1259
+177.7, 1.4, 3.5, -8.809e-03, -1.754e-02, -4.930e-02, 1259
+177.6, 1.5, 3.5, -8.807e-03, -1.756e-02, -4.927e-02, 1259
+177.6, 1.5, 3.5, -8.805e-03, -1.756e-02, -4.924e-02, 1333
+177.6, 1.6, 3.5, -8.803e-03, -1.757e-02, -4.921e-02, 1592
+177.6, 1.6, 3.5, -8.803e-03, -1.758e-02, -4.918e-02, 1259
+177.6, 1.6, 3.4, -8.771e-03, -1.757e-02, -4.916e-02, 1260
+177.6, 1.6, 3.3, -8.742e-03, -1.757e-02, -4.914e-02, 1259
+177.6, 1.6, 3.3, -8.712e-03, -1.756e-02, -4.912e-02, 2871
+177.6, 1.6, 3.2, -8.688e-03, -1.755e-02, -4.911e-02, 1259
+177.6, 1.6, 3.1, -8.666e-03, -1.755e-02, -4.909e-02, 1444
+177.6, 1.6, 3.2, -8.682e-03, -1.754e-02, -4.907e-02, 3129
+177.6, 1.6, 3.2, -8.696e-03, -1.753e-02, -4.904e-02, 1259
+177.6, 1.6, 3.3, -8.710e-03, -1.752e-02, -4.902e-02, 1277
+177.6, 1.6, 3.3, -8.721e-03, -1.751e-02, -4.900e-02, 1611
+177.6, 1.6, 3.4, -8.732e-03, -1.751e-02, -4.898e-02, 1260
+177.6, 1.6, 3.3, -8.707e-03, -1.750e-02, -4.896e-02, 1260
+177.6, 1.6, 3.3, -8.685e-03, -1.750e-02, -4.894e-02, 1574
+177.6, 1.6, 3.2, -8.663e-03, -1.749e-02, -4.892e-02, 1259
+177.6, 1.6, 3.2, -8.646e-03, -1.749e-02, -4.891e-02, 3760
+177.6, 1.6, 3.1, -8.629e-03, -1.748e-02, -4.889e-02, 3759
+177.6, 1.6, 3.1, -8.619e-03, -1.747e-02, -4.887e-02, 2574
+177.6, 1.6, 3.1, -8.607e-03, -1.747e-02, -4.885e-02, 1259
+177.6, 1.6, 3.0, -8.596e-03, -1.746e-02, -4.883e-02, 1259
+177.6, 1.6, 3.0, -8.588e-03, -1.746e-02, -4.881e-02, 1537
+177.6, 1.6, 3.0, -8.581e-03, -1.745e-02, -4.879e-02, 1259
+177.6, 1.6, 3.0, -8.585e-03, -1.744e-02, -4.877e-02, 1259
+177.6, 1.5, 3.0, -8.589e-03, -1.742e-02, -4.875e-02, 1315
+177.6, 1.5, 3.1, -8.590e-03, -1.741e-02, -4.874e-02, 2981
+177.6, 1.5, 3.1, -8.595e-03, -1.740e-02, -4.872e-02, 1277
+177.6, 1.5, 3.1, -8.599e-03, -1.739e-02, -4.870e-02, 1278
+177.6, 1.5, 3.2, -8.632e-03, -1.737e-02, -4.869e-02, 1259
+177.6, 1.4, 3.3, -8.660e-03, -1.736e-02, -4.867e-02, 1259
+177.7, 1.4, 3.3, -8.683e-03, -1.734e-02, -4.866e-02, 1333
+177.7, 1.4, 3.4, -8.707e-03, -1.733e-02, -4.864e-02, 1519
+177.7, 1.4, 3.5, -8.727e-03, -1.732e-02, -4.863e-02, 1389
+177.7, 1.4, 3.5, -8.738e-03, -1.731e-02, -4.861e-02, 1278
+177.7, 1.4, 3.6, -8.745e-03, -1.730e-02, -4.859e-02, 1260
+177.7, 1.3, 3.6, -8.754e-03, -1.729e-02, -4.857e-02, 1297
+177.7, 1.3, 3.6, -8.761e-03, -1.728e-02, -4.855e-02, 1241
+177.7, 1.3, 3.6, -8.766e-03, -1.727e-02, -4.853e-02, 1259
+177.7, 1.4, 3.7, -8.771e-03, -1.727e-02, -4.851e-02, 1297
+177.7, 1.4, 3.7, -8.780e-03, -1.727e-02, -4.849e-02, 1722
+177.6, 1.4, 3.7, -8.785e-03, -1.728e-02, -4.846e-02, 1296
+177.6, 1.4, 3.7, -8.791e-03, -1.727e-02, -4.844e-02, 1593
+177.6, 1.4, 3.8, -8.797e-03, -1.727e-02, -4.842e-02, 1389
+177.6, 1.4, 3.8, -8.792e-03, -1.726e-02, -4.840e-02, 1277
+177.6, 1.4, 3.8, -8.789e-03, -1.725e-02, -4.838e-02, 1259
+177.7, 1.4, 3.7, -8.783e-03, -1.724e-02, -4.836e-02, 1260
+177.7, 1.4, 3.7, -8.779e-03, -1.723e-02, -4.835e-02, 1278
+177.7, 1.4, 3.7, -8.773e-03, -1.722e-02, -4.833e-02, 1259
+177.7, 1.3, 3.8, -8.789e-03, -1.720e-02, -4.832e-02, 1259
+177.7, 1.3, 3.8, -8.806e-03, -1.718e-02, -4.831e-02, 1259
+177.7, 1.2, 3.9, -8.818e-03, -1.716e-02, -4.829e-02, 1259
+177.8, 1.2, 3.9, -8.829e-03, -1.714e-02, -4.828e-02, 1370
+177.8, 1.2, 4.0, -8.841e-03, -1.712e-02, -4.827e-02, 1259
+177.8, 1.2, 3.9, -8.833e-03, -1.712e-02, -4.825e-02, 1260
+177.8, 1.2, 3.9, -8.824e-03, -1.712e-02, -4.823e-02, 1278
+177.8, 1.2, 3.9, -8.816e-03, -1.711e-02, -4.821e-02, 1260
+177.8, 1.2, 3.9, -8.808e-03, -1.711e-02, -4.819e-02, 1259
+177.8, 1.2, 3.9, -8.801e-03, -1.711e-02, -4.817e-02, 1500
+177.8, 1.2, 3.8, -8.763e-03, -1.709e-02, -4.816e-02, 1352
+177.8, 1.2, 3.7, -8.731e-03, -1.708e-02, -4.815e-02, 1259
+177.8, 1.2, 3.6, -8.701e-03, -1.706e-02, -4.814e-02, 1444
+177.9, 1.1, 3.5, -8.676e-03, -1.705e-02, -4.813e-02, 1445
+177.9, 1.1, 3.5, -8.652e-03, -1.703e-02, -4.812e-02, 1260
+177.9, 1.1, 3.5, -8.655e-03, -1.703e-02, -4.811e-02, 1278
+173.0, -6.5, 66.6, -3.312e-02, -1.331e-02, -4.825e-02, 1278
+173.6, -6.2, 61.9, -3.149e-02, -1.353e-02, -4.822e-02, 3741
+174.1, -5.9, 57.4, -2.992e-02, -1.374e-02, -4.818e-02, 1260
+174.5, -5.5, 53.2, -2.844e-02, -1.393e-02, -4.815e-02, 1278
+161.9, -3.6, 149.4, -7.223e-02, -7.283e-03, -4.841e-02, 2889
+162.0, -3.9, 146.5, -7.119e-02, -7.395e-03, -4.841e-02, 1259
+162.2, -4.2, 143.3, -7.008e-02, -7.516e-03, -4.841e-02, 1278
+162.3, -4.5, 140.0, -6.889e-02, -7.646e-03, -4.840e-02, 1315
+162.6, -4.8, 136.4, -6.762e-02, -7.785e-03, -4.840e-02, 1278
+162.9, -5.2, 132.6, -6.628e-02, -7.926e-03, -4.839e-02, 1445
+163.2, -5.5, 128.6, -6.487e-02, -8.078e-03, -4.839e-02, 1426
+163.5, -5.8, 124.4, -6.337e-02, -8.239e-03, -4.838e-02, 1259
+163.9, -6.1, 119.9, -6.181e-02, -8.409e-03, -4.837e-02, 1277
+164.4, -6.3, 115.3, -6.017e-02, -8.587e-03, -4.835e-02, 1278
+164.9, -6.5, 110.4, -5.847e-02, -8.767e-03, -4.833e-02, 1278
+165.4, -6.7, 105.4, -5.672e-02, -8.954e-03, -4.831e-02, 1278
+165.9, -6.8, 100.3, -5.493e-02, -9.148e-03, -4.829e-02, 1278
+166.5, -6.9, 95.0, -5.311e-02, -9.346e-03, -4.827e-02, 1574
+167.1, -6.9, 89.8, -5.128e-02, -9.547e-03, -4.824e-02, 1277
+167.7, -6.9, 84.6, -4.946e-02, -9.757e-03, -4.823e-02, 4055
+168.3, -6.8, 79.4, -4.766e-02, -9.966e-03, -4.822e-02, 2704
+168.9, -6.7, 74.3, -4.588e-02, -1.017e-02, -4.820e-02, 2908
+169.5, -6.5, 69.3, -4.415e-02, -1.038e-02, -4.819e-02, 1260
+170.1, -6.3, 64.5, -4.247e-02, -1.058e-02, -4.817e-02, 1278
+170.5, -6.0, 60.0, -4.091e-02, -1.076e-02, -4.815e-02, 1259
+171.0, -5.7, 55.7, -3.941e-02, -1.094e-02, -4.812e-02, 1259
+171.3, -5.4, 51.6, -3.799e-02, -1.112e-02, -4.809e-02, 4129
+171.7, -5.0, 47.8, -3.664e-02, -1.128e-02, -4.806e-02, 1796
+172.0, -4.7, 44.2, -3.538e-02, -1.144e-02, -4.803e-02, 1296
+172.3, -4.4, 40.8, -3.419e-02, -1.158e-02, -4.800e-02, 1278
+172.5, -4.0, 37.7, -3.309e-02, -1.172e-02, -4.797e-02, 1389
+172.7, -3.7, 34.8, -3.206e-02, -1.185e-02, -4.794e-02, 1334
+172.9, -3.4, 32.1, -3.112e-02, -1.197e-02, -4.791e-02, 1259
+173.0, -3.1, 29.6, -3.024e-02, -1.208e-02, -4.788e-02, 1352
+173.2, -2.8, 27.3, -2.944e-02, -1.218e-02, -4.785e-02, 1278
+173.3, -2.6, 25.2, -2.870e-02, -1.228e-02, -4.783e-02, 1370
+173.4, -2.3, 23.3, -2.802e-02, -1.236e-02, -4.780e-02, 3185
+173.4, -2.1, 21.5, -2.739e-02, -1.245e-02, -4.778e-02, 1537
+173.5, -1.9, 19.9, -2.682e-02, -1.252e-02, -4.776e-02, 1296
+173.6, -1.6, 18.5, -2.633e-02, -1.260e-02, -4.773e-02, 1259
+173.6, -1.4, 17.3, -2.587e-02, -1.266e-02, -4.770e-02, 1278
+173.6, -1.3, 16.1, -2.546e-02, -1.272e-02, -4.767e-02, 1889
+173.7, -1.1, 15.0, -2.508e-02, -1.278e-02, -4.764e-02, 1852
+173.7, -0.9, 14.1, -2.473e-02, -1.283e-02, -4.762e-02, 1278
+173.7, -0.8, 13.1, -2.437e-02, -1.286e-02, -4.761e-02, 1277
+173.8, -0.8, 12.2, -2.406e-02, -1.289e-02, -4.761e-02, 1260
+173.9, -0.7, 11.4, -2.376e-02, -1.291e-02, -4.760e-02, 1278
+173.9, -0.6, 10.6, -2.349e-02, -1.293e-02, -4.760e-02, 1277
+173.9, -0.6, 9.9, -2.325e-02, -1.295e-02, -4.759e-02, 1278
+174.0, -0.5, 9.3, -2.303e-02, -1.297e-02, -4.758e-02, 1259
+174.1, -0.4, 8.4, -2.269e-02, -1.299e-02, -4.759e-02, 1389
+174.1, -0.4, 7.9, -2.252e-02, -1.301e-02, -4.758e-02, 3333
+174.1, -0.3, 7.5, -2.237e-02, -1.302e-02, -4.757e-02, 1500
+174.2, -0.3, 7.1, -2.223e-02, -1.303e-02, -4.756e-02, 1592
+174.2, -0.2, 6.4, -2.196e-02, -1.306e-02, -4.756e-02, 3167
+174.2, -0.1, 6.1, -2.185e-02, -1.308e-02, -4.754e-02, 1296
+174.3, -0.1, 5.8, -2.175e-02, -1.310e-02, -4.752e-02, 1463
+174.3, 0.0, 5.6, -2.166e-02, -1.312e-02, -4.751e-02, 1445
+174.3, 0.1, 5.4, -2.158e-02, -1.314e-02, -4.749e-02, 1259
+174.3, 0.1, 5.2, -2.153e-02, -1.315e-02, -4.748e-02, 1259
+174.3, 0.1, 5.1, -2.148e-02, -1.316e-02, -4.747e-02, 1426
+174.4, 0.2, 5.0, -2.143e-02, -1.316e-02, -4.745e-02, 1704
+174.4, 0.2, 4.9, -2.140e-02, -1.317e-02, -4.744e-02, 3574
+174.4, 0.2, 4.8, -2.136e-02, -1.317e-02, -4.743e-02, 1259
+174.4, 0.2, 4.7, -2.129e-02, -1.317e-02, -4.742e-02, 1260
+174.5, 0.2, 4.5, -2.123e-02, -1.317e-02, -4.742e-02, 1259
+174.5, 0.2, 4.4, -2.117e-02, -1.317e-02, -4.741e-02, 2778
+174.6, 0.3, 4.3, -2.112e-02, -1.317e-02, -4.740e-02, 3648
+174.6, 0.3, 4.1, -2.107e-02, -1.317e-02, -4.740e-02, 3111
+174.6, 0.3, 4.1, -2.105e-02, -1.317e-02, -4.738e-02, 1259
+174.6, 0.3, 4.1, -2.104e-02, -1.318e-02, -4.737e-02, 1648
+174.7, 0.3, 4.1, -2.102e-02, -1.318e-02, -4.736e-02, 1296
+174.7, 0.3, 4.0, -2.100e-02, -1.318e-02, -4.735e-02, 1259
+174.7, 0.4, 4.0, -2.099e-02, -1.318e-02, -4.733e-02, 1278
+174.7, 0.4, 4.0, -2.097e-02, -1.319e-02, -4.732e-02, 1259
+174.7, 0.4, 3.9, -2.095e-02, -1.320e-02, -4.730e-02, 1259
+174.8, 0.5, 3.9, -2.093e-02, -1.321e-02, -4.729e-02, 1259
+174.8, 0.5, 3.9, -2.091e-02, -1.321e-02, -4.727e-02, 3759
+174.8, 0.5, 3.8, -2.089e-02, -1.322e-02, -4.726e-02, 1259
+174.8, 0.6, 3.9, -2.089e-02, -1.322e-02, -4.724e-02, 1370
+174.8, 0.6, 3.9, -2.089e-02, -1.323e-02, -4.722e-02, 1426
+174.8, 0.6, 3.9, -2.088e-02, -1.323e-02, -4.721e-02, 1278
+174.8, 0.6, 3.9, -2.088e-02, -1.323e-02, -4.719e-02, 3333
+174.8, 0.6, 3.9, -2.087e-02, -1.323e-02, -4.718e-02, 1260
+174.8, 0.6, 3.8, -2.084e-02, -1.323e-02, -4.716e-02, 1703
+174.9, 0.7, 3.8, -2.082e-02, -1.324e-02, -4.715e-02, 1259
+174.9, 0.7, 3.7, -2.080e-02, -1.324e-02, -4.713e-02, 4518
+174.9, 0.7, 3.7, -2.078e-02, -1.324e-02, -4.712e-02, 3834
+174.9, 0.7, 3.7, -2.075e-02, -1.324e-02, -4.711e-02, 1277
+174.9, 0.7, 3.7, -2.074e-02, -1.324e-02, -4.709e-02, 1278
+174.9, 0.8, 3.6, -2.073e-02, -1.325e-02, -4.707e-02, 1260
+174.9, 0.8, 3.6, -2.073e-02, -1.325e-02, -4.705e-02, 1426
+174.9, 0.8, 3.7, -2.072e-02, -1.326e-02, -4.703e-02, 4222
+174.9, 0.8, 3.6, -2.071e-02, -1.326e-02, -4.701e-02, 1259
+174.9, 0.8, 3.7, -2.072e-02, -1.326e-02, -4.700e-02, 1277
+175.0, 0.8, 3.7, -2.073e-02, -1.326e-02, -4.698e-02, 1260
+175.0, 0.8, 3.8, -2.073e-02, -1.325e-02, -4.697e-02, 1352
+175.0, 0.8, 3.8, -2.074e-02, -1.325e-02, -4.696e-02, 1593
+175.0, 0.8, 3.8, -2.074e-02, -1.325e-02, -4.694e-02, 1444
+175.0, 0.8, 3.9, -2.077e-02, -1.323e-02, -4.693e-02, 1259
+175.1, 0.7, 4.0, -2.079e-02, -1.321e-02, -4.693e-02, 1277
+175.1, 0.7, 4.1, -2.082e-02, -1.319e-02, -4.692e-02, 1259
+175.1, 0.7, 4.2, -2.084e-02, -1.318e-02, -4.691e-02, 1278
+175.2, 0.6, 4.3, -2.086e-02, -1.316e-02, -4.691e-02, 1277
+175.2, 0.6, 4.2, -2.082e-02, -1.315e-02, -4.690e-02, 3222
+175.2, 0.6, 4.1, -2.079e-02, -1.314e-02, -4.689e-02, 1370
+175.3, 0.6, 4.0, -2.075e-02, -1.313e-02, -4.688e-02, 1314
+175.3, 0.6, 4.0, -2.072e-02, -1.313e-02, -4.687e-02, 1630
+175.3, 0.6, 3.9, -2.069e-02, -1.312e-02, -4.687e-02, 1278
+175.3, 0.6, 4.0, -2.070e-02, -1.312e-02, -4.685e-02, 1259
+175.3, 0.6, 4.0, -2.070e-02, -1.312e-02, -4.684e-02, 1278
+175.4, 0.6, 4.0, -2.070e-02, -1.312e-02, -4.682e-02, 2111
+175.4, 0.6, 4.0, -2.071e-02, -1.311e-02, -4.681e-02, 1370
+175.4, 0.6, 4.1, -2.071e-02, -1.311e-02, -4.679e-02, 1259
+175.4, 0.6, 4.1, -2.071e-02, -1.311e-02, -4.678e-02, 1278
+175.4, 0.6, 4.1, -2.071e-02, -1.311e-02, -4.676e-02, 1259
+175.4, 0.6, 4.2, -2.071e-02, -1.311e-02, -4.675e-02, 1315
+175.4, 0.7, 4.2, -2.071e-02, -1.311e-02, -4.673e-02, 1649
+175.5, 0.7, 4.2, -2.071e-02, -1.311e-02, -4.672e-02, 2889
+175.4, 0.7, 4.2, -2.072e-02, -1.311e-02, -4.670e-02, 3556
+175.4, 0.7, 4.3, -2.073e-02, -1.311e-02, -4.668e-02, 1278
+175.4, 0.7, 4.3, -2.073e-02, -1.312e-02, -4.666e-02, 1277
+175.4, 0.7, 4.3, -2.073e-02, -1.312e-02, -4.664e-02, 3741
+175.5, 0.8, 4.4, -2.074e-02, -1.312e-02, -4.663e-02, 1259
+175.5, 0.8, 4.4, -2.075e-02, -1.311e-02, -4.661e-02, 1260
+175.5, 0.8, 4.5, -2.076e-02, -1.311e-02, -4.660e-02, 1278
+175.5, 0.8, 4.5, -2.077e-02, -1.310e-02, -4.658e-02, 1277
+175.5, 0.8, 4.6, -2.078e-02, -1.310e-02, -4.657e-02, 1760
+175.5, 0.8, 4.6, -2.078e-02, -1.309e-02, -4.655e-02, 1296
+175.5, 0.8, 4.5, -2.076e-02, -1.310e-02, -4.653e-02, 1260
+175.5, 0.8, 4.5, -2.073e-02, -1.311e-02, -4.651e-02, 1259
+175.5, 0.9, 4.4, -2.070e-02, -1.312e-02, -4.649e-02, 1259
+175.5, 0.9, 4.4, -2.068e-02, -1.313e-02, -4.647e-02, 1260
+175.5, 0.9, 4.4, -2.067e-02, -1.313e-02, -4.645e-02, 1259
+175.5, 0.9, 4.4, -2.065e-02, -1.310e-02, -4.645e-02, 1259
+175.6, 0.8, 4.3, -2.064e-02, -1.307e-02, -4.645e-02, 1259
+175.6, 0.7, 4.3, -2.062e-02, -1.305e-02, -4.645e-02, 1277
+175.7, 0.7, 4.3, -2.061e-02, -1.303e-02, -4.645e-02, 1592
+175.7, 0.6, 4.3, -2.060e-02, -1.301e-02, -4.644e-02, 2685
+175.7, 0.7, 4.2, -2.058e-02, -1.302e-02, -4.642e-02, 1259
+175.7, 0.7, 4.2, -2.056e-02, -1.302e-02, -4.641e-02, 1278
+175.7, 0.7, 4.2, -2.054e-02, -1.303e-02, -4.639e-02, 1352
+175.7, 0.8, 4.1, -2.052e-02, -1.304e-02, -4.637e-02, 3389
+175.7, 0.8, 4.1, -2.050e-02, -1.304e-02, -4.635e-02, 1278
+175.8, 0.8, 4.1, -2.047e-02, -1.303e-02, -4.634e-02, 1611
+175.8, 0.8, 4.0, -2.045e-02, -1.302e-02, -4.633e-02, 1277
+175.8, 0.7, 4.0, -2.043e-02, -1.301e-02, -4.632e-02, 1426
+175.8, 0.7, 3.9, -2.041e-02, -1.300e-02, -4.631e-02, 1463
+175.9, 0.7, 3.9, -2.039e-02, -1.299e-02, -4.630e-02, 1408
+175.9, 0.8, 3.9, -2.037e-02, -1.300e-02, -4.628e-02, 1259
+176.1, 3.3, 9.5, -2.233e-02, -1.388e-02, -4.623e-02, 1259
+176.1, 3.1, 9.0, -2.214e-02, -1.382e-02, -4.623e-02, 1278
+176.1, 3.0, 8.5, -2.196e-02, -1.376e-02, -4.623e-02, 1259
+176.2, 2.8, 8.1, -2.180e-02, -1.371e-02, -4.623e-02, 1389
+176.2, 2.7, 7.7, -2.165e-02, -1.365e-02, -4.623e-02, 2500
+176.3, 2.5, 7.3, -2.152e-02, -1.359e-02, -4.624e-02, 3963
+176.3, 2.4, 7.0, -2.139e-02, -1.354e-02, -4.624e-02, 2944
+176.3, 2.2, 6.7, -2.128e-02, -1.349e-02, -4.624e-02, 1259
+176.4, 2.1, 6.4, -2.118e-02, -1.345e-02, -4.624e-02, 1260
+176.4, 2.0, 6.1, -2.108e-02, -1.341e-02, -4.624e-02, 1259
+176.5, 1.9, 5.9, -2.099e-02, -1.337e-02, -4.624e-02, 1277
+176.5, 1.8, 5.7, -2.091e-02, -1.334e-02, -4.624e-02, 1278
+176.5, 1.7, 5.5, -2.083e-02, -1.330e-02, -4.624e-02, 1259
+176.6, 1.6, 5.3, -2.076e-02, -1.327e-02, -4.623e-02, 1259
+176.6, 1.6, 5.1, -2.069e-02, -1.324e-02, -4.623e-02, 1277
+176.7, 1.5, 5.0, -2.062e-02, -1.320e-02, -4.623e-02, 1259
+176.7, 1.4, 4.8, -2.056e-02, -1.318e-02, -4.623e-02, 1260
+176.7, 1.3, 4.7, -2.050e-02, -1.315e-02, -4.623e-02, 1315
+176.8, 1.3, 4.5, -2.045e-02, -1.313e-02, -4.622e-02, 1297
+176.8, 1.2, 4.4, -2.040e-02, -1.310e-02, -4.622e-02, 1277
+176.9, 1.2, 4.3, -2.035e-02, -1.308e-02, -4.621e-02, 1260
+176.9, 1.1, 4.2, -2.030e-02, -1.306e-02, -4.621e-02, 1278
+176.9, 1.1, 4.1, -2.026e-02, -1.304e-02, -4.620e-02, 1259
+177.0, 1.0, 4.0, -2.022e-02, -1.303e-02, -4.619e-02, 1260
+176.9, 1.1, 3.9, -2.020e-02, -1.304e-02, -4.617e-02, 1259
+176.9, 1.1, 3.9, -2.019e-02, -1.305e-02, -4.614e-02, 1259
+176.9, 1.2, 3.9, -2.017e-02, -1.305e-02, -4.612e-02, 1333
+176.9, 1.2, 3.8, -2.015e-02, -1.306e-02, -4.609e-02, 1426
+176.9, 1.2, 3.8, -2.014e-02, -1.306e-02, -4.607e-02, 1278
+176.8, 1.3, 3.9, -2.015e-02, -1.307e-02, -4.605e-02, 1278
+176.8, 1.3, 3.9, -2.015e-02, -1.307e-02, -4.602e-02, 4222
+176.8, 1.3, 3.9, -2.016e-02, -1.307e-02, -4.600e-02, 4018
+176.8, 1.3, 4.0, -2.017e-02, -1.307e-02, -4.597e-02, 4222
+176.8, 1.3, 4.0, -2.017e-02, -1.308e-02, -4.595e-02, 1297
+176.7, 1.4, 4.0, -2.016e-02, -1.310e-02, -4.591e-02, 1278
+176.7, 1.5, 4.0, -2.015e-02, -1.311e-02, -4.588e-02, 1278
+176.7, 1.5, 4.0, -2.014e-02, -1.313e-02, -4.584e-02, 1352
+176.6, 1.6, 4.0, -2.014e-02, -1.315e-02, -4.581e-02, 1574
+176.6, 1.6, 4.0, -2.012e-02, -1.316e-02, -4.577e-02, 1278
+176.6, 1.5, 4.0, -2.012e-02, -1.312e-02, -4.577e-02, 1259
+176.7, 1.5, 4.0, -2.012e-02, -1.309e-02, -4.577e-02, 2648
+176.7, 1.4, 4.0, -2.012e-02, -1.306e-02, -4.576e-02, 1963
+176.7, 1.3, 4.0, -2.011e-02, -1.303e-02, -4.576e-02, 1259
+176.8, 1.3, 4.0, -2.011e-02, -1.300e-02, -4.575e-02, 1278
+176.8, 1.2, 4.1, -2.013e-02, -1.299e-02, -4.574e-02, 1241
+176.8, 1.2, 4.2, -2.014e-02, -1.297e-02, -4.573e-02, 1277
+176.8, 1.2, 4.2, -2.016e-02, -1.296e-02, -4.571e-02, 1259
+176.8, 1.1, 4.3, -2.017e-02, -1.294e-02, -4.570e-02, 1481
+176.8, 1.1, 4.4, -2.018e-02, -1.293e-02, -4.569e-02, 1259
+176.8, 1.1, 4.3, -2.014e-02, -1.293e-02, -4.567e-02, 1278
+176.8, 1.1, 4.2, -2.010e-02, -1.293e-02, -4.565e-02, 1259
+176.8, 1.1, 4.1, -2.006e-02, -1.293e-02, -4.563e-02, 1278
+176.8, 1.2, 4.0, -2.003e-02, -1.293e-02, -4.561e-02, 2926
+176.8, 1.2, 3.9, -2.000e-02, -1.293e-02, -4.559e-02, 2908
+176.8, 1.2, 3.9, -1.999e-02, -1.293e-02, -4.557e-02, 2037
+176.8, 1.2, 3.9, -1.998e-02, -1.292e-02, -4.556e-02, 1278
+176.8, 1.1, 3.9, -1.997e-02, -1.291e-02, -4.554e-02, 1407
+176.8, 1.1, 3.9, -1.996e-02, -1.290e-02, -4.552e-02, 1500
+176.8, 1.1, 3.9, -1.995e-02, -1.290e-02, -4.551e-02, 1277
+176.9, 1.1, 3.9, -1.994e-02, -1.288e-02, -4.550e-02, 1259
+176.9, 1.1, 3.9, -1.993e-02, -1.286e-02, -4.549e-02, 1296
+176.9, 1.0, 3.9, -1.992e-02, -1.284e-02, -4.548e-02, 1278
+176.9, 1.0, 3.9, -1.991e-02, -1.283e-02, -4.547e-02, 1241
+177.0, 1.0, 3.9, -1.991e-02, -1.281e-02, -4.547e-02, 1278
+176.9, 1.0, 4.0, -1.993e-02, -1.282e-02, -4.544e-02, 1278
+176.9, 1.0, 4.0, -1.994e-02, -1.283e-02, -4.541e-02, 1278
+176.9, 1.1, 4.1, -1.996e-02, -1.284e-02, -4.538e-02, 1241
+176.9, 1.1, 4.1, -1.997e-02, -1.285e-02, -4.536e-02, 1259
+176.8, 1.1, 4.2, -1.999e-02, -1.285e-02, -4.533e-02, 1260
+176.8, 1.2, 4.1, -1.996e-02, -1.287e-02, -4.530e-02, 1259
+176.8, 1.2, 4.1, -1.994e-02, -1.288e-02, -4.527e-02, 1259
+176.8, 1.3, 4.1, -1.992e-02, -1.289e-02, -4.524e-02, 1408
+176.8, 1.3, 4.0, -1.990e-02, -1.290e-02, -4.522e-02, 1259
+176.7, 1.4, 4.0, -1.988e-02, -1.291e-02, -4.519e-02, 4000
+176.7, 1.4, 3.9, -1.986e-02, -1.290e-02, -4.517e-02, 4166
+176.7, 1.4, 3.9, -1.984e-02, -1.290e-02, -4.515e-02, 1278
+176.7, 1.3, 3.9, -1.982e-02, -1.289e-02, -4.514e-02, 1389
+176.7, 1.3, 3.8, -1.980e-02, -1.288e-02, -4.512e-02, 1666
+176.7, 1.3, 3.8, -1.978e-02, -1.288e-02, -4.510e-02, 1259
+176.7, 1.4, 3.8, -1.978e-02, -1.288e-02, -4.508e-02, 2148
+176.7, 1.4, 3.9, -1.978e-02, -1.288e-02, -4.505e-02, 1759
+176.7, 1.4, 3.9, -1.978e-02, -1.288e-02, -4.503e-02, 1352
+176.7, 1.4, 3.9, -1.978e-02, -1.288e-02, -4.501e-02, 1277
+176.7, 1.4, 3.9, -1.978e-02, -1.288e-02, -4.498e-02, 1259
+176.7, 1.4, 3.9, -1.976e-02, -1.286e-02, -4.497e-02, 1259
+176.7, 1.3, 3.8, -1.974e-02, -1.284e-02, -4.497e-02, 1519
+176.7, 1.3, 3.8, -1.972e-02, -1.282e-02, -4.496e-02, 1407
+176.8, 1.2, 3.8, -1.970e-02, -1.280e-02, -4.495e-02, 1408
+176.8, 1.2, 3.7, -1.969e-02, -1.279e-02, -4.494e-02, 1259
+176.8, 1.2, 3.7, -1.968e-02, -1.278e-02, -4.492e-02, 1259
+176.8, 1.2, 3.7, -1.967e-02, -1.278e-02, -4.490e-02, 1259
+176.8, 1.2, 3.7, -1.965e-02, -1.278e-02, -4.488e-02, 3148
+176.8, 1.2, 3.7, -1.965e-02, -1.277e-02, -4.486e-02, 3573
+176.8, 1.2, 3.7, -1.963e-02, -1.277e-02, -4.484e-02, 1278
+176.8, 1.2, 3.7, -1.962e-02, -1.275e-02, -4.483e-02, 1260
+176.8, 1.2, 3.7, -1.961e-02, -1.274e-02, -4.482e-02, 1241
+176.8, 1.1, 3.6, -1.960e-02, -1.272e-02, -4.481e-02, 1259
+176.8, 1.1, 3.6, -1.960e-02, -1.271e-02, -4.479e-02, 1278
+176.8, 1.1, 3.6, -1.959e-02, -1.270e-02, -4.478e-02, 1277
+176.8, 1.1, 3.7, -1.960e-02, -1.269e-02, -4.477e-02, 1278
+176.8, 1.1, 3.7, -1.961e-02, -1.268e-02, -4.475e-02, 1260
+176.9, 1.0, 3.8, -1.962e-02, -1.267e-02, -4.474e-02, 1259
+176.9, 1.0, 3.8, -1.962e-02, -1.265e-02, -4.473e-02, 1278
+176.9, 1.0, 3.9, -1.963e-02, -1.264e-02, -4.471e-02, 1278
+176.9, 1.0, 3.9, -1.963e-02, -1.265e-02, -4.469e-02, 2315
+176.9, 1.0, 3.9, -1.963e-02, -1.265e-02, -4.467e-02, 1278
+176.9, 1.1, 3.9, -1.962e-02, -1.265e-02, -4.465e-02, 1259
+176.9, 1.1, 3.9, -1.962e-02, -1.265e-02, -4.463e-02, 1260
+176.8, 1.1, 3.9, -1.962e-02, -1.265e-02, -4.461e-02, 1259
+176.9, 1.1, 3.8, -1.958e-02, -1.265e-02, -4.459e-02, 1241
+176.9, 1.1, 3.7, -1.954e-02, -1.264e-02, -4.458e-02, 1611
+176.9, 1.1, 3.7, -1.951e-02, -1.264e-02, -4.456e-02, 1426
+176.9, 1.1, 3.6, -1.948e-02, -1.264e-02, -4.455e-02, 3722
+176.9, 1.1, 3.5, -1.945e-02, -1.263e-02, -4.453e-02, 1296
+176.9, 1.1, 3.6, -1.946e-02, -1.263e-02, -4.451e-02, 1315
+176.9, 1.1, 3.6, -1.946e-02, -1.263e-02, -4.449e-02, 1296
+176.9, 1.1, 3.6, -1.947e-02, -1.263e-02, -4.447e-02, 1463
+176.8, 1.2, 3.7, -1.947e-02, -1.264e-02, -4.445e-02, 1463
+176.8, 1.2, 3.7, -1.947e-02, -1.264e-02, -4.443e-02, 1296
+176.8, 1.2, 3.7, -1.947e-02, -1.263e-02, -4.441e-02, 1296
+176.8, 1.2, 3.8, -1.948e-02, -1.263e-02, -4.439e-02, 1297
+176.8, 1.2, 3.8, -1.948e-02, -1.263e-02, -4.437e-02, 1426
+176.8, 1.2, 3.8, -1.948e-02, -1.263e-02, -4.435e-02, 1259
+176.8, 1.2, 3.8, -1.948e-02, -1.262e-02, -4.433e-02, 1278
+176.8, 1.2, 3.7, -1.944e-02, -1.264e-02, -4.430e-02, 1370
+176.8, 1.3, 3.6, -1.940e-02, -1.265e-02, -4.427e-02, 1259
+177.0, 4.7, 8.8, -2.121e-02, -1.383e-02, -4.421e-02, 1259
+177.0, 4.4, 8.3, -2.101e-02, -1.375e-02, -4.421e-02, 2314
+177.0, 4.2, 7.8, -2.083e-02, -1.367e-02, -4.421e-02, 2111
+175.4, 1.7, 76.3, -4.808e-02, -1.242e-02, -4.438e-02, 2111
+175.4, 1.7, 71.4, -4.637e-02, -1.242e-02, -4.438e-02, 2129
+175.5, 1.6, 66.7, -4.470e-02, -1.242e-02, -4.439e-02, 2074
+175.5, 1.6, 62.1, -4.309e-02, -1.242e-02, -4.440e-02, 2129
+175.6, 1.5, 57.8, -4.156e-02, -1.242e-02, -4.440e-02, 1259
+175.6, 1.5, 53.7, -4.010e-02, -1.243e-02, -4.439e-02, 1260
+175.6, 1.5, 49.8, -3.873e-02, -1.243e-02, -4.437e-02, 1277
+175.6, 1.5, 46.1, -3.744e-02, -1.243e-02, -4.436e-02, 1259
+175.6, 1.5, 42.7, -3.622e-02, -1.243e-02, -4.435e-02, 2963
+175.7, 1.5, 39.5, -3.509e-02, -1.243e-02, -4.433e-02, 1260
+175.7, 1.5, 36.4, -3.402e-02, -1.241e-02, -4.435e-02, 1519
+175.8, 1.4, 33.6, -3.303e-02, -1.240e-02, -4.437e-02, 1260
+175.9, 1.3, 31.0, -3.211e-02, -1.239e-02, -4.439e-02, 4556
+176.0, 1.2, 28.6, -3.126e-02, -1.237e-02, -4.441e-02, 3926
+176.0, 1.2, 26.4, -3.048e-02, -1.236e-02, -4.442e-02, 1259
+176.1, 1.2, 24.4, -2.977e-02, -1.237e-02, -4.441e-02, 1259
+176.1, 1.2, 22.6, -2.911e-02, -1.237e-02, -4.439e-02, 1260
+176.1, 1.2, 20.9, -2.852e-02, -1.238e-02, -4.438e-02, 1463
+176.1, 1.2, 19.4, -2.797e-02, -1.238e-02, -4.436e-02, 1407
+176.1, 1.3, 18.0, -2.746e-02, -1.238e-02, -4.434e-02, 1259
+176.1, 1.3, 16.6, -2.700e-02, -1.239e-02, -4.432e-02, 1260
+176.1, 1.4, 15.4, -2.656e-02, -1.241e-02, -4.429e-02, 1240
+176.1, 1.4, 14.3, -2.617e-02, -1.242e-02, -4.426e-02, 1278
+176.1, 1.5, 13.3, -2.581e-02, -1.242e-02, -4.424e-02, 3278
+176.0, 1.5, 12.4, -2.548e-02, -1.243e-02, -4.421e-02, 1278
+176.1, 1.4, 11.7, -2.521e-02, -1.241e-02, -4.421e-02, 2666
+176.1, 1.4, 11.0, -2.496e-02, -1.240e-02, -4.420e-02, 1277
+176.1, 1.4, 10.3, -2.473e-02, -1.238e-02, -4.419e-02, 1315
+176.1, 1.3, 9.8, -2.452e-02, -1.236e-02, -4.419e-02, 1315
+176.2, 1.3, 9.2, -2.433e-02, -1.235e-02, -4.418e-02, 1278
+176.2, 1.3, 8.6, -2.411e-02, -1.234e-02, -4.417e-02, 1259
