AHRS quaternion float evaluation application, compiled Jul 29 2022 14:53:45
Sensor data will be streamed after initialization.
GPIO initialized.
i2c bus opened with handle 0.
Device with address a0 found
+0.8, 1.0, 1.5, -5.366e-04, -3.598e-04, -2.699e-04, 50702
+1.6, 1.9, 3.0, -1.031e-03, -6.867e-04, -5.324e-04, 3871
+2.4, 2.7, 4.3, -1.488e-03, -9.910e-04, -7.877e-04, 2370
+3.1, 3.5, 5.5, -1.902e-03, -1.271e-03, -1.036e-03, 4889
+3.9, 4.1, 6.7, -2.284e-03, -1.530e-03, -1.277e-03, 2333
+4.7, 4.8, 7.7, -2.623e-03, -1.772e-03, -1.513e-03, 2148
+5.4, 5.3, 8.7, -2.934e-03, -1.997e-03, -1.742e-03, 5278
+6.2, 5.8, 9.5, -3.215e-03, -2.202e-03, -1.966e-03, 1296
+6.9, 6.2, 10.3, -3.470e-03, -2.390e-03, -2.185e-03, 1574
+7.6, 6.6, 11.1, -3.703e-03, -2.563e-03, -2.399e-03, 1315
+8.2, 6.9, 11.7, -3.886e-03, -2.729e-03, -2.602e-03, 4944
+8.9, 7.2, 12.3, -4.051e-03, -2.881e-03, -2.801e-03, 4463
+9.5, 7.5, 12.8, -4.198e-03, -3.024e-03, -2.995e-03, 4463
+10.2, 7.8, 13.2, -4.330e-03, -3.151e-03, -3.187e-03, 5704
+10.8, 8.0, 13.6, -4.447e-03, -3.268e-03, -3.377e-03, 2704
+11.4, 8.2, 14.1, -4.565e-03, -3.388e-03, -3.570e-03, 1870
+12.0, 8.3, 14.5, -4.667e-03, -3.499e-03, -3.760e-03, 1722
+12.6, 8.5, 14.8, -4.761e-03, -3.606e-03, -3.946e-03, 1556
+13.2, 8.6, 15.1, -4.839e-03, -3.702e-03, -4.131e-03, 1963
+13.8, 8.7, 15.4, -4.910e-03, -3.790e-03, -4.313e-03, 1981
+14.4, 8.8, 15.7, -4.974e-03, -3.850e-03, -4.489e-03, 1667
+14.9, 8.8, 15.9, -5.028e-03, -3.907e-03, -4.662e-03, 2130
+15.4, 8.8, 16.1, -5.071e-03, -3.957e-03, -4.833e-03, 1556
+15.9, 8.8, 16.3, -5.109e-03, -4.008e-03, -5.001e-03, 3389
+16.5, 8.8, 16.5, -5.137e-03, -4.053e-03, -5.169e-03, 1278
+16.9, 8.8, 16.6, -5.153e-03, -4.089e-03, -5.330e-03, 1297
+17.4, 8.7, 16.7, -5.165e-03, -4.121e-03, -5.490e-03, 1315
+17.9, 8.7, 16.8, -5.171e-03, -4.153e-03, -5.648e-03, 1333
+18.4, 8.6, 16.9, -5.173e-03, -4.185e-03, -5.805e-03, 1426
+18.8, 8.6, 17.0, -5.172e-03, -4.213e-03, -5.962e-03, 1648
+19.3, 8.6, 17.1, -5.179e-03, -4.262e-03, -6.126e-03, 1297
+19.8, 8.6, 17.2, -5.182e-03, -4.308e-03, -6.289e-03, 2259
+20.3, 8.5, 17.2, -5.182e-03, -4.350e-03, -6.451e-03, 4018
+20.8, 8.5, 17.3, -5.177e-03, -4.389e-03, -6.613e-03, 2519
+21.3, 8.5, 17.3, -5.169e-03, -4.428e-03, -6.773e-03, 1759
+21.8, 8.5, 17.4, -5.169e-03, -4.468e-03, -6.935e-03, 1259
+22.3, 8.4, 17.5, -5.166e-03, -4.503e-03, -7.098e-03, 1389
+22.8, 8.4, 17.5, -5.156e-03, -4.537e-03, -7.259e-03, 1352
+23.2, 8.3, 17.6, -5.146e-03, -4.571e-03, -7.419e-03, 1500
+23.7, 8.3, 17.6, -5.132e-03, -4.600e-03, -7.579e-03, 1296
+24.2, 8.3, 17.5, -5.087e-03, -4.650e-03, -7.726e-03, 1259
+24.6, 8.3, 17.5, -5.040e-03, -4.696e-03, -7.873e-03, 1944
+25.1, 8.3, 17.4, -4.994e-03, -4.736e-03, -8.021e-03, 1834
+25.5, 8.2, 17.4, -4.949e-03, -4.776e-03, -8.168e-03, 4870
+26.0, 8.2, 17.3, -4.904e-03, -4.814e-03, -8.315e-03, 3241
+26.5, 8.1, 17.3, -4.891e-03, -4.839e-03, -8.476e-03, 2537
+26.9, 8.1, 17.3, -4.875e-03, -4.862e-03, -8.637e-03, 1518
+27.4, 8.0, 17.4, -4.859e-03, -4.887e-03, -8.796e-03, 1889
+27.9, 7.9, 17.4, -4.838e-03, -4.909e-03, -8.954e-03, 1593
+28.4, 7.9, 17.4, -4.816e-03, -4.930e-03, -9.112e-03, 2723
+28.8, 7.8, 17.3, -4.759e-03, -4.956e-03, -9.252e-03, 1778
+29.2, 7.8, 17.2, -4.703e-03, -4.980e-03, -9.392e-03, 1722
+29.6, 7.7, 17.1, -4.647e-03, -5.005e-03, -9.532e-03, 1315
+30.0, 7.7, 17.0, -4.594e-03, -5.029e-03, -9.672e-03, 3704
+30.5, 7.6, 16.9, -4.541e-03, -5.051e-03, -9.811e-03, 1241
+30.9, 7.5, 16.8, -4.505e-03, -5.079e-03, -9.961e-03, 1444
+31.4, 7.5, 16.8, -4.471e-03, -5.106e-03, -1.011e-02, 1759
+31.8, 7.4, 16.8, -4.435e-03, -5.133e-03, -1.026e-02, 1389
+32.2, 7.4, 16.7, -4.396e-03, -5.159e-03, -1.041e-02, 1760
+32.7, 7.4, 16.7, -4.358e-03, -5.185e-03, -1.055e-02, 1259
+33.1, 7.3, 16.6, -4.320e-03, -5.199e-03, -1.070e-02, 1426
+33.5, 7.2, 16.5, -4.279e-03, -5.211e-03, -1.084e-02, 1611
+34.0, 7.1, 16.5, -4.239e-03, -5.226e-03, -1.099e-02, 1241
+34.4, 7.0, 16.4, -4.198e-03, -5.242e-03, -1.113e-02, 2963
+34.8, 7.0, 16.3, -4.155e-03, -5.255e-03, -1.127e-02, 4611
+35.2, 6.8, 16.3, -4.127e-03, -5.257e-03, -1.142e-02, 4148
+35.6, 6.7, 16.3, -4.095e-03, -5.259e-03, -1.156e-02, 2666
+36.1, 6.6, 16.3, -4.066e-03, -5.265e-03, -1.171e-02, 1740
+36.5, 6.5, 16.2, -4.032e-03, -5.269e-03, -1.185e-02, 3944
+36.9, 6.4, 16.2, -3.999e-03, -5.273e-03, -1.199e-02, 3593
+37.3, 6.4, 16.1, -3.947e-03, -5.296e-03, -1.213e-02, 1463
+37.7, 6.3, 15.9, -3.895e-03, -5.318e-03, -1.226e-02, 2370
+38.1, 6.3, 15.9, -3.844e-03, -5.341e-03, -1.240e-02, 1259
+38.5, 6.3, 15.8, -3.797e-03, -5.363e-03, -1.253e-02, 1444
+38.9, 6.2, 15.7, -3.748e-03, -5.383e-03, -1.266e-02, 1334
+39.3, 6.2, 15.6, -3.707e-03, -5.405e-03, -1.280e-02, 1315
+39.7, 6.1, 15.5, -3.664e-03, -5.427e-03, -1.293e-02, 1314
+40.1, 6.1, 15.4, -3.622e-03, -5.447e-03, -1.307e-02, 1334
+40.5, 6.0, 15.4, -3.581e-03, -5.465e-03, -1.320e-02, 2148
+40.9, 6.0, 15.3, -3.540e-03, -5.483e-03, -1.333e-02, 1556
+41.3, 6.0, 15.2, -3.499e-03, -5.521e-03, -1.347e-02, 1314
+41.7, 6.0, 15.1, -3.458e-03, -5.554e-03, -1.360e-02, 1630
+42.2, 6.0, 15.1, -3.417e-03, -5.588e-03, -1.373e-02, 1314
+42.6, 5.9, 15.0, -3.375e-03, -5.618e-03, -1.387e-02, 1463
+43.0, 5.9, 14.9, -3.335e-03, -5.647e-03, -1.400e-02, 3945
+43.4, 5.8, 14.8, -3.294e-03, -5.644e-03, -1.413e-02, 1592
+43.7, 5.7, 14.8, -3.254e-03, -5.646e-03, -1.426e-02, 1334
+44.1, 5.7, 14.7, -3.213e-03, -5.650e-03, -1.439e-02, 1296
+44.5, 5.6, 14.6, -3.173e-03, -5.653e-03, -1.452e-02, 1870
+44.9, 5.5, 14.5, -3.135e-03, -5.657e-03, -1.464e-02, 1296
+45.2, 5.5, 14.4, -3.064e-03, -5.697e-03, -1.475e-02, 1315
+45.6, 5.6, 14.2, -2.997e-03, -5.736e-03, -1.487e-02, 2074
+45.9, 5.6, 14.1, -2.934e-03, -5.772e-03, -1.498e-02, 2055
+46.3, 5.6, 13.9, -2.873e-03, -5.802e-03, -1.509e-02, 3166
+50.6, 14.8, 35.9, -1.036e-02, -9.410e-03, -1.508e-02, 3574
+50.1, 14.0, 34.1, -9.776e-03, -9.082e-03, -1.509e-02, 3148
+49.7, 13.3, 32.4, -9.230e-03, -8.786e-03, -1.510e-02, 1833
+49.3, 12.6, 30.9, -8.720e-03, -8.514e-03, -1.512e-02, 1556
+49.1, 11.9, 29.5, -8.246e-03, -8.270e-03, -1.515e-02, 1611
+48.9, 11.3, 28.2, -7.807e-03, -8.049e-03, -1.519e-02, 1352
+48.7, 10.7, 27.0, -7.386e-03, -7.836e-03, -1.523e-02, 1815
+48.6, 10.2, 25.9, -6.994e-03, -7.644e-03, -1.527e-02, 2536
+48.5, 9.7, 24.8, -6.632e-03, -7.471e-03, -1.532e-02, 1482
+48.5, 9.2, 23.8, -6.292e-03, -7.314e-03, -1.537e-02, 1315
+48.5, 8.8, 22.9, -5.978e-03, -7.176e-03, -1.542e-02, 1296
+48.6, 8.5, 22.2, -5.726e-03, -7.092e-03, -1.551e-02, 1315
+48.8, 8.1, 21.6, -5.492e-03, -7.018e-03, -1.560e-02, 1315
+49.0, 7.8, 21.1, -5.276e-03, -6.954e-03, -1.569e-02, 1537
+49.2, 7.6, 20.6, -5.073e-03, -6.899e-03, -1.578e-02, 1445
+49.4, 7.3, 20.1, -4.879e-03, -6.851e-03, -1.587e-02, 1444
+49.6, 7.0, 19.6, -4.711e-03, -6.764e-03, -1.598e-02, 1352
+49.9, 6.8, 19.0, -4.555e-03, -6.682e-03, -1.608e-02, 1426
+50.1, 6.6, 18.4, -4.343e-03, -6.636e-03, -1.617e-02, 1296
+50.4, 6.3, 18.1, -4.202e-03, -6.572e-03, -1.627e-02, 1297
+50.6, 6.1, 17.7, -4.064e-03, -6.518e-03, -1.638e-02, 1297
+56.1, 15.2, 45.3, -1.352e-02, -1.032e-02, -1.632e-02, 1315
+55.2, 14.4, 42.8, -1.271e-02, -9.922e-03, -1.628e-02, 1260
+54.4, 13.7, 40.5, -1.196e-02, -9.558e-03, -1.625e-02, 1297
+53.8, 13.0, 38.3, -1.126e-02, -9.224e-03, -1.622e-02, 1704
+71.5, 21.5, 93.8, -3.001e-02, -1.655e-02, -1.590e-02, 1407
+68.7, 21.9, 89.0, -2.865e-02, -1.566e-02, -1.575e-02, 1259
+90.5, 7.3, 166.2, -5.736e-02, -2.691e-02, -1.512e-02, 1740
+89.5, 9.7, 164.8, -5.687e-02, -2.600e-02, -1.521e-02, 1352
+88.5, 12.3, 163.2, -5.636e-02, -2.503e-02, -1.530e-02, 1296
+87.3, 14.9, 161.4, -5.582e-02, -2.401e-02, -1.539e-02, 3778
+89.2, -4.0, -171.4, -6.543e-02, -3.088e-02, -1.527e-02, 1574
+88.8, -2.1, -171.0, -6.555e-02, -3.023e-02, -1.547e-02, 1407
+88.2, 4.5, 175.7, -6.089e-02, -2.790e-02, -1.575e-02, 1556
+87.7, 7.0, 175.1, -6.067e-02, -2.702e-02, -1.588e-02, 1537
+87.0, 9.5, 174.4, -6.044e-02, -2.609e-02, -1.600e-02, 1296
+86.3, 12.0, 173.5, -6.021e-02, -2.518e-02, -1.614e-02, 1426
+86.7, -3.2, -176.5, -6.374e-02, -3.048e-02, -1.618e-02, 2129
+86.3, -1.3, -176.7, -6.366e-02, -2.983e-02, -1.634e-02, 1592
+85.9, 0.8, -177.0, -6.361e-02, -2.906e-02, -1.650e-02, 1574
+85.5, 3.1, -177.3, -6.357e-02, -2.826e-02, -1.666e-02, 1334
+84.9, 5.2, -177.8, -6.351e-02, -2.753e-02, -1.683e-02, 3926
+84.5, 7.5, -178.6, -6.346e-02, -2.671e-02, -1.699e-02, 2834
+84.0, 10.3, -179.1, -6.342e-02, -2.576e-02, -1.715e-02, 1296
+83.5, 13.5, -179.5, -6.337e-02, -2.468e-02, -1.731e-02, 2536
+82.9, 17.0, -179.9, -6.333e-02, -2.357e-02, -1.747e-02, 1371
+82.3, 21.3, 179.4, -6.324e-02, -2.240e-02, -1.763e-02, 1259
+81.8, 25.6, 178.9, -6.319e-02, -2.134e-02, -1.778e-02, 1741
+81.4, 30.5, 179.0, -6.315e-02, -2.016e-02, -1.791e-02, 1259
+81.3, 35.9, -179.8, -6.314e-02, -1.880e-02, -1.804e-02, 1241
+81.4, 40.5, -178.5, -6.313e-02, -1.748e-02, -1.820e-02, 3778
+81.8, 45.4, -176.8, -6.317e-02, -1.606e-02, -1.836e-02, 2611
+82.1, 49.7, -175.6, -6.318e-02, -1.474e-02, -1.858e-02, 1759
+82.6, 53.9, -174.8, -6.321e-02, -1.339e-02, -1.881e-02, 1297
+83.3, 57.8, -173.9, -6.325e-02, -1.198e-02, -1.905e-02, 1425
+84.1, 62.1, -173.0, -6.331e-02, -1.042e-02, -1.931e-02, 1686
+85.1, 67.1, -171.4, -6.340e-02, -8.737e-03, -1.956e-02, 1259
+87.0, 71.1, -169.4, -6.352e-02, -7.290e-03, -1.978e-02, 1926
+89.9, 75.9, -166.4, -6.364e-02, -5.672e-03, -2.003e-02, 1389
+95.4, 80.6, -160.4, -6.377e-02, -4.126e-03, -2.029e-02, 1797
+108.5, 84.5, -147.0, -6.392e-02, -2.681e-03, -2.054e-02, 1240
+157.1, 87.0, -98.2, -6.407e-02, -1.171e-03, -2.075e-02, 1667
-139.5, 85.2, -34.4, -6.424e-02, 3.200e-04, -2.096e-02, 1407
-123.1, 81.3, -17.8, -6.441e-02, 1.737e-03, -2.115e-02, 1629
-116.6, 77.2, -11.0, -6.460e-02, 3.139e-03, -2.136e-02, 1518
-113.3, 73.2, -7.4, -6.479e-02, 4.431e-03, -2.153e-02, 1296
-111.4, 69.7, -5.3, -6.496e-02, 5.641e-03, -2.171e-02, 1426
-110.5, 66.3, -4.1, -6.513e-02, 6.830e-03, -2.186e-02, 1851
-109.9, 62.7, -3.2, -6.532e-02, 8.003e-03, -2.202e-02, 1259
-110.6, 58.7, -3.4, -6.545e-02, 9.114e-03, -2.208e-02, 1241
-111.0, 55.0, -3.2, -6.563e-02, 1.006e-02, -2.218e-02, 1314
-111.4, 52.2, -3.2, -6.582e-02, 1.087e-02, -2.229e-02, 1259
-111.4, 49.6, -3.3, -6.600e-02, 1.165e-02, -2.239e-02, 1278
-111.2, 47.1, -3.1, -6.622e-02, 1.244e-02, -2.250e-02, 1260
-110.9, 44.8, -2.5, -6.643e-02, 1.318e-02, -2.259e-02, 1259
-111.0, 42.4, -1.5, -6.662e-02, 1.389e-02, -2.265e-02, 1870
-111.8, 40.5, -1.7, -6.664e-02, 1.448e-02, -2.261e-02, 1482
-112.1, 38.0, -1.3, -6.679e-02, 1.517e-02, -2.267e-02, 1796
-112.5, 35.7, -1.0, -6.694e-02, 1.579e-02, -2.273e-02, 1259
-113.2, 34.1, -0.9, -6.702e-02, 1.625e-02, -2.273e-02, 1259
-114.2, 33.0, -1.1, -6.709e-02, 1.670e-02, -2.273e-02, 1241
-115.4, 31.6, -1.4, -6.721e-02, 1.732e-02, -2.276e-02, 1519
-116.4, 29.5, -1.3, -6.734e-02, 1.791e-02, -2.278e-02, 1260
-117.4, 27.5, -0.6, -6.744e-02, 1.835e-02, -2.279e-02, 1259
-118.7, 26.3, -0.6, -6.743e-02, 1.859e-02, -2.274e-02, 1371
-120.0, 26.2, -0.6, -6.747e-02, 1.877e-02, -2.272e-02, 1500
-121.0, 26.4, -0.3, -6.760e-02, 1.895e-02, -2.274e-02, 1388
-122.2, 26.0, -0.4, -6.763e-02, 1.924e-02, -2.271e-02, 1759
-123.4, 25.4, -0.0, -6.772e-02, 1.963e-02, -2.271e-02, 1240
-124.6, 24.6, 0.2, -6.779e-02, 1.994e-02, -2.271e-02, 1389
-125.8, 23.9, 0.3, -6.788e-02, 2.015e-02, -2.271e-02, 3463
-127.2, 23.7, -0.4, -6.791e-02, 2.027e-02, -2.267e-02, 1389
-128.8, 23.8, -1.2, -6.800e-02, 2.041e-02, -2.266e-02, 1851
-130.6, 23.9, -2.3, -6.810e-02, 2.058e-02, -2.264e-02, 1370
-132.3, 23.7, -3.0, -6.824e-02, 2.078e-02, -2.263e-02, 1426
-133.8, 23.1, -3.2, -6.841e-02, 2.099e-02, -2.262e-02, 1259
-135.3, 22.6, -4.0, -6.848e-02, 2.113e-02, -2.259e-02, 1315
-137.4, 22.1, -5.2, -6.852e-02, 2.124e-02, -2.254e-02, 2019
-140.0, 21.6, -6.6, -6.852e-02, 2.131e-02, -2.247e-02, 1259
-143.1, 20.5, -7.8, -6.859e-02, 2.141e-02, -2.241e-02, 1389
-146.7, 19.4, -9.5, -6.866e-02, 2.146e-02, -2.234e-02, 1389
-150.2, 18.3, -11.4, -6.875e-02, 2.155e-02, -2.230e-02, 3518
-153.0, 17.1, -12.7, -6.903e-02, 2.161e-02, -2.232e-02, 1445
-155.4, 15.6, -14.0, -6.919e-02, 2.167e-02, -2.227e-02, 1482
-158.2, 14.4, -15.8, -6.924e-02, 2.173e-02, -2.217e-02, 1555
-161.3, 13.2, -17.5, -6.931e-02, 2.173e-02, -2.207e-02, 1296
-164.4, 11.9, -19.3, -6.931e-02, 2.178e-02, -2.200e-02, 3889
-167.1, 10.8, -20.6, -6.946e-02, 2.176e-02, -2.197e-02, 2055
-169.1, 10.1, -21.5, -6.968e-02, 2.172e-02, -2.195e-02, 4018
-170.7, 9.4, -21.9, -6.988e-02, 2.172e-02, -2.190e-02, 1241
-172.5, 8.7, -23.0, -6.995e-02, 2.169e-02, -2.183e-02, 3777
-174.7, 8.0, -24.8, -6.988e-02, 2.172e-02, -2.175e-02, 1296
-177.0, 7.5, -26.1, -6.986e-02, 2.177e-02, -2.167e-02, 1297
-179.0, 7.1, -26.6, -6.995e-02, 2.180e-02, -2.159e-02, 1241
+179.4, 6.6, -26.6, -7.011e-02, 2.184e-02, -2.152e-02, 1815
+177.9, 6.0, -26.8, -7.023e-02, 2.190e-02, -2.143e-02, 1537
+176.9, 5.2, -27.4, -7.027e-02, 2.201e-02, -2.134e-02, 1278
+175.6, 4.7, -28.1, -7.033e-02, 2.211e-02, -2.124e-02, 1703
+174.2, 4.4, -28.7, -7.034e-02, 2.223e-02, -2.113e-02, 1241
+172.9, 4.3, -28.7, -7.043e-02, 2.232e-02, -2.102e-02, 1278
+170.6, 4.7, -30.2, -6.991e-02, 2.211e-02, -2.104e-02, 1296
+168.9, 4.3, -25.0, -7.006e-02, 2.215e-02, -2.097e-02, 1241
+167.4, 3.9, -24.9, -6.995e-02, 2.220e-02, -2.088e-02, 1407
+165.8, 3.7, -25.0, -6.973e-02, 2.224e-02, -2.078e-02, 1277
+163.9, 3.5, -25.0, -6.957e-02, 2.224e-02, -2.071e-02, 1296
+162.2, 3.2, -24.8, -6.950e-02, 2.229e-02, -2.061e-02, 1593
+160.3, 2.9, -24.4, -6.942e-02, 2.238e-02, -2.051e-02, 1297
+158.2, 2.7, -24.0, -6.924e-02, 2.247e-02, -2.040e-02, 1908
+156.4, 2.6, -23.0, -6.921e-02, 2.245e-02, -2.034e-02, 1240
+154.7, 2.7, -22.4, -6.910e-02, 2.241e-02, -2.028e-02, 1241
+153.0, 2.6, -22.2, -6.901e-02, 2.243e-02, -2.020e-02, 1296
+151.4, 2.5, -22.0, -6.900e-02, 2.246e-02, -2.014e-02, 1500
+149.7, 2.3, -22.0, -6.899e-02, 2.247e-02, -2.008e-02, 1278
+148.1, 2.1, -22.1, -6.895e-02, 2.251e-02, -2.002e-02, 1259
+146.7, 2.0, -21.9, -6.900e-02, 2.250e-02, -1.997e-02, 1315
+145.6, 1.6, -21.8, -6.904e-02, 2.252e-02, -1.990e-02, 1277
+144.8, 1.3, -21.6, -6.904e-02, 2.248e-02, -1.985e-02, 1278
+144.1, 0.8, -21.6, -6.899e-02, 2.246e-02, -1.978e-02, 1389
+143.3, 0.4, -21.8, -6.892e-02, 2.246e-02, -1.970e-02, 1278
+142.5, 0.1, -21.9, -6.889e-02, 2.243e-02, -1.964e-02, 1277
+141.7, -0.3, -22.0, -6.886e-02, 2.240e-02, -1.957e-02, 1277
+141.1, -0.8, -22.1, -6.880e-02, 2.243e-02, -1.949e-02, 1296
+140.5, -1.1, -22.3, -6.873e-02, 2.244e-02, -1.942e-02, 1296
+139.9, -1.3, -22.5, -6.868e-02, 2.245e-02, -1.934e-02, 1296
+139.6, -1.4, -22.5, -6.867e-02, 2.241e-02, -1.928e-02, 1296
+139.6, -1.5, -22.4, -6.866e-02, 2.238e-02, -1.922e-02, 1241
+139.9, -1.7, -22.3, -6.868e-02, 2.240e-02, -1.915e-02, 1315
+140.5, -1.9, -22.1, -6.871e-02, 2.240e-02, -1.908e-02, 1277
+141.6, -2.2, -22.2, -6.874e-02, 2.239e-02, -1.902e-02, 1297
+142.8, -2.5, -22.3, -6.873e-02, 2.240e-02, -1.894e-02, 1297
+144.1, -2.7, -22.6, -6.873e-02, 2.242e-02, -1.887e-02, 2667
+145.6, -2.8, -22.8, -6.874e-02, 2.243e-02, -1.879e-02, 2833
+147.4, -2.9, -23.0, -6.872e-02, 2.243e-02, -1.872e-02, 2926
+149.6, -3.0, -23.0, -6.868e-02, 2.239e-02, -1.866e-02, 1741
+152.1, -2.9, -23.3, -6.862e-02, 2.232e-02, -1.863e-02, 1426
+154.7, -3.1, -23.7, -6.861e-02, 2.230e-02, -1.857e-02, 1796
+157.2, -3.2, -24.3, -6.859e-02, 2.230e-02, -1.850e-02, 1518
+159.8, -3.0, -25.1, -6.853e-02, 2.233e-02, -1.841e-02, 1982
+162.3, -2.7, -25.7, -6.848e-02, 2.234e-02, -1.833e-02, 1426
+164.8, -2.2, -25.8, -6.844e-02, 2.228e-02, -1.830e-02, 1297
+167.3, -1.6, -25.6, -6.840e-02, 2.225e-02, -1.825e-02, 1296
+169.8, -1.1, -25.2, -6.838e-02, 2.228e-02, -1.816e-02, 1296
+172.1, -0.8, -25.2, -6.813e-02, 2.231e-02, -1.808e-02, 1444
+174.0, -0.6, -24.9, -6.796e-02, 2.230e-02, -1.803e-02, 2222
+175.6, 0.2, -24.7, -6.782e-02, 2.227e-02, -1.798e-02, 2204
+177.3, 1.7, -24.7, -6.774e-02, 2.226e-02, -1.793e-02, 2334
+179.1, 3.8, -24.5, -6.773e-02, 2.223e-02, -1.787e-02, 17685
-178.8, 6.1, -24.2, -6.770e-02, 2.222e-02, -1.780e-02, 2371
-176.4, 7.0, -22.9, -6.767e-02, 2.229e-02, -1.772e-02, 1945
-173.7, 7.6, -21.5, -6.757e-02, 2.229e-02, -1.768e-02, 2074
-171.4, 8.5, -20.9, -6.742e-02, 2.228e-02, -1.765e-02, 4074
-169.6, 9.7, -20.5, -6.737e-02, 2.211e-02, -1.761e-02, 1944
-167.8, 10.7, -20.2, -6.731e-02, 2.197e-02, -1.758e-02, 1981
-166.1, 11.4, -19.9, -6.724e-02, 2.192e-02, -1.752e-02, 1370
-164.2, 11.9, -19.3, -6.719e-02, 2.192e-02, -1.745e-02, 4093
-161.9, 12.2, -18.2, -6.719e-02, 2.188e-02, -1.741e-02, 3370
-159.3, 12.8, -17.2, -6.720e-02, 2.180e-02, -1.738e-02, 1537
-156.7, 13.4, -16.9, -6.717e-02, 2.177e-02, -1.732e-02, 2018
-154.4, 13.9, -16.7, -6.703e-02, 2.173e-02, -1.725e-02, 1500
-152.5, 14.3, -16.5, -6.685e-02, 2.168e-02, -1.718e-02, 1370
-150.5, 14.5, -15.8, -6.679e-02, 2.165e-02, -1.713e-02, 1241
-148.5, 14.9, -15.1, -6.677e-02, 2.158e-02, -1.706e-02, 1241
-146.6, 15.2, -14.7, -6.672e-02, 2.154e-02, -1.698e-02, 1371
-144.6, 15.4, -14.1, -6.672e-02, 2.141e-02, -1.694e-02, 1389
-143.3, 15.6, -14.4, -6.660e-02, 2.127e-02, -1.688e-02, 1296
-142.8, 15.8, -15.1, -6.637e-02, 2.117e-02, -1.677e-02, 2037
-142.5, 16.1, -15.3, -6.633e-02, 2.109e-02, -1.668e-02, 1315
-142.3, 16.5, -15.3, -6.630e-02, 2.103e-02, -1.660e-02, 2315
-142.1, 16.8, -14.7, -6.637e-02, 2.097e-02, -1.654e-02, 1981
-141.9, 17.0, -14.5, -6.642e-02, 2.094e-02, -1.647e-02, 4223
-142.1, 17.6, -15.0, -6.638e-02, 2.090e-02, -1.638e-02, 1389
-141.7, 18.4, -14.6, -6.650e-02, 2.082e-02, -1.635e-02, 1685
-141.0, 18.7, -13.9, -6.661e-02, 2.081e-02, -1.630e-02, 1426
-140.4, 18.9, -13.8, -6.653e-02, 2.080e-02, -1.619e-02, 1296
-139.8, 18.8, -13.3, -6.646e-02, 2.085e-02, -1.607e-02, 1240
-138.6, 18.8, -12.2, -6.656e-02, 2.089e-02, -1.602e-02, 1278
-137.4, 19.4, -12.0, -6.666e-02, 2.085e-02, -1.599e-02, 1240
-136.2, 20.4, -12.0, -6.666e-02, 2.076e-02, -1.593e-02, 1685
-135.1, 21.3, -11.9, -6.659e-02, 2.069e-02, -1.585e-02, 1944
-133.2, 21.6, -10.8, -6.664e-02, 2.077e-02, -1.579e-02, 3907
-130.8, 21.8, -9.7, -6.663e-02, 2.081e-02, -1.572e-02, 1814
-129.0, 22.3, -9.1, -6.655e-02, 2.064e-02, -1.565e-02, 3667
-127.5, 22.8, -8.3, -6.649e-02, 2.049e-02, -1.559e-02, 1593
-126.2, 23.4, -7.5, -6.644e-02, 2.038e-02, -1.552e-02, 1778
-124.8, 23.9, -6.9, -6.644e-02, 2.038e-02, -1.548e-02, 2111
-123.2, 24.8, -7.1, -6.641e-02, 2.042e-02, -1.542e-02, 1259
-121.0, 25.4, -6.2, -6.646e-02, 2.044e-02, -1.535e-02, 1241
-118.9, 26.0, -5.1, -6.644e-02, 2.032e-02, -1.528e-02, 1648
-117.4, 26.5, -4.3, -6.637e-02, 2.017e-02, -1.519e-02, 1259
-116.2, 26.8, -3.7, -6.634e-02, 2.008e-02, -1.513e-02, 1500
-114.7, 26.8, -2.9, -6.635e-02, 2.005e-02, -1.508e-02, 3389
-113.3, 27.0, -1.8, -6.629e-02, 2.006e-02, -1.497e-02, 1537
-111.6, 27.1, -0.6, -6.626e-02, 2.013e-02, -1.488e-02, 1407
-109.5, 27.1, 0.4, -6.623e-02, 2.023e-02, -1.480e-02, 1389
-107.6, 27.1, 0.8, -6.615e-02, 2.027e-02, -1.471e-02, 1667
-106.2, 27.1, 0.9, -6.603e-02, 2.021e-02, -1.460e-02, 1278
-105.2, 27.1, 0.9, -6.595e-02, 2.014e-02, -1.447e-02, 1241
-105.0, 27.4, 0.1, -6.587e-02, 2.002e-02, -1.435e-02, 2296
-105.4, 27.6, -0.2, -6.580e-02, 1.989e-02, -1.423e-02, 1389
-105.7, 27.4, 0.2, -6.598e-02, 1.990e-02, -1.424e-02, 3204
-106.1, 26.7, 0.6, -6.609e-02, 1.989e-02, -1.421e-02, 1982
-106.2, 26.5, 1.0, -6.617e-02, 1.977e-02, -1.416e-02, 1685
-106.3, 26.6, 0.2, -6.614e-02, 1.969e-02, -1.407e-02, 1500
-106.4, 26.9, -1.2, -6.614e-02, 1.961e-02, -1.398e-02, 1389
-106.0, 27.1, -3.4, -6.623e-02, 1.953e-02, -1.393e-02, 1425
-105.8, 27.4, -5.3, -6.623e-02, 1.958e-02, -1.381e-02, 1296
-105.9, 27.1, -6.6, -6.610e-02, 1.976e-02, -1.364e-02, 1278
-106.2, 26.3, -6.6, -6.607e-02, 1.973e-02, -1.353e-02, 1852
-105.6, 26.3, -4.6, -6.615e-02, 1.953e-02, -1.350e-02, 1278
-104.3, 26.6, -2.0, -6.625e-02, 1.943e-02, -1.348e-02, 3685
-103.2, 26.6, -0.9, -6.620e-02, 1.937e-02, -1.339e-02, 4129
-102.5, 26.6, -0.0, -6.611e-02, 1.946e-02, -1.330e-02, 3277
-101.9, 26.4, 0.3, -6.598e-02, 1.959e-02, -1.319e-02, 1556
-101.7, 26.0, 0.4, -6.586e-02, 1.962e-02, -1.309e-02, 1333
-101.2, 26.2, 1.6, -6.580e-02, 1.959e-02, -1.302e-02, 1315
-100.4, 26.4, 2.8, -6.579e-02, 1.958e-02, -1.299e-02, 1333
-99.4, 26.6, 3.9, -6.584e-02, 1.957e-02, -1.294e-02, 1315
-97.7, 26.7, 5.3, -6.593e-02, 1.958e-02, -1.293e-02, 1574
-95.7, 26.7, 6.8, -6.597e-02, 1.963e-02, -1.291e-02, 1260
-93.7, 26.5, 7.5, -6.590e-02, 1.970e-02, -1.285e-02, 1630
-91.9, 26.4, 7.4, -6.580e-02, 1.976e-02, -1.277e-02, 1296
-92.0, 25.8, 6.4, -6.539e-02, 1.990e-02, -1.251e-02, 3925
-92.1, 25.3, 6.9, -6.531e-02, 1.999e-02, -1.241e-02, 2629
-92.1, 24.8, 7.3, -6.537e-02, 2.001e-02, -1.236e-02, 1407
-92.0, 24.3, 7.1, -6.540e-02, 1.998e-02, -1.230e-02, 1889
-92.1, 24.1, 6.4, -6.535e-02, 1.992e-02, -1.220e-02, 3704
-90.0, 24.2, 8.1, -6.565e-02, 1.982e-02, -1.221e-02, 1889
-87.8, 24.9, 9.7, -6.577e-02, 1.963e-02, -1.213e-02, 2592
-85.5, 25.3, 11.5, -6.579e-02, 1.959e-02, -1.203e-02, 1537
-83.1, 25.0, 12.9, -6.577e-02, 1.957e-02, -1.194e-02, 1629
-80.8, 24.2, 14.0, -6.572e-02, 1.957e-02, -1.185e-02, 1426
-78.2, 23.1, 15.2, -6.576e-02, 1.965e-02, -1.180e-02, 3000
-75.3, 22.3, 16.1, -6.578e-02, 1.955e-02, -1.171e-02, 2130
-72.2, 21.5, 17.0, -6.580e-02, 1.952e-02, -1.165e-02, 1408
-69.3, 20.7, 17.5, -6.578e-02, 1.943e-02, -1.157e-02, 1426
-66.4, 20.1, 17.9, -6.571e-02, 1.928e-02, -1.146e-02, 3481
-63.6, 19.3, 18.3, -6.565e-02, 1.922e-02, -1.134e-02, 1666
-61.0, 18.0, 18.6, -6.563e-02, 1.924e-02, -1.128e-02, 1889
-58.9, 16.8, 18.8, -6.555e-02, 1.914e-02, -1.115e-02, 1648
-57.1, 15.5, 18.1, -6.546e-02, 1.890e-02, -1.099e-02, 1241
-55.3, 13.7, 16.9, -6.548e-02, 1.874e-02, -1.090e-02, 1277
-53.5, 11.8, 16.6, -6.553e-02, 1.873e-02, -1.084e-02, 1241
-50.9, 9.8, 17.1, -6.570e-02, 1.869e-02, -1.079e-02, 1741
-48.3, 8.1, 16.4, -6.574e-02, 1.861e-02, -1.072e-02, 1389
-46.4, 7.7, 16.9, -6.551e-02, 1.837e-02, -1.058e-02, 1537
-45.1, 7.8, 17.7, -6.537e-02, 1.810e-02, -1.044e-02, 1389
-44.1, 7.5, 17.8, -6.529e-02, 1.813e-02, -1.036e-02, 1445
-43.3, 7.3, 17.5, -6.518e-02, 1.822e-02, -1.031e-02, 1833
-42.5, 7.0, 17.7, -6.506e-02, 1.834e-02, -1.026e-02, 1278
-41.9, 6.8, 17.8, -6.491e-02, 1.841e-02, -1.019e-02, 1426
-41.7, 6.7, 17.6, -6.479e-02, 1.843e-02, -1.011e-02, 3351
-41.8, 6.4, 17.2, -6.468e-02, 1.846e-02, -1.002e-02, 1259
-41.7, 6.2, 17.2, -6.459e-02, 1.852e-02, -9.930e-03, 1463
-41.8, 5.9, 17.1, -6.452e-02, 1.858e-02, -9.847e-03, 1426
-42.0, 5.8, 17.2, -6.444e-02, 1.864e-02, -9.767e-03, 3777
-42.4, 5.7, 17.2, -6.438e-02, 1.870e-02, -9.691e-03, 1389
-43.2, 5.7, 17.3, -6.432e-02, 1.875e-02, -9.606e-03, 1370
-44.2, 6.0, 17.3, -6.429e-02, 1.879e-02, -9.520e-03, 2000
-45.6, 6.1, 17.0, -6.422e-02, 1.883e-02, -9.431e-03, 1278
-47.2, 6.2, 16.8, -6.414e-02, 1.887e-02, -9.337e-03, 1315
-49.0, 6.3, 17.1, -6.402e-02, 1.888e-02, -9.233e-03, 1444
-51.0, 6.5, 17.7, -6.396e-02, 1.887e-02, -9.137e-03, 3796
-53.0, 6.9, 18.0, -6.397e-02, 1.887e-02, -9.055e-03, 3630
-55.3, 7.4, 17.7, -6.398e-02, 1.889e-02, -8.980e-03, 1277
-57.6, 8.0, 17.2, -6.389e-02, 1.894e-02, -8.898e-03, 1278
-59.9, 8.7, 16.5, -6.382e-02, 1.901e-02, -8.815e-03, 1315
-62.2, 9.6, 16.4, -6.381e-02, 1.905e-02, -8.718e-03, 1277
-64.6, 10.8, 16.2, -6.383e-02, 1.903e-02, -8.601e-03, 1648
-67.2, 11.9, 15.5, -6.388e-02, 1.902e-02, -8.487e-03, 1315
-69.8, 12.6, 14.7, -6.390e-02, 1.911e-02, -8.388e-03, 1352
-72.4, 13.1, 14.1, -6.391e-02, 1.925e-02, -8.293e-03, 3500
-74.9, 13.5, 13.8, -6.394e-02, 1.935e-02, -8.203e-03, 1333
-77.5, 14.2, 13.5, -6.393e-02, 1.937e-02, -8.077e-03, 1315
-80.4, 15.0, 12.5, -6.386e-02, 1.928e-02, -7.909e-03, 1334
-83.2, 15.3, 11.8, -6.395e-02, 1.932e-02, -7.803e-03, 1333
-85.9, 15.7, 11.4, -6.402e-02, 1.937e-02, -7.696e-03, 1333
-88.5, 16.1, 11.1, -6.407e-02, 1.936e-02, -7.589e-03, 1444
-91.3, 16.4, 10.4, -6.406e-02, 1.938e-02, -7.472e-03, 1408
-94.2, 16.6, 9.6, -6.407e-02, 1.939e-02, -7.353e-03, 1444
-97.0, 16.9, 8.8, -6.410e-02, 1.940e-02, -7.233e-03, 1278
-99.7, 17.1, 8.4, -6.418e-02, 1.943e-02, -7.135e-03, 1334
-102.3, 17.4, 8.0, -6.421e-02, 1.944e-02, -7.019e-03, 2741
-105.0, 17.7, 7.7, -6.427e-02, 1.939e-02, -6.904e-03, 1333
-107.6, 18.0, 7.7, -6.436e-02, 1.941e-02, -6.809e-03, 1593
-110.2, 18.2, 7.4, -6.438e-02, 1.949e-02, -6.700e-03, 1315
-112.9, 18.5, 7.2, -6.436e-02, 1.957e-02, -6.575e-03, 1278
-115.7, 19.0, 7.2, -6.432e-02, 1.961e-02, -6.457e-03, 3222
-118.5, 19.7, 7.4, -6.426e-02, 1.964e-02, -6.330e-03, 2371
-121.3, 20.8, 7.7, -6.428e-02, 1.960e-02, -6.223e-03, 1704
-124.3, 22.4, 7.8, -6.425e-02, 1.959e-02, -6.112e-03, 1296
-127.6, 24.4, 8.0, -6.414e-02, 1.961e-02, -5.977e-03, 3630
-131.0, 26.9, 9.2, -6.402e-02, 1.962e-02, -5.824e-03, 2944
-134.0, 27.3, 9.8, -6.413e-02, 1.987e-02, -5.836e-03, 1555
-137.1, 26.4, 8.4, -6.417e-02, 1.997e-02, -5.804e-03, 1426
-140.5, 25.6, 6.7, -6.415e-02, 2.010e-02, -5.729e-03, 1315
-143.9, 25.0, 6.1, -6.421e-02, 2.022e-02, -5.674e-03, 1426
-147.1, 24.3, 5.4, -6.434e-02, 2.026e-02, -5.577e-03, 1352
-149.8, 23.8, 4.3, -6.451e-02, 2.020e-02, -5.488e-03, 1667
-151.9, 24.0, 3.3, -6.473e-02, 2.011e-02, -5.406e-03, 1278
-153.5, 24.0, 2.5, -6.491e-02, 2.009e-02, -5.318e-03, 1333
-154.9, 23.2, 1.3, -6.497e-02, 2.011e-02, -5.206e-03, 1611
-156.0, 22.3, 0.3, -6.503e-02, 2.011e-02, -5.076e-03, 1352
-156.9, 22.1, 0.1, -6.502e-02, 2.004e-02, -4.903e-03, 1445
-158.1, 22.4, 1.2, -6.494e-02, 2.005e-02, -4.700e-03, 1297
-159.5, 23.2, 3.3, -6.493e-02, 2.008e-02, -4.538e-03, 1537
-160.5, 24.0, 5.4, -6.499e-02, 2.011e-02, -4.417e-03, 2148
-161.4, 24.4, 6.4, -6.501e-02, 2.016e-02, -4.321e-03, 1315
-162.3, 24.4, 6.3, -6.498e-02, 2.018e-02, -4.205e-03, 2037
-163.5, 24.2, 5.4, -6.489e-02, 2.017e-02, -4.057e-03, 1463
-164.8, 23.6, 4.4, -6.479e-02, 2.023e-02, -3.910e-03, 1352
-165.8, 23.5, 4.1, -6.485e-02, 2.026e-02, -3.804e-03, 3222
-166.5, 23.3, 4.2, -6.500e-02, 2.024e-02, -3.721e-03, 3129
-167.3, 23.1, 3.6, -6.499e-02, 2.029e-02, -3.570e-03, 2907
-168.6, 22.9, 2.5, -6.493e-02, 2.039e-02, -3.402e-03, 1852
-169.5, 22.7, 1.6, -6.503e-02, 2.044e-02, -3.292e-03, 1296
-170.0, 22.8, 0.9, -6.514e-02, 2.035e-02, -3.181e-03, 1334
-170.6, 22.7, -0.2, -6.510e-02, 2.036e-02, -3.027e-03, 1315
-171.3, 22.3, -1.2, -6.506e-02, 2.041e-02, -2.870e-03, 2425
-171.7, 21.8, -1.7, -6.511e-02, 2.047e-02, -2.743e-03, 1296
-172.1, 21.3, -2.5, -6.514e-02, 2.052e-02, -2.603e-03, 1315
-172.7, 20.5, -3.7, -6.506e-02, 2.054e-02, -2.427e-03, 1296
-173.3, 19.3, -5.2, -6.504e-02, 2.057e-02, -2.263e-03, 1315
-173.6, 17.9, -6.4, -6.512e-02, 2.056e-02, -2.127e-03, 2204
-173.8, 16.5, -7.4, -6.520e-02, 2.052e-02, -1.979e-03, 1259
-173.9, 15.3, -7.8, -6.528e-02, 2.048e-02, -1.816e-03, 1426
-174.0, 14.3, -7.8, -6.533e-02, 2.042e-02, -1.647e-03, 1315
-173.8, 13.3, -7.8, -6.532e-02, 2.043e-02, -1.494e-03, 1315
-173.6, 12.2, -7.6, -6.530e-02, 2.040e-02, -1.335e-03, 1759
-173.4, 10.9, -7.9, -6.530e-02, 2.038e-02, -1.175e-03, 3167
-173.1, 9.3, -8.3, -6.531e-02, 2.031e-02, -1.014e-03, 1333
-172.8, 7.8, -8.6, -6.523e-02, 2.022e-02, -8.322e-04, 3426
-172.6, 6.5, -8.5, -6.512e-02, 2.022e-02, -6.696e-04, 3981
-172.6, 5.5, -8.0, -6.501e-02, 2.020e-02, -5.021e-04, 1926
-172.7, 4.5, -7.7, -6.493e-02, 2.016e-02, -3.369e-04, 1815
-172.9, 3.3, -7.5, -6.487e-02, 2.010e-02, -1.712e-04, 1315
-172.8, 2.1, -7.3, -6.484e-02, 2.004e-02, -8.997e-07, 1259
-172.6, 0.6, -7.2, -6.479e-02, 2.008e-02, 1.345e-04, 1259
-172.5, -1.0, -7.4, -6.468e-02, 2.010e-02, 2.778e-04, 1740
-172.5, -2.6, -7.3, -6.460e-02, 2.009e-02, 4.269e-04, 1296
-172.7, -4.3, -6.9, -6.452e-02, 2.009e-02, 5.860e-04, 1333
-172.9, -5.9, -6.6, -6.445e-02, 2.005e-02, 7.538e-04, 1315
-173.0, -7.9, -6.4, -6.436e-02, 2.011e-02, 8.822e-04, 1296
-173.2, -9.8, -6.1, -6.430e-02, 2.013e-02, 1.021e-03, 2407
-173.4, -11.8, -5.9, -6.426e-02, 2.011e-02, 1.170e-03, 1593
-173.6, -13.8, -5.7, -6.420e-02, 2.007e-02, 1.324e-03, 1296
-173.7, -15.8, -5.3, -6.415e-02, 2.001e-02, 1.499e-03, 1278
-173.5, -17.8, -4.8, -6.411e-02, 2.005e-02, 1.628e-03, 1241
-173.2, -19.6, -4.3, -6.402e-02, 2.006e-02, 1.756e-03, 1852
-172.9, -21.4, -4.2, -6.390e-02, 2.005e-02, 1.880e-03, 1297
-172.7, -23.3, -4.3, -6.377e-02, 2.002e-02, 2.011e-03, 1278
-172.7, -25.1, -4.2, -6.364e-02, 2.001e-02, 2.150e-03, 1297
-172.6, -26.9, -4.0, -6.351e-02, 2.011e-02, 2.225e-03, 1241
-172.6, -28.6, -3.8, -6.342e-02, 2.016e-02, 2.328e-03, 1759
-172.6, -30.3, -3.8, -6.333e-02, 2.017e-02, 2.444e-03, 1463
-172.6, -32.0, -4.2, -6.322e-02, 2.014e-02, 2.554e-03, 1407
-172.5, -33.9, -4.4, -6.314e-02, 2.018e-02, 2.687e-03, 1241
-172.3, -36.0, -4.7, -6.300e-02, 2.030e-02, 2.741e-03, 1519
-172.3, -37.8, -5.0, -6.286e-02, 2.035e-02, 2.805e-03, 1685
-172.5, -39.4, -5.1, -6.274e-02, 2.036e-02, 2.892e-03, 4630
-172.7, -41.0, -5.2, -6.264e-02, 2.038e-02, 3.009e-03, 2463
-172.9, -42.7, -5.2, -6.256e-02, 2.042e-02, 3.128e-03, 1296
-172.8, -44.7, -5.6, -6.247e-02, 2.049e-02, 3.210e-03, 1240
-172.7, -46.5, -6.2, -6.237e-02, 2.056e-02, 3.294e-03, 1611
+180.0, -48.4, -1.0, -6.224e-02, 2.059e-02, 3.368e-03, 3778
-179.8, -49.8, -1.6, -6.206e-02, 2.063e-02, 3.374e-03, 1241
-179.6, -51.6, -2.2, -6.191e-02, 2.075e-02, 3.386e-03, 1537
-179.0, -53.4, -3.2, -6.176e-02, 2.090e-02, 3.351e-03, 1296
-178.3, -55.2, -4.2, -6.161e-02, 2.096e-02, 3.332e-03, 1611
-177.4, -57.1, -5.4, -6.148e-02, 2.095e-02, 3.346e-03, 3055
-176.3, -59.0, -6.8, -6.133e-02, 2.097e-02, 3.358e-03, 1500
-174.8, -60.9, -8.4, -6.118e-02, 2.108e-02, 3.315e-03, 3426
+175.8, -63.4, -0.5, -6.101e-02, 2.118e-02, 3.223e-03, 1759
+176.9, -65.7, -2.3, -6.083e-02, 2.123e-02, 3.085e-03, 1500
+178.3, -68.0, -4.4, -6.064e-02, 2.126e-02, 2.965e-03, 1259
-179.9, -70.2, -6.8, -6.044e-02, 2.131e-02, 2.834e-03, 1259
-177.6, -72.1, -9.4, -6.027e-02, 2.150e-02, 2.646e-03, 1296
-175.8, -73.5, -11.1, -6.012e-02, 2.172e-02, 2.452e-03, 1314
-174.7, -74.6, -12.2, -5.997e-02, 2.184e-02, 2.307e-03, 2093
-173.4, -75.6, -13.7, -5.983e-02, 2.193e-02, 2.167e-03, 2574
-172.1, -76.5, -15.3, -5.968e-02, 2.200e-02, 2.038e-03, 2093
-171.2, -77.3, -16.4, -5.958e-02, 2.215e-02, 1.965e-03, 1740
-170.5, -77.9, -17.5, -5.948e-02, 2.229e-02, 1.911e-03, 2833
-169.3, -78.3, -19.0, -5.937e-02, 2.243e-02, 1.837e-03, 1278
-168.5, -78.3, -20.1, -5.926e-02, 2.256e-02, 1.780e-03, 1908
-168.1, -78.1, -21.1, -5.916e-02, 2.265e-02, 1.735e-03, 1426
-167.4, -77.8, -22.4, -5.906e-02, 2.273e-02, 1.697e-03, 1537
-166.7, -77.4, -23.8, -5.897e-02, 2.285e-02, 1.651e-03, 1297
-166.6, -76.8, -24.7, -5.887e-02, 2.299e-02, 1.614e-03, 1259
-167.1, -75.9, -24.8, -5.878e-02, 2.311e-02, 1.575e-03, 3722
-167.9, -74.7, -24.5, -5.868e-02, 2.325e-02, 1.519e-03, 1611
-169.2, -73.1, -23.6, -5.857e-02, 2.329e-02, 1.459e-03, 3445
-170.8, -71.6, -23.0, -5.848e-02, 2.331e-02, 1.456e-03, 1278
-172.2, -70.2, -22.9, -5.840e-02, 2.332e-02, 1.431e-03, 1907
-173.4, -68.9, -23.3, -5.831e-02, 2.340e-02, 1.404e-03, 1278
-174.6, -67.6, -23.8, -5.824e-02, 2.347e-02, 1.380e-03, 1296
-176.3, -66.0, -24.1, -5.813e-02, 2.349e-02, 1.361e-03, 1241
-178.3, -64.3, -23.7, -5.803e-02, 2.351e-02, 1.388e-03, 1277
+179.6, -62.6, -23.0, -5.797e-02, 2.353e-02, 1.437e-03, 1704
+177.9, -60.9, -22.6, -5.791e-02, 2.355e-02, 1.462e-03, 1611
+176.5, -59.3, -22.2, -5.787e-02, 2.362e-02, 1.500e-03, 1407
+175.1, -57.3, -21.8, -5.775e-02, 2.364e-02, 1.487e-03, 1297
+173.6, -55.3, -21.2, -5.764e-02, 2.360e-02, 1.498e-03, 1296
+171.9, -53.6, -20.3, -5.756e-02, 2.362e-02, 1.547e-03, 1556
+170.4, -51.9, -19.2, -5.748e-02, 2.367e-02, 1.569e-03, 1334
+168.8, -50.2, -18.0, -5.743e-02, 2.372e-02, 1.620e-03, 1407
+167.6, -48.3, -17.1, -5.733e-02, 2.374e-02, 1.614e-03, 1315
+166.2, -46.0, -16.0, -5.724e-02, 2.363e-02, 1.655e-03, 1315
+165.0, -43.8, -14.8, -5.713e-02, 2.359e-02, 1.671e-03, 1556
+163.8, -41.6, -13.5, -5.703e-02, 2.360e-02, 1.683e-03, 1389
+162.6, -39.6, -12.1, -5.693e-02, 2.365e-02, 1.691e-03, 1389
+161.4, -37.6, -10.9, -5.686e-02, 2.367e-02, 1.733e-03, 1314
+160.2, -35.3, -9.9, -5.679e-02, 2.355e-02, 1.804e-03, 1278
+159.3, -33.0, -8.9, -5.670e-02, 2.353e-02, 1.864e-03, 1445
+158.5, -30.8, -8.1, -5.664e-02, 2.354e-02, 1.921e-03, 1445
+157.9, -28.6, -7.5, -5.655e-02, 2.358e-02, 1.951e-03, 1296
+157.5, -26.6, -6.8, -5.647e-02, 2.363e-02, 1.981e-03, 1333
+156.8, -24.1, -6.3, -5.637e-02, 2.349e-02, 2.060e-03, 1444
+156.0, -22.1, -5.9, -5.629e-02, 2.345e-02, 2.141e-03, 1648
+155.1, -19.9, -5.2, -5.624e-02, 2.342e-02, 2.223e-03, 1296
+154.5, -17.9, -4.6, -5.621e-02, 2.341e-02, 2.298e-03, 1296
+154.0, -16.4, -4.5, -5.621e-02, 2.343e-02, 2.364e-03, 1315
+153.3, -14.6, -4.7, -5.616e-02, 2.332e-02, 2.484e-03, 1333
+152.6, -12.6, -4.7, -5.611e-02, 2.326e-02, 2.593e-03, 1315
+152.0, -10.4, -4.4, -5.605e-02, 2.323e-02, 2.687e-03, 1389
+151.5, -8.4, -4.1, -5.603e-02, 2.322e-02, 2.775e-03, 1259
+150.9, -6.7, -3.9, -5.603e-02, 2.327e-02, 2.855e-03, 3926
+150.2, -4.7, -3.8, -5.605e-02, 2.318e-02, 2.987e-03, 3444
+149.7, -2.6, -3.8, -5.607e-02, 2.309e-02, 3.102e-03, 1870
+149.4, -0.7, -3.6, -5.607e-02, 2.307e-02, 3.206e-03, 1889
+149.1, 0.9, -3.5, -5.608e-02, 2.307e-02, 3.298e-03, 3796
+148.9, 2.6, -3.6, -5.605e-02, 2.312e-02, 3.385e-03, 4352
+148.4, 5.8, -3.4, -5.591e-02, 2.313e-02, 3.536e-03, 3518
+143.2, 8.8, -2.8, -5.596e-02, 2.319e-02, 3.656e-03, 1908
+143.2, 11.5, -2.5, -5.601e-02, 2.311e-02, 3.736e-03, 1796
+143.3, 12.2, -3.0, -5.608e-02, 2.308e-02, 3.797e-03, 1408
+143.8, 12.4, -3.5, -5.622e-02, 2.308e-02, 3.842e-03, 1277
+144.2, 13.5, -3.7, -5.624e-02, 2.294e-02, 3.988e-03, 1278
-146.9, -58.0, -38.4, -5.661e-02, 5.954e-02, -1.369e-02, 1537
-153.2, -53.2, -32.8, -5.696e-02, 5.776e-02, -1.337e-02, 1907
-157.8, -48.4, -29.3, -5.727e-02, 5.601e-02, -1.313e-02, 1426
-161.7, -43.7, -26.3, -5.755e-02, 5.446e-02, -1.288e-02, 1278
-165.2, -38.3, -23.3, -5.792e-02, 5.283e-02, -1.258e-02, 1277
-167.8, -33.0, -21.4, -5.827e-02, 5.114e-02, -1.237e-02, 1518
-169.6, -28.7, -20.2, -5.864e-02, 4.952e-02, -1.216e-02, 1518
-171.2, -24.2, -19.4, -5.891e-02, 4.817e-02, -1.196e-02, 1278
-173.8, -16.8, -16.6, -5.902e-02, 4.697e-02, -1.183e-02, 1593
-176.5, -8.1, -12.6, -5.929e-02, 4.550e-02, -1.173e-02, 1537
-178.9, 0.1, -9.4, -5.959e-02, 4.413e-02, -1.159e-02, 1408
+179.4, 6.3, -7.5, -5.994e-02, 4.289e-02, -1.145e-02, 1537
+177.7, 11.7, -5.8, -6.002e-02, 4.181e-02, -1.129e-02, 1481
+175.7, 17.7, -3.0, -6.025e-02, 4.085e-02, -1.113e-02, 1259
+172.7, 23.8, -1.1, -6.040e-02, 3.981e-02, -1.085e-02, 3204
+170.3, 29.3, 0.8, -6.058e-02, 3.892e-02, -1.061e-02, 1666
+169.9, 33.1, 3.1, -6.112e-02, 3.819e-02, -1.058e-02, 1241
+168.5, 36.2, 3.0, -6.117e-02, 3.750e-02, -1.028e-02, 1611
+167.3, 39.2, 3.3, -6.138e-02, 3.682e-02, -1.002e-02, 1389
+166.2, 42.6, 3.8, -6.159e-02, 3.612e-02, -9.746e-03, 1278
+165.1, 45.6, 4.0, -6.179e-02, 3.552e-02, -9.493e-03, 1277
+163.7, 48.1, 3.7, -6.196e-02, 3.500e-02, -9.235e-03, 1815
+162.0, 50.2, 3.1, -6.209e-02, 3.458e-02, -8.979e-03, 1519
+160.7, 52.7, 3.0, -6.230e-02, 3.403e-02, -8.758e-03, 3703
+160.1, 55.3, 3.4, -6.252e-02, 3.350e-02, -8.587e-03, 1408
+158.8, 57.8, 3.1, -6.268e-02, 3.309e-02, -8.371e-03, 1889
+156.6, 60.3, 1.8, -6.282e-02, 3.281e-02, -8.143e-03, 1463
+152.9, 62.5, -0.6, -6.292e-02, 3.262e-02, -7.907e-03, 1259
+148.4, 64.4, -3.9, -6.309e-02, 3.235e-02, -7.728e-03, 1278
+143.3, 66.3, -7.7, -6.323e-02, 3.203e-02, -7.566e-03, 1519
+139.4, 69.2, -10.2, -6.342e-02, 3.163e-02, -7.574e-03, 1759
+138.4, 70.4, -11.2, -6.360e-02, 3.142e-02, -7.639e-03, 1685
+138.8, 71.3, -11.2, -6.377e-02, 3.123e-02, -7.679e-03, 1315
+136.7, 72.1, -13.5, -6.393e-02, 3.104e-02, -7.478e-03, 1277
+134.6, 72.9, -15.8, -6.408e-02, 3.084e-02, -7.306e-03, 1296
+133.4, 73.5, -17.1, -6.425e-02, 3.067e-02, -7.180e-03, 1518
+132.0, 73.9, -18.7, -6.441e-02, 3.050e-02, -7.048e-03, 1278
+130.1, 74.2, -20.8, -6.456e-02, 3.039e-02, -6.887e-03, 1629
+129.1, 74.6, -21.9, -6.473e-02, 3.024e-02, -6.792e-03, 1389
+127.2, 75.2, -23.6, -6.489e-02, 3.003e-02, -6.679e-03, 1278
+124.7, 75.9, -25.5, -6.504e-02, 2.987e-02, -6.577e-03, 1278
+123.5, 76.1, -26.2, -6.522e-02, 2.983e-02, -6.519e-03, 2093
-141.0, 47.6, 64.7, -6.555e-02, 3.160e-02, -2.320e-02, 1315
-143.5, 51.1, 62.6, -6.554e-02, 3.147e-02, -2.188e-02, 1648
-146.0, 54.2, 60.2, -6.558e-02, 3.130e-02, -2.067e-02, 2889
-148.4, 57.4, 58.2, -6.564e-02, 3.110e-02, -1.950e-02, 1537
-151.2, 60.2, 55.7, -6.568e-02, 3.094e-02, -1.839e-02, 1555
-154.5, 62.6, 52.8, -6.573e-02, 3.082e-02, -1.740e-02, 1297
-158.2, 64.5, 49.5, -6.579e-02, 3.070e-02, -1.648e-02, 1445
-161.9, 66.0, 46.1, -6.587e-02, 3.057e-02, -1.567e-02, 1537
-165.9, 67.5, 42.2, -6.595e-02, 3.044e-02, -1.488e-02, 1296
-170.1, 68.7, 38.1, -6.603e-02, 3.033e-02, -1.415e-02, 2000
-130.1, 1.7, 67.4, -6.641e-02, 3.473e-02, -4.296e-02, 1277
-131.3, 6.5, 66.8, -6.624e-02, 3.434e-02, -4.120e-02, 1426
-132.6, 11.4, 66.1, -6.606e-02, 3.396e-02, -3.945e-02, 3092
-133.9, 16.2, 65.4, -6.590e-02, 3.359e-02, -3.772e-02, 4018
-135.5, 20.8, 64.3, -6.571e-02, 3.323e-02, -3.600e-02, 3463
-137.1, 25.4, 63.1, -6.559e-02, 3.286e-02, -3.432e-02, 1259
-138.9, 29.8, 61.6, -6.544e-02, 3.251e-02, -3.269e-02, 1278
-140.9, 33.8, 60.0, -6.528e-02, 3.218e-02, -3.114e-02, 1259
-143.3, 37.5, 58.3, -6.514e-02, 3.187e-02, -2.966e-02, 1407
-146.1, 40.9, 56.2, -6.500e-02, 3.158e-02, -2.824e-02, 1648
-150.0, 43.9, 53.0, -6.482e-02, 3.134e-02, -2.686e-02, 1278
-154.4, 46.2, 49.2, -6.467e-02, 3.109e-02, -2.559e-02, 1278
-159.1, 48.0, 45.3, -6.456e-02, 3.081e-02, -2.439e-02, 1278
-163.7, 49.4, 41.6, -6.447e-02, 3.053e-02, -2.328e-02, 1537
-168.2, 50.5, 38.3, -6.439e-02, 3.023e-02, -2.223e-02, 1260
-172.2, 51.5, 35.2, -6.435e-02, 2.990e-02, -2.126e-02, 1278
-176.5, 52.1, 31.6, -6.416e-02, 2.974e-02, -2.035e-02, 1518
+179.4, 52.3, 28.2, -6.399e-02, 2.960e-02, -1.952e-02, 2333
+175.3, 52.3, 25.1, -6.385e-02, 2.943e-02, -1.874e-02, 1315
+171.2, 51.5, 21.8, -6.372e-02, 2.932e-02, -1.803e-02, 1926
+167.5, 50.6, 18.7, -6.363e-02, 2.916e-02, -1.739e-02, 2111
+164.4, 49.7, 16.0, -6.350e-02, 2.906e-02, -1.681e-02, 1704
+161.6, 48.8, 13.4, -6.338e-02, 2.895e-02, -1.627e-02, 3704
+159.0, 47.8, 11.1, -6.328e-02, 2.885e-02, -1.576e-02, 1519
+156.9, 46.9, 9.4, -6.321e-02, 2.871e-02, -1.529e-02, 1537
+154.7, 45.5, 7.8, -6.312e-02, 2.863e-02, -1.482e-02, 1334
+152.5, 43.6, 6.2, -6.299e-02, 2.863e-02, -1.438e-02, 1389
+150.8, 41.8, 4.9, -6.290e-02, 2.856e-02, -1.399e-02, 1278
+149.3, 40.2, 3.8, -6.281e-02, 2.849e-02, -1.361e-02, 1259
+148.0, 38.7, 3.1, -6.274e-02, 2.838e-02, -1.324e-02, 1963
+146.9, 37.2, 2.8, -6.269e-02, 2.825e-02, -1.289e-02, 1260
+145.9, 35.5, 2.4, -6.262e-02, 2.825e-02, -1.260e-02, 1277
+145.0, 34.1, 2.1, -6.258e-02, 2.823e-02, -1.234e-02, 2000
+144.0, 33.0, 1.7, -6.254e-02, 2.817e-02, -1.207e-02, 1611
+143.1, 32.1, 1.2, -6.249e-02, 2.810e-02, -1.179e-02, 1722
+142.1, 31.0, 0.7, -6.244e-02, 2.804e-02, -1.151e-02, 1241
+141.2, 29.6, 0.2, -6.239e-02, 2.806e-02, -1.127e-02, 1240
+140.6, 27.9, -0.3, -6.238e-02, 2.811e-02, -1.108e-02, 1259
+140.2, 26.3, -0.9, -6.238e-02, 2.812e-02, -1.089e-02, 2333
+139.8, 24.7, -1.6, -6.239e-02, 2.811e-02, -1.070e-02, 2111
+139.7, 23.2, -2.3, -6.242e-02, 2.804e-02, -1.052e-02, 1314
+139.8, 21.5, -3.3, -6.240e-02, 2.808e-02, -1.036e-02, 1259
+140.0, 19.7, -4.4, -6.239e-02, 2.810e-02, -1.019e-02, 3240
+140.2, 17.9, -5.6, -6.240e-02, 2.807e-02, -1.003e-02, 3593
+140.5, 16.2, -6.7, -6.243e-02, 2.802e-02, -9.872e-03, 1260
+140.8, 14.9, -7.7, -6.244e-02, 2.796e-02, -9.700e-03, 1722
+141.2, 13.5, -8.9, -6.240e-02, 2.798e-02, -9.539e-03, 1259
+141.8, 12.2, -10.1, -6.239e-02, 2.798e-02, -9.386e-03, 1426
+142.7, 11.3, -11.1, -6.244e-02, 2.792e-02, -9.247e-03, 1278
+143.6, 11.0, -12.1, -6.240e-02, 2.784e-02, -9.087e-03, 1834
+143.9, 11.0, -13.0, -6.232e-02, 2.772e-02, -8.926e-03, 1445
+144.1, 10.3, -14.0, -6.221e-02, 2.783e-02, -8.770e-03, 1315
+144.1, 9.8, -14.7, -6.210e-02, 2.794e-02, -8.610e-03, 1445
+143.9, 9.6, -15.2, -6.203e-02, 2.803e-02, -8.462e-03, 3296
+143.6, 9.4, -15.5, -6.199e-02, 2.810e-02, -8.324e-03, 1574
+143.3, 9.2, -15.6, -6.196e-02, 2.815e-02, -8.194e-03, 1889
+143.0, 8.8, -15.7, -6.191e-02, 2.822e-02, -8.047e-03, 1334
+142.6, 8.4, -15.9, -6.188e-02, 2.828e-02, -7.906e-03, 1315
+142.2, 8.0, -15.9, -6.184e-02, 2.833e-02, -7.766e-03, 1741
+141.8, 7.8, -15.7, -6.181e-02, 2.836e-02, -7.631e-03, 1908
+141.4, 7.7, -15.5, -6.178e-02, 2.839e-02, -7.493e-03, 1574
+141.0, 7.6, -15.4, -6.175e-02, 2.843e-02, -7.363e-03, 1278
+140.7, 7.4, -15.3, -6.172e-02, 2.846e-02, -7.235e-03, 3204
+140.6, 7.0, -14.9, -6.165e-02, 2.855e-02, -7.083e-03, 1629
+140.6, 6.9, -14.5, -6.160e-02, 2.858e-02, -6.946e-03, 1518
+140.5, 6.8, -14.0, -6.155e-02, 2.859e-02, -6.817e-03, 1315
+140.3, 6.6, -13.4, -6.152e-02, 2.856e-02, -6.686e-03, 1297
+140.0, 6.5, -12.6, -6.154e-02, 2.852e-02, -6.565e-03, 1315
+139.6, 6.3, -11.9, -6.152e-02, 2.848e-02, -6.433e-03, 3574
+139.1, 6.2, -11.3, -6.148e-02, 2.846e-02, -6.296e-03, 2926
+138.7, 6.0, -10.6, -6.145e-02, 2.849e-02, -6.148e-03, 3962
+138.2, 6.0, -9.9, -6.144e-02, 2.846e-02, -6.030e-03, 2518
+137.8, 5.8, -9.0, -6.146e-02, 2.845e-02, -5.910e-03, 1259
+137.4, 5.7, -8.1, -6.144e-02, 2.843e-02, -5.784e-03, 1722
+137.0, 5.5, -7.0, -6.144e-02, 2.844e-02, -5.655e-03, 1593
+136.7, 5.4, -5.9, -6.142e-02, 2.845e-02, -5.521e-03, 1297
+136.3, 5.1, -4.7, -6.142e-02, 2.849e-02, -5.412e-03, 1444
+135.9, 4.9, -3.2, -6.138e-02, 2.852e-02, -5.298e-03, 1277
+135.4, 4.7, -1.6, -6.135e-02, 2.855e-02, -5.180e-03, 1315
+134.9, 4.5, 0.2, -6.132e-02, 2.857e-02, -5.058e-03, 1778
+134.4, 4.2, 2.0, -6.123e-02, 2.859e-02, -4.926e-03, 1444
+133.8, 4.0, 4.1, -6.121e-02, 2.860e-02, -4.798e-03, 1260
+133.1, 3.8, 6.2, -6.117e-02, 2.862e-02, -4.662e-03, 3592
+132.5, 3.7, 8.4, -6.111e-02, 2.862e-02, -4.517e-03, 1629
+131.8, 3.5, 10.5, -6.102e-02, 2.864e-02, -4.365e-03, 3685
+131.2, 3.3, 12.6, -6.096e-02, 2.865e-02, -4.204e-03, 1463
+130.6, 3.2, 14.9, -6.100e-02, 2.867e-02, -4.096e-03, 1315
+130.0, 3.1, 16.8, -6.100e-02, 2.870e-02, -3.978e-03, 1333
+129.4, 3.0, 18.7, -6.100e-02, 2.874e-02, -3.855e-03, 1297
+128.8, 3.0, 20.2, -6.096e-02, 2.875e-02, -3.715e-03, 3574
+128.2, 2.8, 21.3, -6.090e-02, 2.878e-02, -3.572e-03, 3722
+127.6, 2.7, 22.7, -6.095e-02, 2.881e-02, -3.489e-03, 1278
+127.1, 2.6, 24.0, -6.098e-02, 2.887e-02, -3.411e-03, 2945
+126.4, 2.6, 25.4, -6.098e-02, 2.894e-02, -3.330e-03, 1500
+125.8, 2.7, 26.8, -6.098e-02, 2.900e-02, -3.240e-03, 4056
+125.3, 2.8, 28.3, -6.103e-02, 2.905e-02, -3.145e-03, 2093
+125.1, 2.7, 29.4, -6.107e-02, 2.908e-02, -3.061e-03, 1611
+125.0, 2.5, 30.3, -6.109e-02, 2.913e-02, -2.977e-03, 1963
+124.9, 2.4, 31.4, -6.107e-02, 2.920e-02, -2.895e-03, 1629
+124.7, 2.2, 32.8, -6.105e-02, 2.929e-02, -2.826e-03, 2685
+124.5, 1.8, 34.2, -6.101e-02, 2.940e-02, -2.752e-03, 1223
+124.4, 1.8, 35.9, -6.106e-02, 2.941e-02, -2.639e-03, 1371
+124.3, 1.8, 37.5, -6.104e-02, 2.946e-02, -2.542e-03, 1260
+124.2, 1.8, 39.0, -6.100e-02, 2.951e-02, -2.435e-03, 1537
+123.9, 1.7, 40.2, -6.096e-02, 2.957e-02, -2.326e-03, 1611
+123.6, 1.6, 41.6, -6.088e-02, 2.968e-02, -2.244e-03, 1277
+123.4, 1.5, 43.3, -6.093e-02, 2.975e-02, -2.202e-03, 1296
+123.1, 1.4, 44.6, -6.097e-02, 2.981e-02, -2.138e-03, 1334
+122.9, 1.5, 45.8, -6.098e-02, 2.987e-02, -2.063e-03, 1333
+122.6, 1.3, 46.7, -6.094e-02, 2.996e-02, -2.018e-03, 3796
+122.3, 1.3, 47.6, -6.088e-02, 3.007e-02, -1.981e-03, 1408
+124.3, 2.7, 110.2, -8.475e-02, 2.912e-02, -1.587e-03, 1666
+123.0, 3.0, 106.7, -8.321e-02, 2.957e-02, -1.641e-03, 1334
+121.7, 3.3, 103.3, -8.173e-02, 3.002e-02, -1.699e-03, 1630
+120.3, 3.3, 100.4, -8.032e-02, 3.044e-02, -1.774e-03, 1407
+119.0, 3.3, 97.8, -7.903e-02, 3.084e-02, -1.834e-03, 1408
+117.9, 3.3, 95.5, -7.784e-02, 3.120e-02, -1.910e-03, 1463
+116.8, 3.1, 93.3, -7.672e-02, 3.153e-02, -1.986e-03, 1278
+115.8, 3.0, 91.4, -7.566e-02, 3.185e-02, -2.067e-03, 1278
+114.8, 2.8, 89.8, -7.469e-02, 3.216e-02, -2.145e-03, 2093
+113.8, 2.6, 88.1, -7.379e-02, 3.245e-02, -2.204e-03, 1334
+113.0, 2.3, 86.6, -7.301e-02, 3.269e-02, -2.279e-03, 1333
+112.3, 2.1, 85.1, -7.230e-02, 3.292e-02, -2.341e-03, 3833
+111.6, 1.8, 83.9, -7.161e-02, 3.314e-02, -2.427e-03, 1667
+111.0, 1.5, 82.7, -7.096e-02, 3.335e-02, -2.498e-03, 1593
+110.4, 1.2, 81.4, -7.038e-02, 3.354e-02, -2.541e-03, 1296
+109.8, 1.0, 80.1, -6.987e-02, 3.372e-02, -2.559e-03, 1426
+109.4, 0.8, 78.7, -6.940e-02, 3.388e-02, -2.576e-03, 1314
+109.0, 0.7, 77.2, -6.897e-02, 3.403e-02, -2.593e-03, 1260
+108.6, 0.5, 75.5, -6.859e-02, 3.417e-02, -2.606e-03, 1852
+108.4, 0.4, 73.7, -6.826e-02, 3.430e-02, -2.623e-03, 1315
+109.4, 1.1, 148.1, -9.900e-02, 3.405e-02, -2.208e-03, 1333
+108.0, 1.5, 141.6, -9.722e-02, 3.450e-02, -2.509e-03, 1333
+106.7, 1.8, 135.0, -9.547e-02, 3.493e-02, -2.792e-03, 1481
+105.5, 2.0, 128.2, -9.377e-02, 3.536e-02, -3.044e-03, 1297
+104.4, 2.1, 121.3, -9.213e-02, 3.577e-02, -3.257e-03, 1333
+103.4, 2.2, 114.6, -9.057e-02, 3.617e-02, -3.446e-03, 1574
+102.5, 2.1, 107.9, -8.909e-02, 3.654e-02, -3.608e-03, 1333
+101.6, 2.1, 101.3, -8.770e-02, 3.689e-02, -3.725e-03, 3797
+100.9, 2.1, 94.8, -8.641e-02, 3.720e-02, -3.826e-03, 3592
+100.3, 1.9, 88.8, -8.525e-02, 3.747e-02, -3.930e-03, 1481
+99.6, 1.8, 82.7, -8.406e-02, 3.778e-02, -3.967e-03, 3500
+99.0, 1.7, 77.1, -8.299e-02, 3.806e-02, -3.990e-03, 4148
+101.2, 1.8, 150.5, -1.136e-01, 3.722e-02, -3.571e-03, 2111
+99.7, 2.7, 143.5, -1.119e-01, 3.780e-02, -3.840e-03, 1759
+98.1, 3.5, 136.6, -1.103e-01, 3.837e-02, -4.088e-03, 2259
+96.4, 4.5, 129.8, -1.086e-01, 3.903e-02, -4.234e-03, 1426
+94.6, 5.3, 123.0, -1.070e-01, 3.969e-02, -4.352e-03, 1759
+92.8, 5.9, 116.2, -1.054e-01, 4.033e-02, -4.466e-03, 1537
+91.0, 6.4, 109.2, -1.037e-01, 4.095e-02, -4.553e-03, 2130
+89.2, 6.6, 102.4, -1.020e-01, 4.155e-02, -4.620e-03, 1796
+87.4, 6.9, 95.7, -1.004e-01, 4.216e-02, -4.590e-03, 1278
+85.6, 7.0, 89.0, -9.884e-02, 4.273e-02, -4.547e-03, 1371
+83.9, 7.0, 82.6, -9.736e-02, 4.327e-02, -4.507e-03, 1370
+82.4, 6.8, 76.3, -9.594e-02, 4.376e-02, -4.451e-03, 1370
+81.1, 6.5, 70.3, -9.462e-02, 4.420e-02, -4.415e-03, 1260
+79.8, 6.2, 64.4, -9.334e-02, 4.462e-02, -4.323e-03, 1278
+78.6, 5.7, 58.5, -9.212e-02, 4.501e-02, -4.239e-03, 1371
+77.6, 5.2, 52.9, -9.099e-02, 4.534e-02, -4.159e-03, 1296
+76.9, 4.7, 47.6, -8.998e-02, 4.564e-02, -4.097e-03, 1611
+76.2, 4.2, 42.7, -8.905e-02, 4.589e-02, -4.045e-03, 1370
+75.4, 3.8, 37.5, -8.804e-02, 4.616e-02, -3.924e-03, 1389
+74.8, 3.3, 32.7, -8.713e-02, 4.641e-02, -3.833e-03, 1500
+74.4, 2.9, 28.2, -8.634e-02, 4.662e-02, -3.758e-03, 1481
+74.0, 2.5, 23.9, -8.560e-02, 4.681e-02, -3.703e-03, 1240
+73.8, 2.1, 19.8, -8.494e-02, 4.697e-02, -3.664e-03, 1389
+75.6, 5.9, 46.2, -9.504e-02, 4.551e-02, -3.412e-03, 1537
+74.5, 5.5, 40.0, -9.374e-02, 4.585e-02, -3.189e-03, 1629
+73.5, 5.1, 34.2, -9.252e-02, 4.616e-02, -2.981e-03, 1222
+72.7, 4.6, 28.8, -9.140e-02, 4.643e-02, -2.805e-03, 1629
+72.0, 4.2, 23.8, -9.036e-02, 4.666e-02, -2.646e-03, 1481
+71.2, 3.9, 18.8, -8.928e-02, 4.683e-02, -2.411e-03, 1240
+70.5, 3.6, 14.2, -8.832e-02, 4.700e-02, -2.214e-03, 1222
+69.9, 3.1, 9.9, -8.744e-02, 4.715e-02, -2.046e-03, 1389
+69.4, 2.7, 5.8, -8.669e-02, 4.728e-02, -1.908e-03, 1482
+69.2, 2.4, 2.0, -8.599e-02, 4.738e-02, -1.795e-03, 1240
+68.8, 2.3, -1.8, -8.524e-02, 4.745e-02, -1.634e-03, 2630
+68.4, 2.1, -5.5, -8.453e-02, 4.754e-02, -1.495e-03, 1241
+68.1, 1.8, -9.0, -8.389e-02, 4.760e-02, -1.382e-03, 1241
+67.9, 1.5, -12.3, -8.333e-02, 4.767e-02, -1.295e-03, 1481
+67.7, 1.1, -15.5, -8.285e-02, 4.773e-02, -1.230e-03, 1370
+67.4, 0.9, -18.9, -8.231e-02, 4.777e-02, -1.128e-03, 1370
+67.1, 0.7, -22.0, -8.183e-02, 4.781e-02, -1.051e-03, 3407
+66.9, 0.7, -24.8, -8.141e-02, 4.784e-02, -9.954e-04, 1759
+66.7, 0.6, -27.4, -8.103e-02, 4.788e-02, -9.567e-04, 1408
+66.7, 0.5, -30.0, -8.072e-02, 4.792e-02, -9.323e-04, 1426
+65.4, 1.8, -77.2, -6.391e-02, 4.729e-02, -1.066e-03, 1222
+66.2, 1.7, -76.7, -6.477e-02, 4.757e-02, -1.085e-03, 1222
+67.0, 1.5, -76.4, -6.558e-02, 4.785e-02, -1.106e-03, 1314
+67.8, 1.4, -76.2, -6.638e-02, 4.811e-02, -1.121e-03, 1870
+68.5, 1.5, -76.1, -6.711e-02, 4.837e-02, -1.143e-03, 2537
+69.1, 1.5, -76.1, -6.769e-02, 4.856e-02, -1.163e-03, 2166
+69.7, 1.3, -76.0, -6.823e-02, 4.875e-02, -1.179e-03, 3296
+70.4, 1.1, -76.0, -6.873e-02, 4.894e-02, -1.186e-03, 1981
+71.0, 0.8, -76.1, -6.919e-02, 4.912e-02, -1.176e-03, 1629
+71.5, 0.6, -76.3, -6.963e-02, 4.930e-02, -1.173e-03, 1278
+71.9, 0.3, -76.9, -6.998e-02, 4.942e-02, -1.137e-03, 1407
+72.3, 0.1, -77.6, -7.028e-02, 4.955e-02, -1.092e-03, 4149
+72.6, -0.1, -78.4, -7.059e-02, 4.967e-02, -1.060e-03, 4056
+73.0, -0.2, -79.1, -7.090e-02, 4.980e-02, -1.047e-03, 1852
+73.4, -0.2, -79.7, -7.120e-02, 4.992e-02, -1.047e-03, 1259
+73.5, -0.3, -80.4, -7.134e-02, 4.997e-02, -1.049e-03, 1519
+73.8, -0.3, -80.8, -7.149e-02, 5.003e-02, -1.039e-03, 3500
+74.0, -0.3, -81.1, -7.163e-02, 5.008e-02, -1.041e-03, 1278
+74.3, -0.4, -81.1, -7.177e-02, 5.014e-02, -1.024e-03, 1278
+74.6, -0.6, -80.9, -7.189e-02, 5.020e-02, -1.011e-03, 1648
+74.7, -0.7, -80.7, -7.193e-02, 5.022e-02, -9.706e-04, 1296
+74.8, -0.8, -80.1, -7.198e-02, 5.025e-02, -9.135e-04, 3945
+74.9, -0.9, -79.4, -7.202e-02, 5.027e-02, -8.708e-04, 3537
+75.0, -1.0, -78.5, -7.204e-02, 5.028e-02, -8.382e-04, 1666
+75.7, 0.3, -154.7, -4.026e-02, 5.079e-02, -1.239e-03, 1315
+77.0, 1.1, -148.4, -4.191e-02, 5.121e-02, -9.863e-04, 1259
+78.2, 1.6, -141.9, -4.354e-02, 5.160e-02, -7.450e-04, 1241
+79.3, 1.9, -135.4, -4.510e-02, 5.196e-02, -5.146e-04, 1537
+80.4, 2.2, -129.0, -4.657e-02, 5.230e-02, -3.125e-04, 1537
+81.4, 2.4, -122.8, -4.795e-02, 5.260e-02, -1.277e-04, 1278
+82.5, 2.5, -116.7, -4.928e-02, 5.292e-02, 6.385e-06, 1259
+83.5, 2.5, -110.9, -5.048e-02, 5.321e-02, 1.280e-04, 1926
+84.2, 2.5, -105.4, -5.160e-02, 5.345e-02, 2.460e-04, 1240
+84.7, 2.4, -100.2, -5.261e-02, 5.367e-02, 3.375e-04, 1982
+85.2, 2.3, -95.0, -5.358e-02, 5.386e-02, 4.147e-04, 1241
+85.9, 2.0, -89.9, -5.455e-02, 5.408e-02, 4.724e-04, 1278
+86.5, 1.7, -85.2, -5.540e-02, 5.426e-02, 5.213e-04, 1667
+86.8, 1.5, -80.7, -5.617e-02, 5.441e-02, 5.773e-04, 2000
+87.0, 1.3, -76.3, -5.688e-02, 5.453e-02, 6.096e-04, 1426
+87.1, 1.2, -71.9, -5.753e-02, 5.462e-02, 6.468e-04, 1297
+87.5, 1.0, -67.6, -5.821e-02, 5.475e-02, 6.276e-04, 1334
+87.8, 0.9, -63.5, -5.882e-02, 5.484e-02, 6.094e-04, 1333
+88.0, 0.8, -59.8, -5.936e-02, 5.492e-02, 6.214e-04, 1333
+88.1, 0.8, -56.4, -5.982e-02, 5.496e-02, 6.220e-04, 1426
+88.1, 1.0, -53.1, -6.021e-02, 5.499e-02, 6.324e-04, 1333
+88.3, 1.2, -49.6, -6.069e-02, 5.506e-02, 6.068e-04, 1333
+88.4, 1.2, -46.5, -6.109e-02, 5.511e-02, 5.943e-04, 1296
+88.5, 1.0, -43.6, -6.144e-02, 5.516e-02, 5.972e-04, 1333
+88.5, 0.9, -40.9, -6.172e-02, 5.519e-02, 6.158e-04, 1352
+88.5, 0.8, -38.3, -6.196e-02, 5.520e-02, 6.393e-04, 1334
+88.5, 0.8, -35.5, -6.229e-02, 5.522e-02, 6.082e-04, 1333
+88.6, 0.8, -33.0, -6.259e-02, 5.524e-02, 5.974e-04, 1333
+88.6, 0.7, -30.6, -6.282e-02, 5.525e-02, 5.991e-04, 1333
+88.5, 0.7, -28.4, -6.301e-02, 5.525e-02, 6.100e-04, 2352
+88.4, 0.7, -26.3, -6.316e-02, 5.524e-02, 6.352e-04, 1315
+88.5, 0.8, -24.0, -6.342e-02, 5.524e-02, 5.980e-04, 1352
+88.5, 0.9, -21.9, -6.365e-02, 5.524e-02, 5.750e-04, 4148
+88.6, 1.0, -19.9, -6.384e-02, 5.522e-02, 5.605e-04, 2037
+88.6, 1.2, -18.1, -6.401e-02, 5.520e-02, 5.588e-04, 3408
+88.7, 1.1, -16.5, -6.413e-02, 5.519e-02, 5.753e-04, 1260
+88.8, 1.3, -15.0, -6.431e-02, 5.515e-02, 5.579e-04, 1260
+88.9, 1.5, -13.6, -6.446e-02, 5.510e-02, 5.499e-04, 1685
+89.0, 1.7, -12.2, -6.455e-02, 5.505e-02, 5.553e-04, 1648
+89.0, 1.9, -10.9, -6.466e-02, 5.502e-02, 5.713e-04, 2000
+89.1, 2.1, -9.6, -6.475e-02, 5.498e-02, 5.958e-04, 1463
+89.3, 2.2, -8.2, -6.488e-02, 5.498e-02, 5.924e-04, 1296
+89.5, 2.3, -7.3, -6.499e-02, 5.495e-02, 5.966e-04, 1388
+89.6, 2.4, -6.6, -6.507e-02, 5.493e-02, 6.083e-04, 2333
+89.8, 2.6, -6.2, -6.513e-02, 5.493e-02, 6.280e-04, 1334
+89.9, 2.7, -6.1, -6.518e-02, 5.489e-02, 6.474e-04, 1315
+90.1, 2.9, -6.0, -6.529e-02, 5.485e-02, 6.416e-04, 1296
+90.2, 3.1, -6.1, -6.538e-02, 5.483e-02, 6.387e-04, 1425
+90.2, 3.2, -6.4, -6.544e-02, 5.482e-02, 6.380e-04, 1241
+90.3, 3.2, -6.8, -6.549e-02, 5.481e-02, 6.374e-04, 1537
+90.5, 3.4, -7.2, -6.555e-02, 5.482e-02, 6.343e-04, 1259
+90.8, 3.6, -7.6, -6.567e-02, 5.481e-02, 5.981e-04, 1315
+91.4, 3.9, -7.9, -6.578e-02, 5.484e-02, 5.652e-04, 2833
+92.0, 4.2, -8.0, -6.586e-02, 5.482e-02, 5.289e-04, 1574
+92.6, 4.3, -7.9, -6.592e-02, 5.481e-02, 4.958e-04, 1259
+93.0, 4.4, -7.7, -6.597e-02, 5.483e-02, 4.687e-04, 1315
+93.5, 4.6, -7.5, -6.600e-02, 5.481e-02, 4.755e-04, 1315
+94.0, 4.9, -7.3, -6.603e-02, 5.477e-02, 4.828e-04, 1296
+94.4, 5.0, -7.1, -6.599e-02, 5.471e-02, 4.957e-04, 1259
+94.4, 5.0, -6.6, -6.590e-02, 5.466e-02, 5.175e-04, 1500
+94.2, 4.8, -6.3, -6.586e-02, 5.462e-02, 5.398e-04, 1315
+94.1, 4.7, -6.0, -6.591e-02, 5.460e-02, 5.430e-04, 1315
+94.0, 4.2, -5.9, -6.595e-02, 5.456e-02, 5.468e-04, 1315
+93.8, 3.6, -5.9, -6.596e-02, 5.449e-02, 5.498e-04, 1352
+93.7, 3.5, -5.4, -6.594e-02, 5.439e-02, 5.532e-04, 1389
+93.8, 3.6, -3.6, -6.600e-02, 5.435e-02, 5.602e-04, 1333
+93.9, 3.6, -1.7, -6.594e-02, 5.430e-02, 5.883e-04, 4111
+93.8, 3.7, 0.3, -6.586e-02, 5.428e-02, 6.310e-04, 2889
+93.6, 3.9, 2.0, -6.582e-02, 5.427e-02, 6.843e-04, 1408
+93.4, 3.9, 3.3, -6.574e-02, 5.423e-02, 7.496e-04, 1981
+93.0, 4.0, 3.7, -6.572e-02, 5.416e-02, 8.219e-04, 1444
+92.7, 4.4, 3.5, -6.576e-02, 5.412e-02, 8.357e-04, 1315
+92.4, 4.8, 2.9, -6.574e-02, 5.408e-02, 8.510e-04, 1481
+91.9, 4.5, 2.3, -6.574e-02, 5.406e-02, 8.568e-04, 1759
+91.2, 3.9, 1.6, -6.573e-02, 5.403e-02, 8.593e-04, 1297
+90.7, 3.7, 1.4, -6.575e-02, 5.406e-02, 8.518e-04, 1537
+90.3, 3.6, 1.5, -6.588e-02, 5.400e-02, 8.346e-04, 1278
+89.9, 3.3, 1.4, -6.593e-02, 5.399e-02, 8.209e-04, 1259
+89.5, 3.1, 1.4, -6.597e-02, 5.395e-02, 8.067e-04, 1277
+89.2, 2.7, 1.2, -6.600e-02, 5.391e-02, 7.912e-04, 1741
+88.7, 2.1, 0.8, -6.601e-02, 5.385e-02, 7.751e-04, 1315
+88.1, 1.6, 0.2, -6.599e-02, 5.384e-02, 7.833e-04, 1296
+87.6, 0.9, -0.1, -6.604e-02, 5.382e-02, 7.839e-04, 3481
+87.3, 0.2, -0.3, -6.607e-02, 5.382e-02, 7.820e-04, 1297
+87.1, -0.4, -0.6, -6.608e-02, 5.377e-02, 7.782e-04, 1444
+86.9, -0.8, -1.1, -6.607e-02, 5.367e-02, 7.713e-04, 1463
+86.8, -1.5, -1.6, -6.606e-02, 5.361e-02, 7.656e-04, 1445
+86.7, -2.2, -2.1, -6.607e-02, 5.362e-02, 7.577e-04, 1426
+86.5, -2.3, -2.1, -6.601e-02, 5.352e-02, 7.418e-04, 1444
+86.5, -2.7, -2.2, -6.602e-02, 5.350e-02, 7.297e-04, 2074
+86.5, -3.0, -2.5, -6.605e-02, 5.340e-02, 7.154e-04, 1611
+86.5, -3.6, -2.7, -6.607e-02, 5.343e-02, 7.252e-04, 1444
+83.3, -0.1, 74.9, -9.827e-02, 5.268e-02, 2.752e-03, 3500
+81.5, 0.2, 70.2, -9.666e-02, 5.303e-02, 2.989e-03, 1370
+80.4, 0.4, 66.1, -9.512e-02, 5.336e-02, 3.203e-03, 3445
+79.3, 0.5, 62.1, -9.359e-02, 5.368e-02, 3.414e-03, 1500
+78.1, 0.4, 58.0, -9.203e-02, 5.400e-02, 3.622e-03, 1297
+77.1, 0.3, 54.0, -9.055e-02, 5.431e-02, 3.815e-03, 1296
+76.1, 0.3, 50.3, -8.912e-02, 5.459e-02, 4.010e-03, 1500
+75.1, 0.2, 46.9, -8.778e-02, 5.485e-02, 4.195e-03, 2259
+74.2, -0.0, 44.5, -8.655e-02, 5.510e-02, 4.355e-03, 1241
+73.5, -0.2, 43.0, -8.542e-02, 5.534e-02, 4.491e-03, 1426
+73.3, 0.4, 43.1, -8.458e-02, 5.551e-02, 4.684e-03, 1260
+72.7, 0.8, 39.5, -8.324e-02, 5.561e-02, 4.947e-03, 1814
+72.0, 0.5, 36.5, -8.216e-02, 5.584e-02, 5.080e-03, 1314
+71.4, 0.2, 33.8, -8.121e-02, 5.605e-02, 5.204e-03, 1333
+71.1, 0.1, 31.7, -8.038e-02, 5.620e-02, 5.301e-03, 1296
+70.7, -0.1, 29.8, -7.962e-02, 5.636e-02, 5.373e-03, 1278
+70.4, -0.3, 27.8, -7.891e-02, 5.652e-02, 5.432e-03, 1407
+70.1, -0.5, 26.1, -7.825e-02, 5.666e-02, 5.489e-03, 1481
+69.8, -0.8, 24.6, -7.768e-02, 5.679e-02, 5.540e-03, 1408
+69.7, -0.9, 23.2, -7.713e-02, 5.688e-02, 5.593e-03, 1296
+69.5, -1.0, 21.9, -7.662e-02, 5.695e-02, 5.642e-03, 3925
+69.4, -1.1, 20.7, -7.615e-02, 5.702e-02, 5.684e-03, 1685
+69.4, -0.9, 19.7, -7.571e-02, 5.707e-02, 5.724e-03, 1315
+69.6, -0.6, 19.0, -7.536e-02, 5.717e-02, 5.745e-03, 1259
+70.1, 0.5, 18.5, -7.508e-02, 5.730e-02, 5.742e-03, 1315
+71.0, 2.8, 18.4, -7.486e-02, 5.735e-02, 5.769e-03, 1296
+70.8, 3.7, 16.9, -7.439e-02, 5.707e-02, 5.932e-03, 1278
+70.6, 3.3, 16.1, -7.410e-02, 5.719e-02, 5.951e-03, 1537
+70.5, 2.9, 15.3, -7.382e-02, 5.732e-02, 5.958e-03, 1315
+70.3, 2.8, 14.6, -7.356e-02, 5.734e-02, 5.980e-03, 1297
+70.2, 2.7, 13.9, -7.333e-02, 5.737e-02, 5.992e-03, 1296
+70.1, 2.6, 13.3, -7.315e-02, 5.738e-02, 6.000e-03, 1426
+69.9, 2.6, 12.2, -7.296e-02, 5.739e-02, 6.005e-03, 1500
+69.8, 2.5, 11.1, -7.280e-02, 5.739e-02, 6.001e-03, 1296
+69.8, 2.5, 10.6, -7.262e-02, 5.738e-02, 5.989e-03, 1296
+69.9, 2.5, 10.2, -7.249e-02, 5.737e-02, 5.971e-03, 1278
+69.9, 2.5, 9.9, -7.238e-02, 5.736e-02, 5.950e-03, 1296
+70.0, 2.6, 9.4, -7.225e-02, 5.735e-02, 5.928e-03, 1611
+70.1, 2.6, 9.0, -7.214e-02, 5.734e-02, 5.902e-03, 1296
+70.1, 2.5, 8.7, -7.200e-02, 5.734e-02, 5.903e-03, 1444
+70.0, 2.5, 8.4, -7.187e-02, 5.734e-02, 5.900e-03, 2777
+70.0, 2.4, 8.1, -7.174e-02, 5.734e-02, 5.895e-03, 1371
+70.1, 2.4, 7.8, -7.162e-02, 5.733e-02, 5.889e-03, 1260
+70.1, 2.3, 7.6, -7.151e-02, 5.733e-02, 5.881e-03, 2482
+70.1, 2.4, 7.3, -7.139e-02, 5.730e-02, 5.876e-03, 1241
+70.1, 2.4, 7.1, -7.129e-02, 5.726e-02, 5.869e-03, 3685
+70.1, 2.4, 6.9, -7.121e-02, 5.723e-02, 5.860e-03, 2907
+70.1, 2.4, 6.7, -7.109e-02, 5.721e-02, 5.850e-03, 2000
+70.2, 2.4, 6.5, -7.100e-02, 5.718e-02, 5.838e-03, 1481
+70.2, 2.4, 6.3, -7.090e-02, 5.716e-02, 5.830e-03, 1556
+70.2, 2.4, 6.1, -7.082e-02, 5.714e-02, 5.820e-03, 1222
+70.2, 2.4, 6.0, -7.074e-02, 5.712e-02, 5.808e-03, 1389
+70.3, 2.3, 5.8, -7.066e-02, 5.710e-02, 5.795e-03, 1741
+70.3, 2.3, 5.7, -7.058e-02, 5.707e-02, 5.782e-03, 1296
+70.4, 2.3, 5.6, -7.052e-02, 5.705e-02, 5.759e-03, 1315
+70.4, 2.3, 5.5, -7.047e-02, 5.703e-02, 5.736e-03, 1314
+70.5, 2.3, 5.5, -7.041e-02, 5.701e-02, 5.712e-03, 1296
+70.5, 2.3, 5.4, -7.036e-02, 5.699e-02, 5.687e-03, 1389
+70.6, 2.3, 5.3, -7.031e-02, 5.696e-02, 5.663e-03, 1371
+70.7, 2.3, 5.3, -7.028e-02, 5.695e-02, 5.630e-03, 1315
+70.8, 2.2, 5.3, -7.024e-02, 5.693e-02, 5.597e-03, 3240
+70.9, 2.2, 5.3, -7.021e-02, 5.691e-02, 5.564e-03, 1537
+70.9, 2.2, 5.3, -7.017e-02, 5.689e-02, 5.532e-03, 1296
+71.0, 2.2, 5.2, -7.014e-02, 5.687e-02, 5.500e-03, 1352
+71.1, 2.2, 5.1, -7.008e-02, 5.683e-02, 5.486e-03, 1278
+71.1, 2.2, 5.1, -7.002e-02, 5.680e-02, 5.471e-03, 1296
+71.1, 2.2, 5.0, -6.996e-02, 5.677e-02, 5.455e-03, 1240
+71.2, 2.3, 4.9, -6.990e-02, 5.674e-02, 5.439e-03, 2129
+71.2, 2.3, 4.8, -6.985e-02, 5.671e-02, 5.423e-03, 1222
+71.3, 2.3, 4.8, -6.983e-02, 5.669e-02, 5.384e-03, 1241
+71.4, 2.3, 4.9, -6.981e-02, 5.666e-02, 5.347e-03, 1296
+71.5, 2.3, 4.9, -6.979e-02, 5.664e-02, 5.310e-03, 1315
+71.6, 2.3, 4.9, -6.977e-02, 5.661e-02, 5.274e-03, 1296
+71.7, 2.3, 4.9, -6.975e-02, 5.659e-02, 5.238e-03, 1259
+71.8, 2.3, 4.9, -6.970e-02, 5.655e-02, 5.216e-03, 1371
+71.9, 2.3, 4.8, -6.966e-02, 5.652e-02, 5.194e-03, 1519
+71.9, 2.3, 4.8, -6.962e-02, 5.649e-02, 5.171e-03, 1296
+72.0, 2.4, 4.7, -6.958e-02, 5.645e-02, 5.149e-03, 1297
+72.0, 2.4, 4.7, -6.954e-02, 5.642e-02, 5.126e-03, 1537
+72.1, 2.4, 4.6, -6.947e-02, 5.639e-02, 5.116e-03, 3278
+72.1, 2.4, 4.5, -6.942e-02, 5.636e-02, 5.106e-03, 3111
+72.1, 2.4, 4.4, -6.936e-02, 5.633e-02, 5.095e-03, 2315
+72.2, 2.4, 4.4, -6.931e-02, 5.631e-02, 5.083e-03, 1389
+72.2, 2.5, 4.3, -6.925e-02, 5.628e-02, 5.071e-03, 1315
+72.2, 2.4, 4.3, -6.922e-02, 5.627e-02, 5.045e-03, 1314
+72.3, 2.4, 4.3, -6.920e-02, 5.626e-02, 5.019e-03, 1296
+72.4, 2.3, 4.3, -6.917e-02, 5.625e-02, 4.993e-03, 1296
+72.4, 2.3, 4.3, -6.914e-02, 5.623e-02, 4.968e-03, 1889
+72.5, 2.3, 4.3, -6.911e-02, 5.622e-02, 4.942e-03, 1278
+72.6, 2.2, 4.3, -6.908e-02, 5.621e-02, 4.918e-03, 2222
+72.6, 2.2, 4.2, -6.904e-02, 5.619e-02, 4.894e-03, 2777
+72.7, 2.2, 4.2, -6.901e-02, 5.618e-02, 4.869e-03, 1352
+72.8, 2.1, 4.2, -6.898e-02, 5.616e-02, 4.846e-03, 1666
+72.8, 2.1, 4.2, -6.895e-02, 5.615e-02, 4.822e-03, 1463
+72.9, 2.2, 4.3, -6.894e-02, 5.609e-02, 4.788e-03, 1889
+73.0, 2.3, 4.3, -6.893e-02, 5.603e-02, 4.754e-03, 1315
+73.1, 2.4, 4.3, -6.892e-02, 5.597e-02, 4.721e-03, 1296
+73.2, 2.5, 4.4, -6.890e-02, 5.592e-02, 4.688e-03, 1907
+73.3, 2.5, 4.4, -6.888e-02, 5.587e-02, 4.657e-03, 1296
+73.4, 2.5, 4.4, -6.885e-02, 5.586e-02, 4.632e-03, 3278
+73.4, 2.5, 4.4, -6.882e-02, 5.585e-02, 4.607e-03, 1445
+73.5, 2.4, 4.4, -6.879e-02, 5.584e-02, 4.583e-03, 1389
+73.6, 2.4, 4.4, -6.876e-02, 5.582e-02, 4.559e-03, 1296
+73.6, 2.4, 4.3, -6.872e-02, 5.581e-02, 4.535e-03, 1408
+73.7, 2.4, 4.4, -6.870e-02, 5.578e-02, 4.508e-03, 1259
+73.8, 2.4, 4.4, -6.867e-02, 5.574e-02, 4.482e-03, 1296
+73.8, 2.4, 4.4, -6.865e-02, 5.572e-02, 4.455e-03, 1296
+73.9, 2.4, 4.4, -6.862e-02, 5.569e-02, 4.429e-03, 1463
+74.0, 2.5, 4.4, -6.859e-02, 5.566e-02, 4.403e-03, 1315
+74.0, 2.4, 4.3, -6.856e-02, 5.564e-02, 4.386e-03, 2611
+74.1, 2.4, 4.3, -6.851e-02, 5.563e-02, 4.368e-03, 2444
+74.1, 2.4, 4.3, -6.847e-02, 5.561e-02, 4.351e-03, 1722
+74.2, 2.4, 4.2, -6.843e-02, 5.559e-02, 4.333e-03, 1333
+74.2, 2.3, 4.2, -6.839e-02, 5.558e-02, 4.316e-03, 1333
+74.2, 2.3, 4.1, -6.835e-02, 5.556e-02, 4.303e-03, 1278
+74.3, 2.3, 4.1, -6.831e-02, 5.554e-02, 4.289e-03, 2112
+74.3, 2.3, 4.1, -6.827e-02, 5.552e-02, 4.275e-03, 1315
+74.3, 2.3, 4.0, -6.823e-02, 5.550e-02, 4.262e-03, 3759
+74.4, 2.3, 4.0, -6.818e-02, 5.548e-02, 4.248e-03, 3019
+74.5, 2.3, 4.0, -6.818e-02, 5.545e-02, 4.213e-03, 1352
+74.6, 2.3, 4.1, -6.817e-02, 5.542e-02, 4.179e-03, 1555
+74.7, 2.3, 4.1, -6.816e-02, 5.540e-02, 4.145e-03, 3166
+74.8, 2.3, 4.2, -6.815e-02, 5.537e-02, 4.113e-03, 1241
+74.8, 2.3, 4.2, -6.814e-02, 5.534e-02, 4.081e-03, 1352
+74.9, 2.3, 4.3, -6.812e-02, 5.532e-02, 4.050e-03, 1945
+75.0, 2.3, 4.3, -6.811e-02, 5.531e-02, 4.019e-03, 3796
+75.1, 2.3, 4.3, -6.809e-02, 5.529e-02, 3.990e-03, 3574
+75.2, 2.3, 4.3, -6.807e-02, 5.527e-02, 3.961e-03, 1759
+75.2, 2.2, 4.4, -6.805e-02, 5.525e-02, 3.932e-03, 1408
+75.3, 2.3, 4.3, -6.802e-02, 5.521e-02, 3.910e-03, 1741
+75.4, 2.3, 4.3, -6.798e-02, 5.518e-02, 3.887e-03, 1500
+75.4, 2.3, 4.3, -6.795e-02, 5.515e-02, 3.865e-03, 1315
+75.5, 2.3, 4.3, -6.792e-02, 5.512e-02, 3.843e-03, 1315
+75.5, 2.3, 4.3, -6.789e-02, 5.510e-02, 3.822e-03, 1333
+75.6, 2.4, 4.3, -6.786e-02, 5.505e-02, 3.804e-03, 1315
+75.6, 2.4, 4.3, -6.782e-02, 5.501e-02, 3.787e-03, 4055
+75.7, 2.5, 4.2, -6.778e-02, 5.496e-02, 3.769e-03, 2000
+75.7, 2.5, 4.2, -6.775e-02, 5.493e-02, 3.752e-03, 1926
+75.8, 2.6, 4.2, -6.771e-02, 5.489e-02, 3.734e-03, 2556
+75.9, 2.6, 4.2, -6.768e-02, 5.485e-02, 3.712e-03, 1667
+75.9, 2.6, 4.2, -6.765e-02, 5.482e-02, 3.690e-03, 2593
+76.0, 2.6, 4.2, -6.763e-02, 5.479e-02, 3.669e-03, 3129
+76.0, 2.7, 4.2, -6.759e-02, 5.476e-02, 3.647e-03, 1685
+76.1, 2.7, 4.1, -6.757e-02, 5.473e-02, 3.626e-03, 1315
+76.1, 2.6, 4.1, -6.752e-02, 5.473e-02, 3.612e-03, 1315
+76.2, 2.6, 4.1, -6.748e-02, 5.473e-02, 3.597e-03, 1315
+76.2, 2.5, 4.0, -6.744e-02, 5.472e-02, 3.583e-03, 1277
+76.2, 2.5, 4.0, -6.740e-02, 5.472e-02, 3.569e-03, 1519
+76.3, 2.4, 3.9, -6.736e-02, 5.471e-02, 3.554e-03, 2074
+76.3, 2.5, 3.9, -6.733e-02, 5.466e-02, 3.542e-03, 1703
+76.3, 2.5, 3.9, -6.729e-02, 5.462e-02, 3.530e-03, 3333
+76.4, 2.6, 3.8, -6.725e-02, 5.458e-02, 3.517e-03, 1556
+76.4, 2.6, 3.8, -6.721e-02, 5.454e-02, 3.504e-03, 1852
+76.4, 2.7, 3.8, -6.718e-02, 5.450e-02, 3.491e-03, 1315
+76.5, 2.8, 3.8, -6.715e-02, 5.444e-02, 3.474e-03, 1407
+76.5, 2.9, 3.8, -6.712e-02, 5.438e-02, 3.458e-03, 1296
+76.6, 3.0, 3.8, -6.710e-02, 5.433e-02, 3.441e-03, 1315
+76.6, 3.0, 3.8, -6.707e-02, 5.428e-02, 3.424e-03, 1575
+76.7, 3.1, 3.8, -6.704e-02, 5.423e-02, 3.407e-03, 1444
+76.7, 3.1, 3.7, -6.700e-02, 5.422e-02, 3.398e-03, 1426
+76.7, 3.0, 3.7, -6.696e-02, 5.422e-02, 3.388e-03, 1389
+76.7, 3.0, 3.7, -6.692e-02, 5.421e-02, 3.379e-03, 1315
+76.8, 2.9, 3.6, -6.688e-02, 5.420e-02, 3.369e-03, 1260
+76.8, 2.9, 3.6, -6.684e-02, 5.419e-02, 3.358e-03, 1296
+76.8, 2.9, 3.6, -6.681e-02, 5.418e-02, 3.344e-03, 1296
+76.9, 2.8, 3.5, -6.678e-02, 5.417e-02, 3.330e-03, 1259
+76.9, 2.8, 3.5, -6.675e-02, 5.415e-02, 3.316e-03, 1314
+76.9, 2.8, 3.5, -6.671e-02, 5.414e-02, 3.302e-03, 1389
+77.0, 2.8, 3.5, -6.668e-02, 5.413e-02, 3.288e-03, 1296
+77.0, 2.8, 3.5, -6.666e-02, 5.409e-02, 3.270e-03, 1333
+77.1, 2.8, 3.5, -6.664e-02, 5.406e-02, 3.253e-03, 1388
+77.1, 2.9, 3.5, -6.662e-02, 5.402e-02, 3.236e-03, 3666
+77.2, 2.9, 3.5, -6.659e-02, 5.399e-02, 3.219e-03, 3389
+77.2, 2.9, 3.6, -6.657e-02, 5.396e-02, 3.202e-03, 1297
+77.3, 2.8, 3.6, -6.656e-02, 5.396e-02, 3.172e-03, 1963
+77.4, 2.8, 3.7, -6.655e-02, 5.396e-02, 3.142e-03, 1574
+77.4, 2.7, 3.7, -6.654e-02, 5.395e-02, 3.114e-03, 1315
+77.5, 2.7, 3.8, -6.653e-02, 5.395e-02, 3.086e-03, 1666
+77.6, 2.6, 3.8, -6.652e-02, 5.394e-02, 3.059e-03, 1260
+77.6, 2.6, 3.8, -6.648e-02, 5.392e-02, 3.046e-03, 1389
+77.7, 2.6, 3.8, -6.645e-02, 5.390e-02, 3.032e-03, 1500
+77.7, 2.6, 3.7, -6.642e-02, 5.388e-02, 3.018e-03, 3462
+77.7, 2.6, 3.7, -6.638e-02, 5.386e-02, 3.005e-03, 1296
+77.8, 2.6, 3.7, -6.635e-02, 5.384e-02, 2.991e-03, 1334
+77.8, 2.6, 3.7, -6.632e-02, 5.380e-02, 2.975e-03, 1296
+77.9, 2.7, 3.7, -6.630e-02, 5.375e-02, 2.960e-03, 1296
+77.9, 2.7, 3.7, -6.627e-02, 5.372e-02, 2.944e-03, 1241
+78.0, 2.8, 3.7, -6.624e-02, 5.368e-02, 2.929e-03, 3074
+78.0, 2.8, 3.7, -6.621e-02, 5.364e-02, 2.913e-03, 1370
+78.1, 2.8, 3.7, -6.619e-02, 5.361e-02, 2.893e-03, 3852
+78.1, 2.9, 3.7, -6.617e-02, 5.358e-02, 2.873e-03, 3056
+78.2, 2.9, 3.7, -6.615e-02, 5.355e-02, 2.854e-03, 1500
+78.2, 2.9, 3.7, -6.613e-02, 5.352e-02, 2.835e-03, 1444
+78.3, 2.9, 3.8, -6.611e-02, 5.349e-02, 2.816e-03, 1297
+78.3, 2.9, 3.7, -6.607e-02, 5.347e-02, 2.806e-03, 1259
+78.3, 2.9, 3.7, -6.603e-02, 5.345e-02, 2.796e-03, 1315
+78.4, 2.9, 3.7, -6.600e-02, 5.342e-02, 2.785e-03, 3907
+78.4, 2.9, 3.6, -6.596e-02, 5.340e-02, 2.775e-03, 2241
+78.4, 2.9, 3.6, -6.593e-02, 5.338e-02, 2.764e-03, 1426
+78.5, 2.8, 3.6, -6.590e-02, 5.339e-02, 2.747e-03, 1667
+78.5, 2.7, 3.6, -6.588e-02, 5.339e-02, 2.730e-03, 1259
+78.6, 2.6, 3.6, -6.585e-02, 5.340e-02, 2.713e-03, 3278
+78.6, 2.6, 3.6, -6.582e-02, 5.340e-02, 2.697e-03, 1389
+78.6, 2.5, 3.6, -6.579e-02, 5.340e-02, 2.681e-03, 1315
+78.7, 2.6, 3.6, -6.577e-02, 5.336e-02, 2.665e-03, 1296
+78.7, 2.6, 3.6, -6.575e-02, 5.332e-02, 2.648e-03, 1315
+78.8, 2.6, 3.6, -6.572e-02, 5.329e-02, 2.632e-03, 1297
+78.8, 2.7, 3.6, -6.570e-02, 5.325e-02, 2.617e-03, 2074
+78.9, 2.7, 3.6, -6.567e-02, 5.322e-02, 2.601e-03, 1315
+78.9, 2.6, 3.6, -6.564e-02, 5.322e-02, 2.592e-03, 1315
+78.9, 2.6, 3.6, -6.560e-02, 5.321e-02, 2.583e-03, 1259
+78.9, 2.6, 3.5, -6.556e-02, 5.320e-02, 2.573e-03, 1260
+79.0, 2.5, 3.5, -6.553e-02, 5.319e-02, 2.564e-03, 1296
+79.0, 2.5, 3.5, -6.549e-02, 5.317e-02, 2.554e-03, 1371
+79.0, 2.5, 3.5, -6.547e-02, 5.314e-02, 2.538e-03, 1259
+79.1, 2.6, 3.5, -6.545e-02, 5.311e-02, 2.522e-03, 1315
+79.1, 2.6, 3.5, -6.543e-02, 5.308e-02, 2.506e-03, 1259
+79.2, 2.6, 3.5, -6.540e-02, 5.305e-02, 2.490e-03, 1630
+79.2, 2.6, 3.5, -6.538e-02, 5.303e-02, 2.475e-03, 1259
+79.2, 2.6, 3.5, -6.533e-02, 5.302e-02, 2.471e-03, 1297
+79.2, 2.5, 3.4, -6.529e-02, 5.301e-02, 2.466e-03, 1259
+79.2, 2.5, 3.4, -6.525e-02, 5.300e-02, 2.462e-03, 1389
+79.2, 2.5, 3.3, -6.521e-02, 5.298e-02, 2.457e-03, 1315
+79.3, 2.5, 3.3, -6.517e-02, 5.297e-02, 2.452e-03, 1315
+79.3, 2.4, 3.2, -6.513e-02, 5.295e-02, 2.447e-03, 1315
+79.3, 2.4, 3.2, -6.509e-02, 5.294e-02, 2.442e-03, 1315
+79.3, 2.4, 3.2, -6.506e-02, 5.292e-02, 2.437e-03, 1463
+79.3, 2.4, 3.2, -6.502e-02, 5.290e-02, 2.431e-03, 1629
+79.3, 2.4, 3.1, -6.499e-02, 5.288e-02, 2.426e-03, 1260
+79.3, 2.3, 3.1, -6.495e-02, 5.288e-02, 2.424e-03, 1463
+79.3, 2.3, 3.0, -6.491e-02, 5.288e-02, 2.422e-03, 1277
+79.3, 2.2, 3.0, -6.487e-02, 5.288e-02, 2.420e-03, 1315
+79.3, 2.2, 3.0, -6.483e-02, 5.287e-02, 2.417e-03, 1629
+79.3, 2.1, 2.9, -6.479e-02, 5.287e-02, 2.414e-03, 3981
+79.4, 2.1, 2.9, -6.476e-02, 5.286e-02, 2.403e-03, 2222
+79.4, 2.1, 2.9, -6.474e-02, 5.285e-02, 2.391e-03, 1445
+79.4, 2.0, 2.9, -6.472e-02, 5.284e-02, 2.380e-03, 1444
+79.4, 2.0, 2.9, -6.469e-02, 5.283e-02, 2.369e-03, 2111
+79.5, 2.0, 2.9, -6.467e-02, 5.281e-02, 2.358e-03, 1297
+79.5, 1.9, 2.9, -6.464e-02, 5.280e-02, 2.351e-03, 1315
+79.5, 1.9, 2.9, -6.461e-02, 5.279e-02, 2.344e-03, 2815
+79.5, 1.9, 2.9, -6.457e-02, 5.278e-02, 2.337e-03, 3463
+79.6, 1.9, 2.9, -6.454e-02, 5.276e-02, 2.330e-03, 1796
+79.6, 1.8, 2.8, -6.451e-02, 5.275e-02, 2.323e-03, 1333
+79.6, 1.9, 2.8, -6.448e-02, 5.269e-02, 2.324e-03, 1296
+79.6, 2.1, 2.8, -6.444e-02, 5.263e-02, 2.323e-03, 1314
+79.6, 2.1, 2.8, -6.441e-02, 5.258e-02, 2.323e-03, 1296
+79.6, 2.2, 2.7, -6.438e-02, 5.253e-02, 2.321e-03, 2222
+79.6, 2.3, 2.7, -6.435e-02, 5.248e-02, 2.320e-03, 1426
+79.6, 2.3, 2.7, -6.433e-02, 5.246e-02, 2.309e-03, 1334
+79.6, 2.3, 2.8, -6.431e-02, 5.243e-02, 2.298e-03, 1315
+79.7, 2.3, 2.8, -6.429e-02, 5.241e-02, 2.287e-03, 1389
+79.7, 2.3, 2.8, -6.427e-02, 5.238e-02, 2.277e-03, 1296
+79.7, 2.3, 2.8, -6.425e-02, 5.236e-02, 2.266e-03, 1296
+79.7, 2.3, 2.8, -6.423e-02, 5.234e-02, 2.256e-03, 1334
+79.8, 2.3, 2.8, -6.421e-02, 5.231e-02, 2.246e-03, 1296
+79.8, 2.3, 2.8, -6.418e-02, 5.229e-02, 2.235e-03, 1315
+79.8, 2.3, 2.8, -6.416e-02, 5.227e-02, 2.225e-03, 1389
+79.9, 2.3, 2.8, -6.414e-02, 5.225e-02, 2.215e-03, 1537
+79.9, 2.4, 2.9, -6.412e-02, 5.221e-02, 2.204e-03, 1630
+79.9, 2.4, 2.9, -6.411e-02, 5.218e-02, 2.193e-03, 1259
+80.0, 2.5, 2.9, -6.409e-02, 5.214e-02, 2.182e-03, 4074
+80.0, 2.5, 2.9, -6.407e-02, 5.211e-02, 2.171e-03, 4093
+80.0, 2.5, 2.9, -6.405e-02, 5.208e-02, 2.160e-03, 1537
+80.1, 2.5, 3.0, -6.403e-02, 5.208e-02, 2.143e-03, 1296
+80.1, 2.4, 3.0, -6.402e-02, 5.207e-02, 2.127e-03, 1315
+80.1, 2.4, 3.0, -6.400e-02, 5.206e-02, 2.110e-03, 1296
+80.2, 2.3, 3.0, -6.398e-02, 5.205e-02, 2.095e-03, 1741
+80.2, 2.3, 3.0, -6.397e-02, 5.204e-02, 2.080e-03, 1315
+80.3, 2.2, 3.1, -6.395e-02, 5.205e-02, 2.064e-03, 1315
+80.3, 2.2, 3.1, -6.393e-02, 5.205e-02, 2.048e-03, 1389
+80.3, 2.1, 3.1, -6.391e-02, 5.204e-02, 2.033e-03, 1297
+80.4, 2.1, 3.1, -6.389e-02, 5.204e-02, 2.018e-03, 1388
+80.4, 2.0, 3.1, -6.387e-02, 5.204e-02, 2.004e-03, 1333
+80.4, 2.0, 3.1, -6.383e-02, 5.202e-02, 2.004e-03, 1315
+80.4, 2.0, 3.0, -6.378e-02, 5.200e-02, 2.003e-03, 1315
+80.4, 2.0, 3.0, -6.374e-02, 5.198e-02, 2.003e-03, 1314
+80.4, 2.0, 2.9, -6.371e-02, 5.197e-02, 2.001e-03, 1852
+80.4, 2.0, 2.9, -6.367e-02, 5.195e-02, 2.000e-03, 1314
+80.4, 1.9, 2.9, -6.365e-02, 5.193e-02, 1.989e-03, 1611
+80.5, 1.9, 2.9, -6.362e-02, 5.192e-02, 1.978e-03, 1574
+80.5, 1.9, 2.9, -6.360e-02, 5.190e-02, 1.968e-03, 1296
+80.5, 1.9, 2.9, -6.358e-02, 5.189e-02, 1.958e-03, 1315
+80.5, 1.9, 2.9, -6.356e-02, 5.187e-02, 1.948e-03, 2222
+80.5, 1.9, 2.9, -6.351e-02, 5.184e-02, 1.951e-03, 1259
+80.5, 1.9, 2.8, -6.347e-02, 5.181e-02, 1.954e-03, 1315
+80.5, 1.9, 2.8, -6.343e-02, 5.179e-02, 1.957e-03, 1315
+80.5, 1.9, 2.7, -6.339e-02, 5.176e-02, 1.959e-03, 2352
+80.5, 2.0, 2.7, -6.335e-02, 5.173e-02, 1.960e-03, 1296
+80.5, 2.0, 2.7, -6.333e-02, 5.169e-02, 1.951e-03, 1444
+80.6, 2.1, 2.7, -6.332e-02, 5.165e-02, 1.941e-03, 4629
+80.6, 2.1, 2.7, -6.330e-02, 5.161e-02, 1.932e-03, 1537
+80.6, 2.2, 2.8, -6.328e-02, 5.157e-02, 1.923e-03, 1537
+80.6, 2.2, 2.8, -6.326e-02, 5.153e-02, 1.914e-03, 1315
+80.7, 2.3, 2.8, -6.325e-02, 5.149e-02, 1.897e-03, 1333
+80.7, 2.3, 2.9, -6.325e-02, 5.145e-02, 1.881e-03, 1259
+80.8, 2.4, 2.9, -6.324e-02, 5.142e-02, 1.866e-03, 1259
+80.8, 2.4, 3.0, -6.322e-02, 5.138e-02, 1.851e-03, 2129
+80.9, 2.5, 3.0, -6.321e-02, 5.134e-02, 1.836e-03, 1296
+80.9, 2.5, 2.9, -6.317e-02, 5.132e-02, 1.837e-03, 1278
+80.9, 2.5, 2.9, -6.313e-02, 5.130e-02, 1.838e-03, 1315
+80.9, 2.5, 2.9, -6.309e-02, 5.128e-02, 1.839e-03, 3130
+80.9, 2.5, 2.8, -6.305e-02, 5.126e-02, 1.839e-03, 1314
+80.9, 2.4, 2.8, -6.302e-02, 5.124e-02, 1.839e-03, 1297
+80.9, 2.3, 2.8, -6.301e-02, 5.126e-02, 1.818e-03, 1407
+81.0, 2.2, 2.9, -6.300e-02, 5.127e-02, 1.799e-03, 1315
+81.0, 2.1, 2.9, -6.299e-02, 5.128e-02, 1.780e-03, 1259
+81.0, 2.1, 2.9, -6.297e-02, 5.129e-02, 1.762e-03, 2296
+81.1, 2.0, 3.0, -6.296e-02, 5.130e-02, 1.744e-03, 1315
+81.1, 2.0, 2.9, -6.290e-02, 5.128e-02, 1.755e-03, 1315
+81.0, 2.0, 2.8, -6.285e-02, 5.126e-02, 1.765e-03, 1315
+81.0, 2.0, 2.7, -6.280e-02, 5.124e-02, 1.774e-03, 1388
+81.0, 2.0, 2.6, -6.275e-02, 5.122e-02, 1.782e-03, 1278
+81.0, 2.0, 2.6, -6.270e-02, 5.120e-02, 1.790e-03, 1278
+81.0, 2.0, 2.6, -6.269e-02, 5.117e-02, 1.780e-03, 1334
+81.0, 2.0, 2.6, -6.267e-02, 5.114e-02, 1.771e-03, 1778
+81.0, 2.0, 2.6, -6.265e-02, 5.111e-02, 1.762e-03, 1241
+81.1, 2.1, 2.6, -6.263e-02, 5.108e-02, 1.753e-03, 11796
+81.1, 2.1, 2.6, -6.261e-02, 5.105e-02, 1.745e-03, 1296
+81.1, 2.1, 2.6, -6.257e-02, 5.104e-02, 1.748e-03, 1389
+81.0, 2.1, 2.6, -6.253e-02, 5.102e-02, 1.752e-03, 1296
+81.0, 2.0, 2.5, -6.250e-02, 5.100e-02, 1.755e-03, 2945
+81.0, 2.0, 2.5, -6.246e-02, 5.098e-02, 1.757e-03, 1278
+81.0, 2.0, 2.4, -6.242e-02, 5.097e-02, 1.759e-03, 1481
+81.0, 2.0, 2.5, -6.241e-02, 5.095e-02, 1.749e-03, 1278
+81.1, 2.0, 2.5, -6.239e-02, 5.094e-02, 1.739e-03, 1426
+81.1, 2.0, 2.5, -6.237e-02, 5.092e-02, 1.730e-03, 1277
+81.1, 2.0, 2.5, -6.236e-02, 5.091e-02, 1.720e-03, 1796
+81.1, 1.9, 2.6, -6.234e-02, 5.089e-02, 1.711e-03, 1814
+81.2, 2.0, 2.6, -6.232e-02, 5.084e-02, 1.704e-03, 1315
+81.2, 2.1, 2.6, -6.231e-02, 5.080e-02, 1.696e-03, 1518
+81.2, 2.1, 2.6, -6.229e-02, 5.076e-02, 1.689e-03, 1463
+81.2, 2.2, 2.6, -6.227e-02, 5.073e-02, 1.682e-03, 3945
+81.3, 2.2, 2.6, -6.225e-02, 5.069e-02, 1.676e-03, 2036
+81.3, 2.2, 2.6, -6.221e-02, 5.067e-02, 1.676e-03, 1352
+81.3, 2.2, 2.6, -6.218e-02, 5.064e-02, 1.677e-03, 1426
+81.3, 2.2, 2.6, -6.215e-02, 5.062e-02, 1.677e-03, 4166
+81.3, 2.2, 2.5, -6.212e-02, 5.060e-02, 1.677e-03, 2555
+81.3, 2.2, 2.5, -6.209e-02, 5.057e-02, 1.676e-03, 1667
+81.2, 2.2, 2.5, -6.205e-02, 5.056e-02, 1.679e-03, 1555
+81.2, 2.2, 2.4, -6.202e-02, 5.054e-02, 1.681e-03, 2963
+81.2, 2.2, 2.4, -6.198e-02, 5.052e-02, 1.683e-03, 2370
+81.2, 2.2, 2.4, -6.195e-02, 5.050e-02, 1.685e-03, 1296
+81.2, 2.2, 2.4, -6.191e-02, 5.048e-02, 1.687e-03, 1685
+81.2, 2.3, 2.4, -6.190e-02, 5.044e-02, 1.678e-03, 1314
+81.3, 2.3, 2.4, -6.189e-02, 5.040e-02, 1.669e-03, 3500
+81.3, 2.4, 2.4, -6.187e-02, 5.037e-02, 1.660e-03, 1408
+81.3, 2.4, 2.5, -6.186e-02, 5.033e-02, 1.652e-03, 2149
+81.3, 2.4, 2.5, -6.184e-02, 5.030e-02, 1.644e-03, 1352
+81.3, 2.4, 2.5, -6.182e-02, 5.030e-02, 1.642e-03, 1315
+81.4, 2.3, 2.5, -6.179e-02, 5.030e-02, 1.639e-03, 2907
+81.4, 2.3, 2.5, -6.176e-02, 5.029e-02, 1.637e-03, 1556
+81.4, 2.2, 2.4, -6.173e-02, 5.029e-02, 1.635e-03, 1463
+81.4, 2.2, 2.4, -6.170e-02, 5.028e-02, 1.632e-03, 1333
+81.4, 2.3, 2.5, -6.169e-02, 5.023e-02, 1.626e-03, 1315
+81.4, 2.4, 2.5, -6.167e-02, 5.018e-02, 1.619e-03, 1537
+81.4, 2.4, 2.5, -6.165e-02, 5.013e-02, 1.613e-03, 1278
+81.4, 2.5, 2.5, -6.164e-02, 5.008e-02, 1.607e-03, 1722
+81.4, 2.6, 2.5, -6.162e-02, 5.004e-02, 1.601e-03, 1297
+81.4, 2.6, 2.5, -6.159e-02, 5.003e-02, 1.602e-03, 1278
+81.4, 2.5, 2.5, -6.156e-02, 5.001e-02, 1.602e-03, 1297
+81.4, 2.5, 2.5, -6.152e-02, 5.000e-02, 1.601e-03, 3519
+81.4, 2.5, 2.4, -6.149e-02, 4.998e-02, 1.601e-03, 2982
+81.4, 2.5, 2.4, -6.146e-02, 4.997e-02, 1.601e-03, 1945
+81.4, 2.5, 2.4, -6.144e-02, 4.994e-02, 1.600e-03, 1944
+81.4, 2.5, 2.4, -6.141e-02, 4.991e-02, 1.598e-03, 1963
+81.4, 2.5, 2.4, -6.138e-02, 4.989e-02, 1.597e-03, 1925
+81.5, 2.5, 2.4, -6.136e-02, 4.986e-02, 1.595e-03, 1908
+81.5, 2.5, 2.4, -6.133e-02, 4.984e-02, 1.594e-03, 1426
+81.4, 2.6, 2.3, -6.130e-02, 4.982e-02, 1.598e-03, 1260
+81.4, 2.6, 2.3, -6.126e-02, 4.979e-02, 1.602e-03, 1444
+81.4, 2.6, 2.3, -6.123e-02, 4.977e-02, 1.605e-03, 1444
+81.4, 2.6, 2.3, -6.120e-02, 4.975e-02, 1.608e-03, 1278
+81.4, 2.6, 2.2, -6.117e-02, 4.973e-02, 1.611e-03, 1555
+81.4, 2.6, 2.2, -6.114e-02, 4.969e-02, 1.613e-03, 1889
+81.4, 2.7, 2.2, -6.111e-02, 4.966e-02, 1.615e-03, 1445
+81.4, 2.7, 2.2, -6.108e-02, 4.963e-02, 1.617e-03, 1556
+81.4, 2.7, 2.2, -6.106e-02, 4.960e-02, 1.618e-03, 1925
+81.4, 2.7, 2.2, -6.103e-02, 4.957e-02, 1.619e-03, 1278
+81.4, 2.7, 2.1, -6.099e-02, 4.957e-02, 1.623e-03, 1574
+81.3, 2.6, 2.1, -6.096e-02, 4.957e-02, 1.627e-03, 1278
+81.3, 2.5, 2.1, -6.093e-02, 4.957e-02, 1.630e-03, 3408
+81.3, 2.5, 2.1, -6.090e-02, 4.957e-02, 1.634e-03, 1278
+81.3, 2.5, 2.0, -6.087e-02, 4.957e-02, 1.637e-03, 1315
+81.3, 2.5, 2.0, -6.083e-02, 4.954e-02, 1.645e-03, 1333
+81.3, 2.5, 2.0, -6.079e-02, 4.951e-02, 1.654e-03, 1315
+81.2, 2.5, 1.9, -6.076e-02, 4.948e-02, 1.662e-03, 1296
+81.2, 2.6, 1.9, -6.073e-02, 4.945e-02, 1.669e-03, 2574
+81.2, 2.6, 1.9, -6.070e-02, 4.942e-02, 1.676e-03, 2870
+81.2, 2.5, 1.9, -6.068e-02, 4.941e-02, 1.673e-03, 1371
+81.2, 2.5, 1.9, -6.066e-02, 4.940e-02, 1.671e-03, 3000
+81.2, 2.5, 1.9, -6.064e-02, 4.939e-02, 1.668e-03, 1426
+81.2, 2.5, 1.9, -6.062e-02, 4.938e-02, 1.665e-03, 1352
+81.2, 2.4, 1.9, -6.060e-02, 4.937e-02, 1.663e-03, 1296
+81.2, 2.5, 1.9, -6.058e-02, 4.934e-02, 1.662e-03, 1315
+81.2, 2.5, 2.0, -6.056e-02, 4.930e-02, 1.661e-03, 1649
+81.2, 2.6, 2.0, -6.054e-02, 4.927e-02, 1.660e-03, 1278
+81.2, 2.6, 2.0, -6.053e-02, 4.924e-02, 1.658e-03, 1741
+81.2, 2.6, 2.0, -6.051e-02, 4.921e-02, 1.657e-03, 1278
+81.2, 2.6, 2.0, -6.050e-02, 4.919e-02, 1.647e-03, 1314
+81.3, 2.6, 2.1, -6.049e-02, 4.918e-02, 1.638e-03, 1426
+81.3, 2.6, 2.1, -6.048e-02, 4.917e-02, 1.628e-03, 1648
+81.3, 2.5, 2.2, -6.047e-02, 4.915e-02, 1.620e-03, 1426
+81.3, 2.5, 2.2, -6.046e-02, 4.914e-02, 1.611e-03, 1259
+81.3, 2.6, 2.2, -6.043e-02, 4.911e-02, 1.612e-03, 3741
+81.3, 2.6, 2.2, -6.041e-02, 4.908e-02, 1.613e-03, 1444
+81.3, 2.6, 2.2, -6.038e-02, 4.905e-02, 1.613e-03, 1333
+81.3, 2.6, 2.2, -6.036e-02, 4.902e-02, 1.614e-03, 1685
+81.3, 2.6, 2.2, -6.033e-02, 4.900e-02, 1.615e-03, 3037
+81.3, 2.7, 2.2, -6.031e-02, 4.896e-02, 1.615e-03, 3444
+81.3, 2.7, 2.2, -6.028e-02, 4.893e-02, 1.616e-03, 1314
+81.3, 2.7, 2.2, -6.026e-02, 4.890e-02, 1.617e-03, 1778
+81.3, 2.8, 2.1, -6.024e-02, 4.887e-02, 1.618e-03, 1315
+81.3, 2.8, 2.1, -6.021e-02, 4.884e-02, 1.618e-03, 1333
+81.3, 2.8, 2.1, -6.019e-02, 4.881e-02, 1.615e-03, 1296
+81.3, 2.8, 2.2, -6.017e-02, 4.878e-02, 1.612e-03, 1333
+81.4, 2.9, 2.2, -6.015e-02, 4.876e-02, 1.609e-03, 1315
+81.4, 2.9, 2.2, -6.014e-02, 4.873e-02, 1.606e-03, 2185
+81.4, 2.9, 2.2, -6.012e-02, 4.870e-02, 1.603e-03, 1389
+81.3, 2.9, 2.1, -6.007e-02, 4.867e-02, 1.619e-03, 1315
+81.3, 3.0, 2.1, -6.002e-02, 4.865e-02, 1.633e-03, 1296
+81.2, 3.0, 2.0, -5.998e-02, 4.862e-02, 1.647e-03, 3797
+81.2, 3.0, 1.9, -5.994e-02, 4.859e-02, 1.660e-03, 1240
+81.2, 3.0, 1.9, -5.990e-02, 4.857e-02, 1.673e-03, 1371
+81.2, 3.0, 1.9, -5.988e-02, 4.856e-02, 1.665e-03, 1223
+81.2, 3.0, 2.0, -5.987e-02, 4.854e-02, 1.658e-03, 1241
+81.2, 3.0, 2.0, -5.986e-02, 4.852e-02, 1.652e-03, 1444
+81.2, 3.0, 2.0, -5.985e-02, 4.851e-02, 1.645e-03, 1723
+81.2, 2.9, 2.1, -5.984e-02, 4.849e-02, 1.639e-03, 1241
+81.3, 2.9, 2.1, -5.982e-02, 4.849e-02, 1.633e-03, 1389
+81.3, 2.9, 2.1, -5.981e-02, 4.848e-02, 1.627e-03, 1241
+81.3, 2.8, 2.1, -5.979e-02, 4.848e-02, 1.621e-03, 1648
+81.3, 2.8, 2.1, -5.978e-02, 4.847e-02, 1.616e-03, 1296
+81.3, 2.8, 2.2, -5.976e-02, 4.846e-02, 1.611e-03, 1296
+81.4, 2.7, 2.2, -5.976e-02, 4.845e-02, 1.594e-03, 1315
+81.4, 2.7, 2.3, -5.976e-02, 4.843e-02, 1.578e-03, 1315
+81.4, 2.7, 2.3, -5.976e-02, 4.842e-02, 1.563e-03, 1315
+81.5, 2.7, 2.4, -5.975e-02, 4.841e-02, 1.548e-03, 1611
+81.5, 2.7, 2.4, -5.974e-02, 4.839e-02, 1.534e-03, 1518
+81.5, 2.7, 2.4, -5.972e-02, 4.836e-02, 1.534e-03, 1314
+81.5, 2.7, 2.4, -5.969e-02, 4.834e-02, 1.534e-03, 3018
+81.5, 2.7, 2.4, -5.966e-02, 4.831e-02, 1.533e-03, 3629
+81.5, 2.7, 2.4, -5.963e-02, 4.828e-02, 1.533e-03, 1296
+81.5, 2.8, 2.4, -5.961e-02, 4.826e-02, 1.532e-03, 1296
+81.5, 2.8, 2.3, -5.957e-02, 4.823e-02, 1.540e-03, 1277
+81.8, 8.5, 5.4, -6.062e-02, 4.620e-02, 1.575e-03, 1241
+81.7, 8.0, 5.1, -6.049e-02, 4.637e-02, 1.600e-03, 1297
+81.5, 7.5, 4.8, -6.038e-02, 4.652e-02, 1.623e-03, 2111
+81.4, 7.1, 4.6, -6.027e-02, 4.666e-02, 1.644e-03, 1297
+83.0, 19.1, 11.5, -6.255e-02, 4.240e-02, 1.703e-03, 1297
+82.6, 17.5, 10.7, -6.228e-02, 4.295e-02, 1.726e-03, 1296
+82.3, 16.0, 10.0, -6.204e-02, 4.346e-02, 1.746e-03, 1278
+82.0, 14.7, 9.3, -6.182e-02, 4.392e-02, 1.764e-03, 1241
+81.7, 13.5, 8.8, -6.161e-02, 4.433e-02, 1.780e-03, 1370
+81.4, 12.5, 8.1, -6.140e-02, 4.465e-02, 1.829e-03, 1296
+81.2, 11.7, 7.6, -6.120e-02, 4.494e-02, 1.873e-03, 1296
+81.0, 10.9, 7.1, -6.102e-02, 4.520e-02, 1.914e-03, 1334
+84.8, 28.4, 18.5, -6.456e-02, 3.888e-02, 2.046e-03, 1667
+83.7, 26.2, 16.9, -6.414e-02, 3.969e-02, 2.131e-03, 1389
+82.8, 24.1, 15.5, -6.376e-02, 4.045e-02, 2.187e-03, 1315
+82.1, 22.2, 14.3, -6.341e-02, 4.114e-02, 2.240e-03, 1314
+81.5, 20.4, 13.2, -6.308e-02, 4.177e-02, 2.287e-03, 1278
+80.9, 18.8, 12.3, -6.278e-02, 4.235e-02, 2.331e-03, 1407
+80.5, 17.3, 11.4, -6.250e-02, 4.287e-02, 2.370e-03, 1259
+91.6, 42.2, 33.3, -6.817e-02, 3.328e-02, 2.525e-03, 1315
+89.0, 39.2, 29.9, -6.759e-02, 3.452e-02, 2.572e-03, 1315
+86.8, 36.3, 27.1, -6.704e-02, 3.568e-02, 2.614e-03, 1333
+85.0, 33.6, 24.7, -6.652e-02, 3.675e-02, 2.653e-03, 1408
+83.5, 31.0, 22.6, -6.604e-02, 3.774e-02, 2.689e-03, 1315
+82.3, 28.5, 20.7, -6.558e-02, 3.867e-02, 2.714e-03, 1296
+81.3, 26.2, 19.1, -6.516e-02, 3.952e-02, 2.737e-03, 1352
+80.4, 24.0, 17.7, -6.477e-02, 4.030e-02, 2.755e-03, 1482
+107.2, 52.4, 58.9, -7.322e-02, 2.743e-02, 2.982e-03, 1297
+101.1, 50.0, 52.1, -7.247e-02, 2.899e-02, 3.023e-03, 1537
+96.1, 47.4, 46.4, -7.175e-02, 3.046e-02, 3.094e-03, 1296
+91.9, 44.6, 41.5, -7.106e-02, 3.185e-02, 3.162e-03, 3352
+88.4, 41.8, 37.2, -7.040e-02, 3.316e-02, 3.227e-03, 1278
+164.4, 48.2, 133.5, -8.427e-02, 1.253e-02, 3.632e-03, 2278
-174.0, -3.6, -175.7, -9.946e-02, -9.806e-03, 3.980e-03, 3833
-174.7, 4.1, 179.2, -9.763e-02, -7.105e-03, 3.658e-03, 1389
-175.4, 0.1, -178.1, -9.855e-02, -8.510e-03, 3.433e-03, 1297
-176.1, 1.1, -177.1, -9.887e-02, -8.156e-03, 3.168e-03, 4074
-176.8, 2.3, -175.9, -9.923e-02, -7.770e-03, 2.891e-03, 1370
-177.5, 3.5, -174.8, -9.962e-02, -7.351e-03, 2.602e-03, 1629
-178.2, 4.9, -173.4, -1.001e-01, -6.901e-03, 2.303e-03, 1259
-179.0, 6.4, -172.0, -1.005e-01, -6.415e-03, 1.991e-03, 1315
-179.7, 8.0, -170.5, -1.011e-01, -5.890e-03, 1.665e-03, 4204
+179.7, 9.8, -168.9, -1.016e-01, -5.323e-03, 1.325e-03, 3981
+179.0, 11.7, -167.2, -1.022e-01, -4.711e-03, 9.697e-04, 4351
+178.4, 13.7, -165.4, -1.029e-01, -4.060e-03, 6.035e-04, 4000
+177.9, 15.9, -163.4, -1.035e-01, -3.362e-03, 2.226e-04, 4407
+177.4, 18.3, -161.4, -1.043e-01, -2.612e-03, -1.752e-04, 1667
+177.1, 20.9, -159.1, -1.051e-01, -1.814e-03, -5.886e-04, 1537
+172.3, -6.9, 172.9, -9.529e-02, -1.213e-02, -1.086e-03, 1537
+171.6, 6.1, -174.8, -9.954e-02, -7.535e-03, -1.264e-03, 1351
+170.9, 7.9, -173.5, -1.000e-01, -6.936e-03, -1.591e-03, 1333
+170.1, 9.9, -172.1, -1.005e-01, -6.286e-03, -1.931e-03, 1296
+169.4, 12.0, -170.6, -1.010e-01, -5.584e-03, -2.286e-03, 1333
+168.7, 14.3, -169.0, -1.016e-01, -4.829e-03, -2.654e-03, 2092
+168.1, 16.8, -167.3, -1.022e-01, -4.036e-03, -3.027e-03, 3204
+167.6, 19.4, -165.5, -1.029e-01, -3.188e-03, -3.412e-03, 1537
+167.2, 22.2, -163.5, -1.035e-01, -2.284e-03, -3.813e-03, 3611
+163.1, -7.5, 174.6, -9.596e-02, -1.316e-02, -4.259e-03, 1445
+162.3, -6.7, 175.2, -9.610e-02, -1.287e-02, -4.478e-03, 1334
+161.7, -5.9, 175.7, -9.622e-02, -1.256e-02, -4.692e-03, 3685
+161.0, -5.1, 176.3, -9.636e-02, -1.223e-02, -4.911e-03, 1334
+160.2, -4.1, 176.9, -9.652e-02, -1.188e-02, -5.137e-03, 1500
+159.6, 4.9, -176.9, -9.867e-02, -8.746e-03, -5.362e-03, 1907
+158.6, 0.0, 179.8, -9.748e-02, -1.043e-02, -5.665e-03, 1555
+157.9, 2.7, -178.4, -9.808e-02, -9.500e-03, -5.934e-03, 2055
+157.0, 1.3, -179.4, -9.771e-02, -1.001e-02, -6.226e-03, 1333
+156.2, 2.9, -178.4, -9.801e-02, -9.451e-03, -6.505e-03, 1852
+155.4, 4.6, -177.5, -9.833e-02, -8.847e-03, -6.795e-03, 1426
+154.7, 6.5, -176.4, -9.868e-02, -8.195e-03, -7.095e-03, 1537
+153.9, 8.6, -175.3, -9.907e-02, -7.494e-03, -7.401e-03, 1351
+152.6, -1.8, 179.0, -9.708e-02, -1.114e-02, -7.722e-03, 2574
+152.0, 3.8, -178.0, -9.809e-02, -9.181e-03, -7.979e-03, 1352
+151.2, 5.7, -176.9, -9.843e-02, -8.531e-03, -8.269e-03, 1426
+150.2, -0.2, 179.9, -9.729e-02, -1.060e-02, -8.571e-03, 1611
+149.4, 1.4, -179.1, -9.761e-02, -1.003e-02, -8.837e-03, 3796
+148.6, 3.2, -178.0, -9.796e-02, -9.410e-03, -9.112e-03, 1926
+147.9, 5.1, -176.9, -9.834e-02, -8.743e-03, -9.396e-03, 1778
+147.2, 7.2, -175.7, -9.874e-02, -8.026e-03, -9.688e-03, 1463
+146.5, 9.5, -174.4, -9.919e-02, -7.252e-03, -9.991e-03, 1334
+145.8, 11.9, -173.1, -9.964e-02, -6.429e-03, -1.031e-02, 1334
+144.2, -3.3, 178.0, -9.655e-02, -1.182e-02, -1.064e-02, 1351
+143.5, 4.8, -177.4, -9.812e-02, -8.962e-03, -1.089e-02, 1334
+142.8, 7.0, -176.3, -9.848e-02, -8.224e-03, -1.118e-02, 1500
+142.1, 9.3, -175.2, -9.887e-02, -7.435e-03, -1.147e-02, 1481
+141.4, 11.8, -174.1, -9.927e-02, -6.580e-03, -1.180e-02, 1482
+140.7, 14.5, -172.9, -9.969e-02, -5.663e-03, -1.213e-02, 1333
+140.1, 17.4, -171.7, -1.002e-01, -4.684e-03, -1.247e-02, 3723
+137.9, -5.7, 177.4, -9.636e-02, -1.294e-02, -1.282e-02, 1648
+137.2, -4.3, 178.0, -9.652e-02, -1.242e-02, -1.305e-02, 1389
+136.5, 5.4, -177.5, -9.803e-02, -9.023e-03, -1.329e-02, 1260
+135.8, 7.7, -176.6, -9.835e-02, -8.238e-03, -1.357e-02, 1296
+135.1, 10.2, -175.6, -9.869e-02, -7.396e-03, -1.386e-02, 2148
+134.5, 12.8, -174.6, -9.906e-02, -6.495e-03, -1.416e-02, 1630
+133.8, 15.6, -173.5, -9.945e-02, -5.532e-03, -1.447e-02, 1537
+133.2, 18.7, -172.4, -9.987e-02, -4.494e-03, -1.480e-02, 1871
+132.7, 21.9, -171.2, -1.003e-01, -3.391e-03, -1.513e-02, 2741
+132.2, 25.4, -169.9, -1.008e-01, -2.227e-03, -1.548e-02, 4704
+131.8, 29.0, -168.6, -1.013e-01, -9.983e-04, -1.583e-02, 3870
+131.5, 32.9, -167.1, -1.018e-01, 2.866e-04, -1.618e-02, 1408
+131.4, 36.8, -165.6, -1.023e-01, 1.613e-03, -1.653e-02, 1629
+131.5, 40.9, -163.8, -1.029e-01, 2.989e-03, -1.688e-02, 1278
+131.8, 45.1, -161.9, -1.034e-01, 4.411e-03, -1.724e-02, 1240
+132.4, 49.4, -159.7, -1.040e-01, 5.872e-03, -1.759e-02, 1388
+133.4, 53.7, -157.1, -1.046e-01, 7.364e-03, -1.794e-02, 1778
+134.9, 58.1, -154.1, -1.052e-01, 8.875e-03, -1.829e-02, 1519
+137.2, 62.4, -150.2, -1.058e-01, 1.039e-02, -1.863e-02, 1982
+140.7, 66.6, -145.3, -1.064e-01, 1.191e-02, -1.896e-02, 1630
+146.0, 70.6, -138.6, -1.069e-01, 1.342e-02, -1.928e-02, 1240
+154.1, 74.2, -129.2, -1.075e-01, 1.491e-02, -1.959e-02, 1296
+166.8, 77.3, -115.1, -1.080e-01, 1.639e-02, -1.990e-02, 1277
-174.6, 79.2, -95.3, -1.086e-01, 1.782e-02, -2.020e-02, 1297
-152.4, 79.6, -71.9, -1.091e-01, 1.921e-02, -2.048e-02, 1296
-132.7, 78.4, -51.0, -1.096e-01, 2.054e-02, -2.074e-02, 1296
-118.7, 76.3, -35.9, -1.100e-01, 2.181e-02, -2.099e-02, 1611
-110.0, 73.6, -26.3, -1.104e-01, 2.300e-02, -2.118e-02, 1222
-104.1, 70.9, -19.6, -1.108e-01, 2.411e-02, -2.137e-02, 1278
-100.2, 68.1, -14.8, -1.111e-01, 2.517e-02, -2.154e-02, 1296
-97.4, 65.4, -11.2, -1.114e-01, 2.615e-02, -2.170e-02, 2945
-95.3, 62.9, -8.4, -1.117e-01, 2.708e-02, -2.185e-02, 1277
-93.7, 60.5, -6.1, -1.119e-01, 2.792e-02, -2.200e-02, 1296
-92.5, 58.3, -4.3, -1.122e-01, 2.870e-02, -2.213e-02, 3463
-91.6, 56.2, -2.7, -1.124e-01, 2.943e-02, -2.226e-02, 1463
-90.8, 54.2, -1.4, -1.126e-01, 3.011e-02, -2.237e-02, 1426
-90.2, 52.4, -0.3, -1.128e-01, 3.073e-02, -2.247e-02, 2130
-89.8, 50.7, 0.6, -1.129e-01, 3.133e-02, -2.257e-02, 1314
-89.4, 49.1, 1.4, -1.131e-01, 3.188e-02, -2.265e-02, 1277
-89.1, 47.6, 2.1, -1.132e-01, 3.238e-02, -2.273e-02, 1537
-88.8, 46.2, 2.7, -1.133e-01, 3.284e-02, -2.280e-02, 1240
-88.6, 44.9, 3.2, -1.134e-01, 3.327e-02, -2.286e-02, 1518
-88.4, 43.8, 3.8, -1.135e-01, 3.364e-02, -2.293e-02, 1537
-88.2, 42.8, 4.3, -1.136e-01, 3.397e-02, -2.299e-02, 1278
-88.1, 41.9, 4.7, -1.136e-01, 3.427e-02, -2.304e-02, 13130
-88.0, 41.1, 5.1, -1.137e-01, 3.456e-02, -2.309e-02, 1296
-87.9, 40.3, 5.4, -1.137e-01, 3.481e-02, -2.314e-02, 2278
-87.8, 39.4, 5.7, -1.138e-01, 3.509e-02, -2.318e-02, 1408
-87.7, 38.6, 5.9, -1.138e-01, 3.535e-02, -2.321e-02, 1260
-87.7, 37.9, 6.1, -1.138e-01, 3.558e-02, -2.324e-02, 1463
-87.6, 37.3, 6.3, -1.138e-01, 3.580e-02, -2.327e-02, 1260
-87.6, 36.6, 6.5, -1.138e-01, 3.599e-02, -2.329e-02, 1296
-87.5, 36.2, 6.7, -1.138e-01, 3.613e-02, -2.332e-02, 1389
-87.5, 35.8, 6.8, -1.138e-01, 3.626e-02, -2.334e-02, 1315
-87.5, 35.4, 6.9, -1.138e-01, 3.638e-02, -2.336e-02, 1315
-87.4, 35.0, 7.0, -1.138e-01, 3.648e-02, -2.338e-02, 1296
-87.4, 34.7, 7.1, -1.138e-01, 3.658e-02, -2.339e-02, 1833
-87.3, 34.4, 7.2, -1.138e-01, 3.669e-02, -2.341e-02, 1315
-87.3, 34.0, 7.3, -1.137e-01, 3.679e-02, -2.342e-02, 2944
-87.3, 33.7, 7.3, -1.137e-01, 3.688e-02, -2.344e-02, 1260
-87.2, 33.4, 7.4, -1.137e-01, 3.696e-02, -2.345e-02, 1296
-87.2, 33.2, 7.5, -1.136e-01, 3.703e-02, -2.346e-02, 1333
-87.1, 32.9, 7.5, -1.136e-01, 3.710e-02, -2.347e-02, 1296
-87.1, 32.7, 7.5, -1.135e-01, 3.716e-02, -2.348e-02, 1296
-87.1, 32.5, 7.5, -1.135e-01, 3.721e-02, -2.349e-02, 1315
-87.0, 32.3, 7.5, -1.134e-01, 3.726e-02, -2.350e-02, 1296
-87.0, 32.2, 7.5, -1.134e-01, 3.730e-02, -2.351e-02, 1555
-86.9, 32.0, 7.6, -1.134e-01, 3.733e-02, -2.352e-02, 1315
-86.9, 31.9, 7.6, -1.133e-01, 3.735e-02, -2.353e-02, 1260
-86.8, 31.8, 7.7, -1.133e-01, 3.738e-02, -2.354e-02, 2240
-86.8, 31.7, 7.8, -1.133e-01, 3.740e-02, -2.355e-02, 3130
-86.8, 31.6, 7.8, -1.132e-01, 3.741e-02, -2.356e-02, 1629
-86.7, 31.5, 7.9, -1.132e-01, 3.742e-02, -2.357e-02, 1296
-86.7, 31.4, 7.9, -1.132e-01, 3.743e-02, -2.358e-02, 1278
-86.6, 31.3, 7.9, -1.131e-01, 3.744e-02, -2.358e-02, 3574
-86.6, 31.3, 7.9, -1.131e-01, 3.745e-02, -2.359e-02, 3407
-86.5, 31.2, 8.0, -1.130e-01, 3.745e-02, -2.360e-02, 3518
-86.5, 31.2, 7.9, -1.130e-01, 3.744e-02, -2.360e-02, 3611
-86.4, 31.1, 7.9, -1.129e-01, 3.744e-02, -2.361e-02, 1352
-86.4, 31.1, 7.8, -1.128e-01, 3.743e-02, -2.362e-02, 2093
-86.3, 31.1, 7.8, -1.128e-01, 3.742e-02, -2.362e-02, 1574
