AHRS quaternion double evaluation application, compiled Jul 29 2022 16:12:21
Sensor data will be streamed after initialization.
GPIO initialized.
i2c bus opened with handle 0.
Device with address a0 found
+0.1, 0.2, -0.0, 5.831e-06, -6.214e-05, -3.590e-05, 52353
+0.2, 0.3, -0.0, 1.092e-05, -1.200e-04, -7.009e-05, 9630
+0.3, 0.5, -0.1, 1.540e-05, -1.720e-04, -1.027e-04, 9778
+0.4, 0.6, -0.1, 1.943e-05, -2.160e-04, -1.339e-04, 8130
+0.5, 0.7, -0.1, 2.883e-05, -2.584e-04, -1.638e-04, 7629
+0.5, 0.7, -0.0, -4.131e-06, -2.502e-04, -1.727e-04, 1407
+0.5, 0.7, 0.1, -2.909e-05, -2.456e-04, -1.814e-04, 1333
+0.6, 0.7, 0.1, -5.745e-05, -2.344e-04, -1.900e-04, 4204
+0.6, 0.6, 0.2, -7.625e-05, -2.290e-04, -1.986e-04, 1611
+0.6, 0.6, 0.2, -9.423e-05, -2.230e-04, -2.070e-04, 1334
+0.7, 0.8, 0.2, -7.004e-05, -2.688e-04, -2.371e-04, 1371
+0.8, 0.9, 0.1, -5.118e-05, -3.081e-04, -2.661e-04, 9352
+0.9, 1.0, 0.1, -3.432e-05, -3.435e-04, -2.942e-04, 8612
+0.9, 1.1, 0.0, -2.117e-05, -3.761e-04, -3.213e-04, 8019
+1.0, 1.1, -0.0, -4.540e-06, -4.052e-04, -3.474e-04, 8389
+1.1, 1.3, -0.1, 3.205e-05, -4.468e-04, -3.775e-04, 8574
+1.2, 1.4, -0.2, 6.511e-05, -4.818e-04, -4.065e-04, 1482
+1.3, 1.4, -0.3, 8.797e-05, -5.124e-04, -4.349e-04, 6982
+1.3, 1.5, -0.4, 1.125e-04, -5.406e-04, -4.624e-04, 5704
+1.4, 1.6, -0.4, 1.337e-04, -5.657e-04, -4.891e-04, 1537
+1.5, 1.5, -0.4, 1.156e-04, -5.513e-04, -5.002e-04, 1518
+1.5, 1.5, -0.3, 9.451e-05, -5.371e-04, -5.114e-04, 1352
+1.5, 1.5, -0.3, 7.737e-05, -5.228e-04, -5.225e-04, 1315
+1.6, 1.4, -0.2, 5.701e-05, -5.089e-04, -5.338e-04, 7093
+1.6, 1.4, -0.2, 4.271e-05, -4.979e-04, -5.450e-04, 2389
+1.6, 1.3, -0.2, 6.220e-05, -4.709e-04, -5.412e-04, 1759
+1.6, 1.2, -0.3, 8.480e-05, -4.442e-04, -5.380e-04, 1277
+1.6, 1.2, -0.4, 1.032e-04, -4.199e-04, -5.357e-04, 1444
+1.6, 1.1, -0.4, 1.197e-04, -3.967e-04, -5.339e-04, 4167
+1.6, 1.0, -0.4, 1.307e-04, -3.786e-04, -5.329e-04, 1370
+1.6, 1.1, -0.5, 1.497e-04, -3.881e-04, -5.464e-04, 1963
+1.7, 1.1, -0.5, 1.647e-04, -3.966e-04, -5.597e-04, 5778
+1.7, 1.1, -0.6, 1.802e-04, -4.028e-04, -5.726e-04, 2055
+1.7, 1.1, -0.6, 1.932e-04, -4.083e-04, -5.854e-04, 1555
+1.8, 1.1, -0.7, 2.079e-04, -4.132e-04, -5.980e-04, 2778
+1.8, 1.2, -0.7, 1.999e-04, -4.351e-04, -6.229e-04, 1389
+1.9, 1.2, -0.6, 1.926e-04, -4.534e-04, -6.469e-04, 6037
+2.0, 1.3, -0.6, 1.842e-04, -4.708e-04, -6.703e-04, 1352
+2.0, 1.3, -0.6, 1.807e-04, -4.851e-04, -6.927e-04, 5074
+2.1, 1.4, -0.6, 1.783e-04, -4.996e-04, -7.146e-04, 1537
+2.1, 1.4, -0.7, 2.258e-04, -4.991e-04, -7.188e-04, 1574
+2.1, 1.4, -0.9, 2.665e-04, -4.954e-04, -7.233e-04, 5926
+2.1, 1.4, -1.0, 3.051e-04, -4.917e-04, -7.281e-04, 3130
+2.2, 1.3, -1.1, 3.418e-04, -4.891e-04, -7.332e-04, 1314
+2.2, 1.3, -1.2, 3.778e-04, -4.854e-04, -7.384e-04, 1592
+2.2, 1.2, -1.2, 3.871e-04, -4.535e-04, -7.317e-04, 1481
+2.2, 1.1, -1.2, 3.904e-04, -4.248e-04, -7.260e-04, 1352
+2.1, 1.1, -1.2, 3.894e-04, -3.998e-04, -7.211e-04, 1315
+2.1, 1.0, -1.3, 3.922e-04, -3.790e-04, -7.168e-04, 3889
+2.1, 1.0, -1.3, 3.975e-04, -3.588e-04, -7.129e-04, 7111
+2.2, 1.0, -1.3, 4.120e-04, -3.689e-04, -7.251e-04, 1388
+2.2, 1.0, -1.3, 4.201e-04, -3.769e-04, -7.371e-04, 1296
+2.2, 1.0, -1.4, 4.273e-04, -3.839e-04, -7.489e-04, 1389
+2.3, 1.0, -1.4, 4.358e-04, -3.900e-04, -7.603e-04, 1296
+2.3, 1.1, -1.4, 4.414e-04, -3.954e-04, -7.716e-04, 1611
+2.3, 1.1, -1.4, 4.312e-04, -3.937e-04, -7.807e-04, 3018
+2.3, 1.1, -1.4, 4.220e-04, -3.929e-04, -7.897e-04, 8259
+2.4, 1.0, -1.3, 4.137e-04, -3.891e-04, -7.984e-04, 3055
+2.4, 1.0, -1.3, 4.042e-04, -3.876e-04, -8.072e-04, 2814
+2.4, 1.0, -1.3, 3.954e-04, -3.852e-04, -8.158e-04, 1444
+2.5, 1.0, -1.4, 4.112e-04, -3.863e-04, -8.228e-04, 1593
+2.5, 1.0, -1.4, 4.222e-04, -3.872e-04, -8.298e-04, 7389
+2.5, 1.0, -1.4, 4.342e-04, -3.869e-04, -8.367e-04, 1815
+2.5, 1.0, -1.5, 4.449e-04, -3.874e-04, -8.437e-04, 2130
+2.5, 1.0, -1.5, 4.507e-04, -3.849e-04, -8.506e-04, 1740
+2.5, 1.0, -1.5, 4.664e-04, -3.681e-04, -8.461e-04, 8037
+2.5, 0.9, -1.6, 4.806e-04, -3.518e-04, -8.422e-04, 7926
+2.5, 0.9, -1.6, 4.964e-04, -3.380e-04, -8.387e-04, 4796
+2.5, 0.8, -1.7, 5.086e-04, -3.258e-04, -8.358e-04, 2481
+2.5, 0.8, -1.7, 5.194e-04, -3.154e-04, -8.333e-04, 7352
+2.5, 0.9, -1.7, 5.248e-04, -3.327e-04, -8.478e-04, 6685
+2.6, 0.9, -1.7, 5.308e-04, -3.483e-04, -8.617e-04, 2019
+2.6, 0.9, -1.7, 5.361e-04, -3.611e-04, -8.752e-04, 1278
+2.7, 1.0, -1.8, 5.438e-04, -3.725e-04, -8.881e-04, 2926
+2.7, 1.0, -1.8, 5.476e-04, -3.837e-04, -9.007e-04, 2555
+2.7, 1.0, -1.7, 5.036e-04, -3.718e-04, -9.088e-04, 1482
+2.7, 0.9, -1.6, 4.640e-04, -3.610e-04, -9.168e-04, 3371
+2.8, 0.9, -1.5, 4.281e-04, -3.502e-04, -9.246e-04, 1482
+2.8, 0.9, -1.4, 3.979e-04, -3.422e-04, -9.324e-04, 2093
+2.8, 0.9, -1.3, 3.696e-04, -3.350e-04, -9.400e-04, 1278
+2.8, 0.9, -1.4, 3.936e-04, -3.431e-04, -9.480e-04, 1444
+2.9, 0.9, -1.4, 4.161e-04, -3.523e-04, -9.560e-04, 1315
+2.9, 0.9, -1.5, 4.364e-04, -3.585e-04, -9.637e-04, 1870
+2.9, 0.9, -1.5, 4.544e-04, -3.639e-04, -9.714e-04, 1222
+2.9, 1.1, -1.8, 5.485e-04, -4.253e-04, -9.792e-04, 2315
+3.0, 1.3, -2.0, 6.184e-04, -4.880e-04, -9.912e-04, 2148
+3.0, 1.3, -2.0, 5.937e-04, -4.818e-04, -1.002e-03, 1408
+3.0, 1.3, -1.9, 5.664e-04, -4.773e-04, -1.012e-03, 1259
+3.1, 1.3, -1.8, 5.428e-04, -4.729e-04, -1.023e-03, 1259
+3.1, 1.2, -1.8, 5.243e-04, -4.678e-04, -1.033e-03, 1260
+3.2, 1.3, -1.7, 4.967e-04, -4.832e-04, -1.056e-03, 1389
+3.2, 1.3, -1.6, 4.708e-04, -4.969e-04, -1.079e-03, 1259
+3.3, 1.4, -1.6, 4.475e-04, -5.080e-04, -1.100e-03, 2185
+3.3, 1.4, -1.5, 4.247e-04, -5.189e-04, -1.121e-03, 1315
+3.4, 1.4, -1.4, 4.049e-04, -5.304e-04, -1.141e-03, 2314
+3.4, 1.4, -1.4, 3.937e-04, -5.232e-04, -1.151e-03, 1333
+3.5, 1.4, -1.4, 3.856e-04, -5.175e-04, -1.160e-03, 1371
+3.5, 1.4, -1.4, 3.792e-04, -5.109e-04, -1.170e-03, 1260
+3.5, 1.4, -1.4, 3.714e-04, -5.057e-04, -1.179e-03, 1889
+3.5, 1.4, -1.3, 3.623e-04, -4.999e-04, -1.188e-03, 5222
+3.6, 1.4, -1.4, 3.871e-04, -5.049e-04, -1.198e-03, 1518
+3.6, 1.4, -1.5, 4.114e-04, -5.101e-04, -1.207e-03, 1556
+3.6, 1.4, -1.5, 4.323e-04, -5.146e-04, -1.216e-03, 7630
+3.7, 1.4, -1.6, 4.511e-04, -5.174e-04, -1.225e-03, 1370
+3.7, 1.4, -1.7, 4.688e-04, -5.187e-04, -1.234e-03, 1314
+3.7, 1.4, -1.5, 4.275e-04, -5.132e-04, -1.250e-03, 1444
+3.8, 1.4, -1.4, 3.904e-04, -5.081e-04, -1.266e-03, 1278
+3.8, 1.4, -1.3, 3.571e-04, -5.042e-04, -1.281e-03, 1241
+3.9, 1.4, -1.2, 3.263e-04, -4.998e-04, -1.296e-03, 1797
+3.9, 1.3, -1.2, 2.975e-04, -4.955e-04, -1.311e-03, 1277
+3.9, 1.3, -1.1, 2.792e-04, -4.639e-04, -1.308e-03, 5963
+3.9, 1.2, -1.1, 2.637e-04, -4.351e-04, -1.306e-03, 4296
+3.9, 1.1, -1.0, 2.497e-04, -4.099e-04, -1.304e-03, 1259
+3.9, 1.0, -1.1, 2.641e-04, -4.011e-04, -1.302e-03, 1519
+4.3, 0.9, -0.7, 1.334e-04, -3.608e-04, -1.304e-03, 1371
+4.7, 0.8, -0.8, 1.628e-04, -3.432e-04, -1.297e-03, 2259
+5.0, 0.8, -0.8, 1.837e-04, -3.203e-04, -1.290e-03, 1648
+5.2, 0.7, -0.9, 1.915e-04, -2.979e-04, -1.282e-03, 1259
+5.4, 0.6, -0.9, 2.070e-04, -2.756e-04, -1.274e-03, 2611
+5.5, 0.6, -1.0, 2.551e-04, -2.502e-04, -1.265e-03, 1333
+5.7, 0.5, -0.9, 1.985e-04, -2.215e-04, -1.259e-03, 4685
+5.9, 0.4, -1.0, 2.480e-04, -1.987e-04, -1.251e-03, 2963
+6.2, 0.4, -0.8, 1.923e-04, -1.854e-04, -1.245e-03, 6038
+6.7, 0.4, -0.7, 1.509e-04, -1.942e-04, -1.236e-03, 1592
+7.2, 0.3, -0.7, 1.466e-04, -1.726e-04, -1.225e-03, 1352
+7.7, 0.4, -0.7, 1.310e-04, -1.867e-04, -1.240e-03, 5241
+8.2, 0.4, -0.7, 1.539e-04, -2.041e-04, -1.251e-03, 1722
+8.6, 0.4, -0.8, 1.768e-04, -2.055e-04, -1.260e-03, 1426
+9.1, 0.4, -0.7, 1.577e-04, -2.087e-04, -1.267e-03, 1278
+9.7, 0.5, -0.6, 1.131e-04, -2.206e-04, -1.272e-03, 1278
+10.3, 0.6, -0.6, 1.134e-04, -2.566e-04, -1.269e-03, 1500
+10.9, 0.5, -0.7, 1.533e-04, -2.464e-04, -1.261e-03, 1278
+11.4, 0.4, -0.9, 2.043e-04, -2.119e-04, -1.250e-03, 1630
+12.0, 0.4, -1.0, 2.482e-04, -1.937e-04, -1.238e-03, 1278
+12.7, 0.3, -1.0, 2.562e-04, -1.770e-04, -1.224e-03, 1296
+13.5, 0.3, -1.0, 2.424e-04, -1.886e-04, -1.228e-03, 2667
+14.4, 0.3, -0.8, 1.910e-04, -1.842e-04, -1.228e-03, 1333
+15.2, 0.3, -0.9, 2.101e-04, -1.606e-04, -1.222e-03, 1333
+16.3, 0.2, -0.7, 1.663e-04, -1.370e-04, -1.214e-03, 3370
+17.3, 0.1, -0.8, 1.767e-04, -1.213e-04, -1.202e-03, 1463
+18.4, 0.1, -0.8, 1.746e-04, -1.249e-04, -1.208e-03, 7759
+19.5, 0.2, -0.8, 1.912e-04, -1.482e-04, -1.210e-03, 5333
+20.5, 0.3, -0.8, 1.880e-04, -1.837e-04, -1.207e-03, 1463
+21.5, 0.3, -0.9, 2.358e-04, -1.954e-04, -1.197e-03, 2778
+22.5, 0.3, -1.0, 2.746e-04, -1.809e-04, -1.183e-03, 1444
+23.9, 0.4, -1.0, 2.670e-04, -2.129e-04, -1.196e-03, 3630
+25.2, 0.4, -0.8, 2.087e-04, -2.215e-04, -1.203e-03, 1426
+26.6, 0.4, -0.8, 1.979e-04, -2.211e-04, -1.202e-03, 1333
+28.0, 0.5, -0.8, 2.092e-04, -2.311e-04, -1.194e-03, 1797
+29.3, 0.4, -0.9, 2.690e-04, -2.021e-04, -1.179e-03, 5685
+30.3, 0.5, -1.1, 3.491e-04, -2.596e-04, -1.192e-03, 1667
+31.3, 0.7, -1.1, 3.496e-04, -2.945e-04, -1.200e-03, 1278
+32.2, 0.7, -1.2, 3.767e-04, -3.243e-04, -1.202e-03, 1278
+33.4, 0.8, -1.1, 3.545e-04, -3.355e-04, -1.200e-03, 1260
+35.1, 0.8, -0.9, 3.061e-04, -3.367e-04, -1.192e-03, 1278
+37.1, 0.9, -0.9, 3.006e-04, -3.555e-04, -1.175e-03, 2111
+39.0, 0.9, -1.1, 3.634e-04, -3.755e-04, -1.146e-03, 1296
+40.6, 1.0, -1.3, 4.537e-04, -3.733e-04, -1.108e-03, 1407
+41.7, 1.1, -1.7, 5.778e-04, -4.111e-04, -1.064e-03, 1278
+42.7, 1.1, -1.9, 6.647e-04, -4.010e-04, -1.015e-03, 1278
+43.6, 1.2, -2.2, 7.562e-04, -4.293e-04, -1.005e-03, 2629
+44.1, 1.2, -2.4, 8.245e-04, -4.475e-04, -9.921e-04, 1463
+44.6, 1.3, -2.5, 8.807e-04, -4.670e-04, -9.774e-04, 6037
+45.3, 1.3, -2.2, 7.739e-04, -4.608e-04, -9.636e-04, 1704
+46.0, 1.4, -2.4, 8.298e-04, -4.752e-04, -9.417e-04, 1259
+47.1, 1.5, -2.2, 7.666e-04, -5.006e-04, -9.416e-04, 2315
+48.3, 1.6, -2.1, 7.650e-04, -5.232e-04, -9.329e-04, 1259
+49.5, 1.7, -2.0, 7.579e-04, -5.626e-04, -9.186e-04, 1259
+50.7, 1.7, -1.9, 7.348e-04, -5.633e-04, -8.970e-04, 3352
+52.2, 1.7, -1.7, 6.789e-04, -5.509e-04, -8.695e-04, 6056
+53.8, 1.8, -1.7, 6.761e-04, -5.816e-04, -8.574e-04, 2908
+55.0, 2.1, -1.8, 7.552e-04, -6.603e-04, -8.358e-04, 1463
+56.0, 2.2, -2.1, 8.704e-04, -7.129e-04, -8.064e-04, 1259
+57.2, 2.3, -2.2, 9.103e-04, -7.370e-04, -7.754e-04, 2204
+58.2, 2.3, -2.4, 9.989e-04, -7.201e-04, -7.356e-04, 1259
+59.3, 2.3, -2.3, 9.651e-04, -7.025e-04, -7.339e-04, 3074
+60.6, 2.2, -1.9, 8.664e-04, -6.765e-04, -7.282e-04, 4834
+61.9, 2.3, -2.0, 8.947e-04, -7.021e-04, -7.110e-04, 1888
+63.4, 2.4, -1.8, 8.659e-04, -7.241e-04, -6.900e-04, 1296
+64.8, 2.4, -1.8, 8.785e-04, -7.204e-04, -6.585e-04, 1259
+66.2, 2.4, -1.9, 9.004e-04, -6.837e-04, -6.457e-04, 1259
+67.2, 2.4, -2.0, 9.641e-04, -6.841e-04, -6.267e-04, 1278
+68.3, 2.4, -1.9, 9.280e-04, -6.633e-04, -6.074e-04, 6370
+69.6, 2.3, -1.7, 8.709e-04, -6.288e-04, -5.824e-04, 1240
+70.9, 2.3, -1.5, 8.461e-04, -6.287e-04, -5.498e-04, 1370
+72.2, 2.5, -1.5, 8.335e-04, -6.818e-04, -5.451e-04, 2259
+73.4, 2.7, -1.5, 8.537e-04, -7.486e-04, -5.322e-04, 1982
+74.4, 2.9, -1.5, 8.784e-04, -8.171e-04, -5.136e-04, 1259
+75.2, 2.9, -1.6, 9.408e-04, -8.265e-04, -4.865e-04, 1259
+75.9, 3.0, -1.7, 9.835e-04, -8.326e-04, -4.575e-04, 1260
+77.0, 2.9, -1.5, 9.158e-04, -8.157e-04, -4.490e-04, 1260
+78.0, 3.0, -1.4, 9.066e-04, -8.270e-04, -4.312e-04, 1278
+79.4, 3.0, -1.1, 8.301e-04, -8.263e-04, -4.108e-04, 1260
+80.6, 3.1, -1.2, 8.892e-04, -8.676e-04, -3.754e-04, 2537
+81.9, 3.3, -1.4, 9.720e-04, -9.235e-04, -3.343e-04, 1259
+83.1, 3.4, -1.4, 9.678e-04, -9.428e-04, -3.285e-04, 1814
+84.6, 3.4, -1.1, 9.051e-04, -9.420e-04, -3.196e-04, 1648
+85.7, 3.4, -1.4, 9.988e-04, -9.474e-04, -2.930e-04, 1334
+86.8, 3.5, -1.3, 9.901e-04, -9.599e-04, -2.692e-04, 3000
+87.8, 3.6, -1.3, 1.025e-03, -9.968e-04, -2.376e-04, 5407
+88.7, 3.7, -1.3, 1.053e-03, -1.034e-03, -2.177e-04, 1259
+89.5, 3.6, -1.3, 1.047e-03, -1.015e-03, -1.951e-04, 1222
+90.3, 3.7, -1.2, 1.034e-03, -1.016e-03, -1.691e-04, 1277
+90.9, 3.7, -1.4, 1.099e-03, -1.022e-03, -1.340e-04, 1407
+91.4, 3.7, -1.4, 1.107e-03, -1.001e-03, -9.968e-05, 1260
+92.1, 3.6, -1.2, 1.044e-03, -9.878e-04, -9.089e-05, 2833
+92.7, 3.7, -1.1, 1.026e-03, -1.012e-03, -7.567e-05, 1352
+93.4, 3.7, -0.9, 9.864e-04, -1.005e-03, -5.744e-05, 2574
+94.2, 3.6, -0.8, 9.864e-04, -1.004e-03, -3.229e-05, 1259
+95.1, 3.6, -0.8, 9.691e-04, -9.874e-04, -3.870e-06, 6741
+95.9, 3.6, -0.8, 1.005e-03, -1.001e-03, 1.053e-05, 5296
+96.8, 3.5, -0.5, 9.104e-04, -9.446e-04, 2.084e-05, 1907
+97.9, 3.3, -0.3, 8.826e-04, -8.887e-04, 4.213e-05, 6129
+99.1, 3.3, -0.2, 8.426e-04, -9.033e-04, 6.899e-05, 5463
+100.2, 3.4, -0.2, 8.807e-04, -9.127e-04, 1.074e-04, 1444
+101.4, 3.4, -0.2, 9.030e-04, -9.346e-04, 1.230e-04, 1871
+102.6, 3.4, -0.1, 8.960e-04, -9.441e-04, 1.428e-04, 1556
+103.8, 3.3, -0.0, 9.062e-04, -9.283e-04, 1.696e-04, 3463
+105.1, 3.3, 0.1, 9.092e-04, -9.306e-04, 2.021e-04, 2222
+106.2, 3.2, -0.0, 9.890e-04, -9.350e-04, 2.457e-04, 1426
+107.5, 3.2, 0.1, 1.000e-03, -9.426e-04, 2.723e-04, 1278
+108.6, 3.2, 0.1, 1.039e-03, -9.625e-04, 3.070e-04, 1296
+109.8, 3.3, 0.0, 1.088e-03, -9.937e-04, 3.474e-04, 6315
+110.9, 3.3, -0.1, 1.157e-03, -1.018e-03, 3.938e-04, 2296
+112.0, 3.5, -0.2, 1.193e-03, -1.067e-03, 4.412e-04, 1260
+113.1, 3.4, 0.0, 1.161e-03, -1.066e-03, 4.615e-04, 2074
+114.1, 3.4, -0.1, 1.218e-03, -1.074e-03, 4.933e-04, 1574
+114.9, 3.4, -0.0, 1.204e-03, -1.070e-03, 5.245e-04, 3648
+115.8, 3.4, 0.0, 1.213e-03, -1.057e-03, 5.618e-04, 5130
+116.6, 3.4, 0.1, 1.199e-03, -1.072e-03, 6.033e-04, 1334
+117.6, 3.5, 0.4, 1.132e-03, -1.109e-03, 6.164e-04, 1315
+118.4, 3.6, 0.4, 1.153e-03, -1.143e-03, 6.407e-04, 1296
+119.2, 3.6, 0.5, 1.125e-03, -1.154e-03, 6.654e-04, 2703
+120.0, 3.6, 0.6, 1.110e-03, -1.167e-03, 6.955e-04, 1704
+120.7, 3.7, 0.7, 1.090e-03, -1.219e-03, 7.307e-04, 1278
+121.6, 3.8, 0.8, 1.085e-03, -1.248e-03, 7.407e-04, 2352
+122.5, 3.9, 0.8, 1.097e-03, -1.284e-03, 7.561e-04, 5741
+122.6, 3.7, 0.6, 1.176e-03, -1.205e-03, 7.784e-04, 1556
+122.6, 3.5, 0.5, 1.191e-03, -1.163e-03, 7.978e-04, 2371
+122.5, 3.5, 0.6, 1.165e-03, -1.161e-03, 8.151e-04, 1852
+122.5, 3.5, 0.7, 1.125e-03, -1.158e-03, 8.251e-04, 1277
+122.4, 3.5, 0.8, 1.086e-03, -1.155e-03, 8.357e-04, 1278
+122.4, 3.5, 0.9, 1.050e-03, -1.154e-03, 8.469e-04, 6148
+122.4, 3.5, 1.0, 1.020e-03, -1.150e-03, 8.586e-04, 7500
+122.3, 3.5, 1.1, 9.831e-04, -1.158e-03, 8.709e-04, 1463
+122.3, 3.6, 1.2, 9.405e-04, -1.169e-03, 8.829e-04, 3241
+122.3, 3.6, 1.3, 9.024e-04, -1.177e-03, 8.954e-04, 1277
+122.2, 3.6, 1.4, 8.674e-04, -1.186e-03, 9.083e-04, 1686
+122.2, 3.6, 1.5, 8.332e-04, -1.192e-03, 9.212e-04, 2056
+122.2, 3.6, 1.5, 8.127e-04, -1.188e-03, 9.345e-04, 6333
+122.1, 3.6, 1.6, 7.928e-04, -1.192e-03, 9.510e-04, 1389
+122.1, 3.6, 1.6, 7.754e-04, -1.195e-03, 9.678e-04, 1260
+122.0, 3.7, 1.6, 7.582e-04, -1.200e-03, 9.845e-04, 1241
+122.0, 3.7, 1.7, 7.423e-04, -1.201e-03, 1.001e-03, 4463
+121.9, 3.7, 1.8, 7.156e-04, -1.216e-03, 1.018e-03, 2000
+121.9, 3.7, 1.8, 6.841e-04, -1.214e-03, 1.025e-03, 3611
+121.9, 3.7, 1.9, 6.542e-04, -1.214e-03, 1.032e-03, 2500
+121.9, 3.7, 2.0, 6.286e-04, -1.211e-03, 1.039e-03, 1888
+121.8, 3.7, 2.1, 6.032e-04, -1.210e-03, 1.047e-03, 7778
+121.8, 3.6, 2.2, 5.711e-04, -1.195e-03, 1.054e-03, 8426
+121.7, 3.6, 2.2, 5.794e-04, -1.198e-03, 1.078e-03, 5500
+121.7, 3.6, 2.1, 5.852e-04, -1.201e-03, 1.101e-03, 2130
+121.6, 3.6, 2.1, 5.890e-04, -1.204e-03, 1.124e-03, 1963
+121.5, 3.6, 2.1, 5.922e-04, -1.208e-03, 1.146e-03, 6333
+121.5, 3.7, 2.2, 5.782e-04, -1.224e-03, 1.169e-03, 1685
+121.9, 3.8, 2.6, 4.392e-04, -1.277e-03, 1.190e-03, 3426
+122.8, 4.0, 3.0, 3.189e-04, -1.349e-03, 1.217e-03, 1278
+124.0, 4.1, 3.2, 2.749e-04, -1.406e-03, 1.255e-03, 2889
+124.6, 3.8, 2.9, 3.748e-04, -1.331e-03, 1.301e-03, 6204
+125.5, 3.8, 3.1, 3.540e-04, -1.346e-03, 1.346e-03, 3741
+126.8, 3.8, 3.3, 2.906e-04, -1.343e-03, 1.363e-03, 1444
+128.0, 3.6, 3.3, 3.081e-04, -1.334e-03, 1.393e-03, 1296
+129.4, 3.6, 3.4, 3.113e-04, -1.362e-03, 1.431e-03, 1259
+130.6, 3.7, 3.3, 3.667e-04, -1.403e-03, 1.480e-03, 1778
+131.9, 3.7, 3.3, 3.967e-04, -1.458e-03, 1.535e-03, 1278
+133.6, 3.6, 3.7, 3.094e-04, -1.450e-03, 1.552e-03, 2204
+135.5, 3.6, 3.7, 3.325e-04, -1.485e-03, 1.589e-03, 2797
+137.5, 3.4, 3.7, 3.947e-04, -1.478e-03, 1.635e-03, 1408
+139.1, 3.4, 3.4, 5.348e-04, -1.505e-03, 1.697e-03, 6000
+140.5, 3.4, 3.2, 6.112e-04, -1.556e-03, 1.765e-03, 4074
+142.0, 3.3, 3.3, 6.131e-04, -1.561e-03, 1.787e-03, 8222
+142.7, 3.2, 0.8, 1.509e-03, -1.542e-03, 2.054e-03, 5297
+144.5, 3.2, 1.4, 1.308e-03, -1.558e-03, 2.069e-03, 7852
+146.6, 3.2, 1.9, 1.205e-03, -1.587e-03, 2.101e-03, 2315
+148.5, 3.4, 2.0, 1.187e-03, -1.654e-03, 2.144e-03, 1518
+150.3, 3.3, 2.2, 1.145e-03, -1.683e-03, 2.168e-03, 2389
+152.1, 3.4, 2.5, 1.075e-03, -1.731e-03, 2.202e-03, 1592
+153.8, 3.4, 2.7, 1.069e-03, -1.771e-03, 2.248e-03, 1296
+155.4, 3.5, 2.8, 1.052e-03, -1.812e-03, 2.302e-03, 1500
+157.1, 3.5, 3.2, 9.415e-04, -1.874e-03, 2.359e-03, 1315
+159.2, 3.2, 3.6, 8.631e-04, -1.804e-03, 2.344e-03, 1314
+161.0, 3.0, 3.7, 8.369e-04, -1.790e-03, 2.349e-03, 1352
+162.5, 2.9, 3.9, 8.198e-04, -1.786e-03, 2.366e-03, 1278
+163.9, 2.7, 4.1, 7.591e-04, -1.784e-03, 2.389e-03, 1278
+165.3, 2.7, 4.2, 7.572e-04, -1.805e-03, 2.426e-03, 1426
+166.9, 2.5, 4.4, 6.975e-04, -1.775e-03, 2.429e-03, 1944
+168.5, 2.3, 4.5, 6.934e-04, -1.764e-03, 2.446e-03, 1333
+169.8, 2.2, 4.4, 7.319e-04, -1.783e-03, 2.475e-03, 1278
+170.9, 2.2, 4.5, 7.154e-04, -1.805e-03, 2.510e-03, 2796
+172.1, 2.1, 4.7, 6.820e-04, -1.827e-03, 2.551e-03, 5556
+173.4, 1.8, 4.9, 6.277e-04, -1.781e-03, 2.546e-03, 1371
+174.7, 1.6, 5.0, 6.020e-04, -1.748e-03, 2.552e-03, 1519
+176.0, 1.5, 5.0, 6.003e-04, -1.744e-03, 2.569e-03, 6963
+176.9, 1.4, 5.0, 6.205e-04, -1.755e-03, 2.594e-03, 2055
+177.5, 1.4, 4.8, 6.913e-04, -1.782e-03, 2.627e-03, 1297
+177.9, 1.3, 4.7, 7.158e-04, -1.751e-03, 2.625e-03, 7760
+178.1, 1.2, 4.7, 7.200e-04, -1.717e-03, 2.625e-03, 4296
+178.4, 1.1, 4.8, 6.962e-04, -1.683e-03, 2.627e-03, 1648
+178.6, 0.9, 4.8, 6.824e-04, -1.654e-03, 2.632e-03, 1371
+178.6, 0.9, 4.8, 6.970e-04, -1.634e-03, 2.638e-03, 1314
+178.7, 0.7, 4.8, 6.971e-04, -1.585e-03, 2.627e-03, 1815
+178.7, 0.6, 4.8, 6.802e-04, -1.539e-03, 2.616e-03, 1482
+178.7, 0.5, 4.9, 6.674e-04, -1.495e-03, 2.607e-03, 1352
+178.7, 0.4, 4.9, 6.540e-04, -1.455e-03, 2.599e-03, 1333
+178.7, 0.2, 5.0, 6.338e-04, -1.418e-03, 2.592e-03, 1518
+178.5, 0.2, 5.0, 6.235e-04, -1.409e-03, 2.605e-03, 1981
+178.0, 0.2, 4.9, 6.483e-04, -1.391e-03, 2.615e-03, 1333
+177.5, 0.2, 4.8, 6.811e-04, -1.366e-03, 2.623e-03, 1315
+176.9, 0.3, 4.9, 6.426e-04, -1.366e-03, 2.630e-03, 2667
+176.3, 0.3, 5.0, 6.326e-04, -1.348e-03, 2.631e-03, 1333
+175.5, 0.2, 4.8, 6.871e-04, -1.302e-03, 2.617e-03, 6037
+174.5, 0.2, 4.7, 7.261e-04, -1.257e-03, 2.599e-03, 1556
+173.4, 0.1, 4.6, 7.462e-04, -1.206e-03, 2.577e-03, 1407
+172.2, 0.1, 4.5, 7.808e-04, -1.160e-03, 2.551e-03, 1741
+170.9, 0.2, 4.6, 7.279e-04, -1.157e-03, 2.549e-03, 1296
+169.6, 0.2, 4.7, 7.224e-04, -1.126e-03, 2.539e-03, 2759
+168.2, 0.3, 4.7, 7.045e-04, -1.107e-03, 2.522e-03, 1704
+166.7, 0.3, 4.6, 7.179e-04, -1.067e-03, 2.496e-03, 1333
+165.1, 0.3, 4.7, 7.104e-04, -1.009e-03, 2.461e-03, 1352
+163.7, 0.2, 4.7, 6.798e-04, -9.426e-04, 2.419e-03, 1314
+162.2, 0.2, 4.8, 6.515e-04, -8.971e-04, 2.409e-03, 6815
+160.5, 0.3, 4.7, 6.712e-04, -8.522e-04, 2.391e-03, 2000
+158.6, 0.4, 4.7, 6.841e-04, -8.397e-04, 2.367e-03, 1334
+156.6, 0.5, 4.7, 6.655e-04, -8.275e-04, 2.332e-03, 2148
+154.2, 1.1, 4.6, 6.704e-04, -9.406e-04, 2.363e-03, 1334
+151.8, 1.3, 4.6, 6.580e-04, -9.601e-04, 2.370e-03, 2000
+149.6, 1.5, 4.7, 5.873e-04, -9.526e-04, 2.360e-03, 1333
+147.5, 1.6, 4.8, 5.495e-04, -8.931e-04, 2.334e-03, 1333
+145.6, 1.6, 4.9, 5.007e-04, -8.412e-04, 2.298e-03, 1389
+143.8, 1.7, 4.8, 5.028e-04, -8.183e-04, 2.261e-03, 1333
+142.0, 2.0, 4.7, 5.141e-04, -8.479e-04, 2.265e-03, 1648
+140.2, 2.2, 4.7, 4.878e-04, -8.584e-04, 2.254e-03, 1852
+138.4, 2.3, 4.6, 4.675e-04, -8.441e-04, 2.232e-03, 7018
+136.5, 2.4, 4.6, 4.603e-04, -8.200e-04, 2.199e-03, 1500
+134.5, 2.7, 4.4, 4.722e-04, -8.462e-04, 2.210e-03, 1297
+132.5, 2.9, 4.2, 5.271e-04, -8.594e-04, 2.210e-03, 4297
+130.3, 3.1, 4.0, 5.331e-04, -8.723e-04, 2.196e-03, 1352
+127.8, 3.2, 4.0, 4.973e-04, -8.362e-04, 2.164e-03, 1315
+125.3, 3.3, 3.9, 4.539e-04, -8.213e-04, 2.120e-03, 4037
+122.5, 3.8, 3.6, 4.509e-04, -8.650e-04, 2.128e-03, 5463
+119.5, 4.0, 3.5, 4.005e-04, -8.685e-04, 2.112e-03, 8148
+116.2, 4.2, 3.4, 3.412e-04, -8.559e-04, 2.078e-03, 5703
+113.5, 4.1, 3.7, 1.922e-04, -7.670e-04, 2.017e-03, 1686
+111.4, 3.8, 4.0, 4.976e-05, -6.221e-04, 1.941e-03, 1759
+109.7, 3.8, 3.9, 2.858e-05, -5.564e-04, 1.939e-03, 1407
+108.4, 3.8, 3.9, -6.805e-06, -4.883e-04, 1.928e-03, 3797
+107.3, 3.8, 3.8, -1.307e-05, -4.446e-04, 1.914e-03, 1685
+106.3, 3.8, 3.6, -9.909e-06, -4.167e-04, 1.896e-03, 1370
+105.2, 3.9, 3.4, 2.989e-05, -3.952e-04, 1.875e-03, 1334
+103.9, 4.0, 3.2, 6.381e-05, -3.936e-04, 1.874e-03, 1481
+102.6, 4.0, 3.0, 9.146e-05, -3.943e-04, 1.866e-03, 1351
+101.1, 4.1, 2.7, 1.511e-04, -3.679e-04, 1.850e-03, 1722
+99.3, 4.1, 2.6, 1.477e-04, -3.373e-04, 1.821e-03, 6648
+97.6, 4.2, 2.6, 1.003e-04, -3.353e-04, 1.780e-03, 2148
+96.0, 4.3, 2.3, 1.299e-04, -3.291e-04, 1.771e-03, 1352
+94.4, 4.2, 2.3, 1.181e-04, -2.808e-04, 1.748e-03, 1574
+93.1, 4.1, 2.5, 2.380e-05, -2.327e-04, 1.712e-03, 6537
+91.8, 4.1, 2.8, -1.070e-04, -2.008e-04, 1.669e-03, 6389
+90.4, 4.1, 2.8, -1.430e-04, -1.620e-04, 1.629e-03, 2408
+88.8, 4.1, 2.5, -8.028e-05, -1.352e-04, 1.617e-03, 1408
+87.4, 4.5, 2.7, -1.694e-04, -2.736e-04, 1.594e-03, 1315
+86.1, 4.5, 2.7, -2.104e-04, -2.567e-04, 1.560e-03, 1482
+84.8, 4.6, 2.7, -2.313e-04, -2.507e-04, 1.522e-03, 1314
+83.8, 4.6, 2.8, -3.085e-04, -2.223e-04, 1.473e-03, 1926
+82.7, 4.6, 2.5, -2.362e-04, -2.067e-04, 1.478e-03, 1296
+81.3, 4.5, 2.1, -1.218e-04, -1.510e-04, 1.478e-03, 7778
+79.4, 5.1, 2.0, -1.821e-04, -3.051e-04, 1.463e-03, 1722
+77.7, 5.0, 2.0, -2.524e-04, -2.367e-04, 1.428e-03, 1334
+76.2, 4.9, 1.9, -2.624e-04, -1.878e-04, 1.392e-03, 2093
+74.6, 4.8, 1.6, -1.977e-04, -1.351e-04, 1.390e-03, 1852
+73.0, 4.8, 1.6, -2.055e-04, -1.243e-04, 1.373e-03, 1426
+71.4, 4.9, 1.5, -2.327e-04, -1.404e-04, 1.348e-03, 1556
+70.0, 4.9, 1.4, -2.325e-04, -9.385e-05, 1.316e-03, 1315
+68.7, 4.6, 1.5, -3.274e-04, 1.973e-05, 1.267e-03, 3370
+67.3, 4.6, 1.5, -3.518e-04, 4.584e-05, 1.257e-03, 1315
+66.2, 4.6, 1.6, -4.472e-04, 5.330e-05, 1.236e-03, 1815
+65.5, 4.6, 1.9, -5.471e-04, 7.390e-05, 1.210e-03, 1778
+65.2, 4.6, 2.1, -6.384e-04, 7.437e-05, 1.183e-03, 1722
+64.8, 4.7, 2.1, -6.607e-04, 6.948e-05, 1.162e-03, 1741
+64.2, 4.5, 1.9, -6.206e-04, 1.367e-04, 1.160e-03, 1463
+63.4, 4.5, 1.6, -5.608e-04, 1.740e-04, 1.156e-03, 1315
+62.3, 4.3, 1.7, -6.148e-04, 2.574e-04, 1.136e-03, 2093
+61.4, 4.3, 1.6, -6.103e-04, 2.667e-04, 1.117e-03, 1759
+60.8, 4.3, 1.4, -5.675e-04, 2.773e-04, 1.097e-03, 1408
+60.1, 4.2, 1.3, -5.510e-04, 3.142e-04, 1.106e-03, 1389
+59.5, 4.1, 1.3, -5.516e-04, 3.732e-04, 1.108e-03, 1704
+58.6, 4.0, 1.2, -5.498e-04, 4.003e-04, 1.108e-03, 2000
+57.8, 3.9, 1.1, -5.374e-04, 4.493e-04, 1.104e-03, 1352
+57.2, 3.7, 1.1, -5.371e-04, 5.202e-04, 1.094e-03, 1760
+56.4, 3.8, 1.0, -5.115e-04, 4.930e-04, 1.082e-03, 5445
+55.6, 3.9, 0.8, -4.659e-04, 4.573e-04, 1.068e-03, 1426
+54.9, 4.0, 0.7, -4.371e-04, 4.253e-04, 1.047e-03, 1815
+54.2, 4.2, 0.5, -4.043e-04, 3.819e-04, 1.023e-03, 6611
+52.8, 4.3, 0.5, -4.341e-04, 3.557e-04, 9.903e-04, 1260
+51.4, 4.1, 0.6, -5.026e-04, 4.148e-04, 9.817e-04, 1648
+50.2, 4.0, 0.6, -4.908e-04, 4.825e-04, 9.725e-04, 3760
+49.2, 3.8, 0.5, -4.569e-04, 5.254e-04, 9.584e-04, 1574
+48.3, 3.8, 0.4, -4.222e-04, 5.301e-04, 9.395e-04, 2575
+47.3, 3.8, 0.2, -4.125e-04, 5.454e-04, 9.136e-04, 1945
+45.7, 3.7, 0.1, -4.593e-04, 6.011e-04, 8.933e-04, 1352
+43.7, 3.7, 0.0, -4.758e-04, 6.206e-04, 8.673e-04, 1352
+42.3, 3.6, 0.4, -6.410e-04, 6.340e-04, 8.222e-04, 1574
+41.4, 3.5, 0.5, -6.453e-04, 6.566e-04, 7.834e-04, 1407
+40.5, 3.5, 0.2, -5.640e-04, 6.850e-04, 7.462e-04, 1297
+39.4, 3.5, -0.1, -5.218e-04, 6.869e-04, 7.263e-04, 1722
+38.6, 3.6, 0.1, -6.084e-04, 6.837e-04, 6.926e-04, 2352
+38.0, 3.5, 0.2, -6.637e-04, 6.982e-04, 6.582e-04, 1555
+37.5, 3.4, 0.2, -7.038e-04, 7.664e-04, 6.222e-04, 2518
+36.8, 3.7, 0.3, -7.200e-04, 6.366e-04, 5.860e-04, 2204
+35.7, 3.7, 0.0, -5.931e-04, 6.122e-04, 5.860e-04, 1333
+34.3, 3.4, -0.4, -4.831e-04, 7.101e-04, 5.785e-04, 1907
+32.9, 3.4, -0.4, -5.173e-04, 7.303e-04, 5.524e-04, 1611
+31.3, 3.5, -0.5, -5.166e-04, 7.039e-04, 5.213e-04, 8204
+29.6, 3.4, -0.6, -5.221e-04, 7.433e-04, 4.830e-04, 6407
+27.8, 3.3, -0.6, -5.578e-04, 7.762e-04, 4.623e-04, 1426
+26.2, 3.2, -0.6, -6.035e-04, 7.914e-04, 4.326e-04, 2112
+24.7, 3.2, -0.5, -6.737e-04, 8.095e-04, 3.941e-04, 1445
+23.3, 3.2, -0.4, -7.268e-04, 8.098e-04, 3.497e-04, 1241
+22.3, 3.4, -0.1, -8.736e-04, 7.418e-04, 2.937e-04, 1223
+20.8, 3.2, -0.3, -8.176e-04, 7.923e-04, 2.985e-04, 1611
+19.3, 3.1, -0.4, -8.156e-04, 8.291e-04, 2.914e-04, 1259
+18.0, 3.2, -0.4, -8.410e-04, 7.959e-04, 2.745e-04, 1500
+17.1, 3.4, -0.3, -9.268e-04, 7.570e-04, 2.484e-04, 1426
+16.5, 3.4, -0.2, -9.478e-04, 7.417e-04, 2.234e-04, 2833
+15.8, 3.2, -0.3, -9.566e-04, 8.123e-04, 2.217e-04, 1612
+14.9, 3.0, -0.4, -9.200e-04, 8.795e-04, 2.183e-04, 1556
+13.7, 2.9, -0.5, -8.968e-04, 9.208e-04, 2.083e-04, 1648
+12.4, 2.8, -0.5, -9.562e-04, 9.511e-04, 1.877e-04, 1574
+11.5, 2.8, -0.1, -1.106e-03, 9.453e-04, 1.566e-04, 2796
+11.0, 2.8, 0.1, -1.179e-03, 9.493e-04, 1.401e-04, 1296
+10.8, 2.8, 0.1, -1.197e-03, 9.690e-04, 1.248e-04, 1370
+10.7, 2.8, 0.1, -1.193e-03, 9.655e-04, 1.091e-04, 1352
+10.5, 2.7, 0.1, -1.187e-03, 9.961e-04, 9.305e-05, 2018
+10.2, 2.6, 0.1, -1.183e-03, 1.025e-03, 7.526e-05, 2408
+9.8, 2.5, -0.1, -1.142e-03, 1.060e-03, 7.765e-05, 1500
+9.4, 2.4, -0.2, -1.115e-03, 1.086e-03, 7.671e-05, 1760
+8.8, 2.9, -1.4, -6.734e-04, 9.318e-04, 7.934e-05, 1926
+8.1, 2.7, -1.4, -6.960e-04, 9.764e-04, 7.166e-05, 1426
+7.3, 2.6, -1.4, -7.139e-04, 1.016e-03, 6.016e-05, 1796
+6.5, 2.5, -1.3, -7.484e-04, 1.045e-03, 5.074e-05, 4944
+5.6, 2.4, -1.3, -7.686e-04, 1.078e-03, 3.789e-05, 2167
+4.9, 2.8, -2.6, -3.358e-04, 9.445e-04, 3.990e-05, 1463
+4.4, 2.7, -2.4, -4.192e-04, 9.767e-04, 1.730e-05, 2537
+3.6, 2.9, -3.7, 4.097e-05, 8.820e-04, 2.183e-05, 1222
+2.9, 2.8, -3.5, -5.218e-05, 9.048e-04, 1.381e-06, 1240
+2.3, 2.7, -3.3, -1.338e-04, 9.231e-04, -2.207e-05, 2611
+1.9, 2.7, -3.1, -2.104e-04, 9.275e-04, -4.872e-05, 1723
+1.5, 2.7, -2.9, -2.756e-04, 9.312e-04, -7.635e-05, 1407
+1.0, 2.6, -2.8, -3.336e-04, 9.448e-04, -1.048e-04, 3481
+0.4, 2.4, -2.7, -3.944e-04, 9.910e-04, -1.149e-04, 1518
-0.0, 2.4, -2.5, -4.493e-04, 1.006e-03, -1.294e-04, 1259
-0.5, 2.3, -2.4, -5.041e-04, 1.021e-03, -1.461e-04, 1371
-1.0, 2.2, -2.3, -5.555e-04, 1.050e-03, -1.643e-04, 6908
-1.5, 2.2, -2.1, -6.239e-04, 1.072e-03, -1.863e-04, 1352
-1.9, 2.1, -2.0, -6.531e-04, 1.077e-03, -2.045e-04, 1315
-2.3, 2.1, -1.9, -6.970e-04, 1.087e-03, -2.249e-04, 1704
-2.8, 2.0, -1.8, -7.533e-04, 1.109e-03, -2.471e-04, 1518
-3.4, 1.9, -1.7, -7.914e-04, 1.129e-03, -2.712e-04, 2241
-3.9, 1.9, -1.6, -8.390e-04, 1.132e-03, -2.995e-04, 4648
-4.3, 1.9, -1.5, -8.702e-04, 1.139e-03, -3.147e-04, 1388
-4.5, 1.9, -1.4, -9.031e-04, 1.130e-03, -3.322e-04, 1278
-4.5, 1.9, -1.3, -9.349e-04, 1.125e-03, -3.502e-04, 1260
-4.5, 1.9, -1.2, -9.673e-04, 1.134e-03, -3.678e-04, 1259
-4.4, 1.8, -1.1, -1.000e-03, 1.147e-03, -3.852e-04, 2463
-4.4, 1.8, -1.2, -9.938e-04, 1.164e-03, -3.948e-04, 1260
-4.4, 1.7, -1.2, -9.877e-04, 1.178e-03, -4.047e-04, 1944
-4.3, 1.7, -1.2, -9.821e-04, 1.194e-03, -4.147e-04, 3426
-4.2, 1.7, -1.1, -1.007e-03, 1.204e-03, -4.260e-04, 1315
-4.0, 1.7, -1.1, -1.022e-03, 1.206e-03, -4.369e-04, 1296
-3.8, 1.5, -1.2, -9.929e-04, 1.242e-03, -4.363e-04, 2148
-3.7, 1.5, -1.2, -9.772e-04, 1.269e-03, -4.364e-04, 1463
-3.3, 1.4, -1.1, -9.915e-04, 1.279e-03, -4.376e-04, 1278
-2.8, 1.4, -1.1, -1.005e-03, 1.294e-03, -4.373e-04, 6908
-2.2, 1.3, -1.1, -1.002e-03, 1.316e-03, -4.343e-04, 2463
-1.4, 1.2, -1.1, -9.914e-04, 1.344e-03, -4.386e-04, 1334
-0.5, 1.2, -1.0, -1.012e-03, 1.356e-03, -4.411e-04, 2278
+0.3, 1.1, -1.0, -9.959e-04, 1.383e-03, -4.388e-04, 5518
+1.1, 1.1, -1.0, -1.010e-03, 1.405e-03, -4.342e-04, 1592
+2.3, 1.0, -0.8, -1.052e-03, 1.428e-03, -4.266e-04, 1426
+3.8, 1.1, -0.7, -1.077e-03, 1.406e-03, -4.336e-04, 1278
+5.4, 1.0, -0.8, -1.053e-03, 1.408e-03, -4.315e-04, 1297
+6.7, 1.0, -0.9, -9.855e-04, 1.432e-03, -4.211e-04, 2703
+7.9, 0.9, -1.1, -9.146e-04, 1.458e-03, -4.053e-04, 1278
+9.2, 0.9, -1.2, -8.831e-04, 1.468e-03, -3.857e-04, 8223
+10.7, 1.0, -1.3, -8.573e-04, 1.439e-03, -4.015e-04, 7000
+12.0, 1.1, -1.3, -8.385e-04, 1.419e-03, -4.098e-04, 2555
+13.3, 1.1, -1.4, -7.943e-04, 1.422e-03, -4.101e-04, 1444
+14.3, 1.0, -1.4, -7.728e-04, 1.432e-03, -4.051e-04, 1296
+15.3, 1.0, -1.6, -7.118e-04, 1.444e-03, -3.944e-04, 4389
+16.3, 1.1, -1.7, -6.656e-04, 1.411e-03, -4.037e-04, 5667
+17.6, 1.3, -1.5, -7.177e-04, 1.371e-03, -4.097e-04, 1574
+19.0, 1.3, -1.5, -7.321e-04, 1.371e-03, -4.064e-04, 1592
+20.4, 1.3, -1.6, -6.761e-04, 1.377e-03, -3.940e-04, 2278
+21.4, 1.2, -1.9, -5.762e-04, 1.399e-03, -3.741e-04, 2630
+22.5, 1.3, -2.0, -5.365e-04, 1.380e-03, -3.817e-04, 1352
+23.8, 1.5, -1.7, -6.219e-04, 1.335e-03, -3.879e-04, 1612
+25.4, 1.5, -1.5, -6.629e-04, 1.341e-03, -3.832e-04, 1611
+27.1, 1.4, -1.4, -7.132e-04, 1.367e-03, -3.700e-04, 1389
+28.6, 1.4, -1.5, -6.510e-04, 1.367e-03, -3.463e-04, 2907
+30.1, 1.5, -1.6, -6.183e-04, 1.348e-03, -3.433e-04, 1389
+31.3, 1.5, -1.7, -5.514e-04, 1.356e-03, -3.314e-04, 1333
+32.3, 1.5, -2.0, -4.697e-04, 1.356e-03, -3.145e-04, 1296
+33.4, 1.5, -1.8, -5.104e-04, 1.395e-03, -2.958e-04, 1259
+34.8, 1.4, -1.7, -5.343e-04, 1.426e-03, -2.715e-04, 2241
+36.3, 1.6, -1.7, -5.400e-04, 1.375e-03, -2.858e-04, 2722
+37.6, 1.7, -1.7, -5.028e-04, 1.328e-03, -2.903e-04, 3741
+38.9, 1.8, -1.8, -4.730e-04, 1.302e-03, -2.874e-04, 2593
+40.2, 1.8, -1.8, -4.742e-04, 1.310e-03, -2.784e-04, 2074
+41.6, 1.9, -1.7, -4.797e-04, 1.309e-03, -2.632e-04, 3296
+43.2, 2.0, -1.8, -4.524e-04, 1.277e-03, -2.600e-04, 2426
+44.5, 2.2, -2.0, -3.623e-04, 1.203e-03, -2.478e-04, 1871
+45.9, 2.2, -2.0, -3.189e-04, 1.203e-03, -2.284e-04, 1870
+47.3, 2.2, -2.1, -2.976e-04, 1.210e-03, -2.031e-04, 1889
+48.8, 2.1, -1.9, -3.440e-04, 1.250e-03, -1.726e-04, 8981
+50.4, 2.2, -1.7, -3.570e-04, 1.232e-03, -1.724e-04, 2186
+46.9, 2.2, -2.1, -2.572e-04, 1.185e-03, -1.597e-04, 2537
+48.5, 2.3, -2.1, -2.418e-04, 1.140e-03, -1.703e-04, 2574
+50.1, 2.5, -2.1, -2.168e-04, 1.110e-03, -1.716e-04, 1944
+51.8, 2.6, -2.1, -2.286e-04, 1.080e-03, -1.665e-04, 2519
+53.4, 2.7, -1.9, -2.355e-04, 1.050e-03, -1.714e-04, 1444
+54.7, 2.7, -1.9, -2.232e-04, 1.054e-03, -1.652e-04, 1296
+51.1, 2.7, -2.2, -1.985e-04, 9.883e-04, -1.545e-04, 1260
+52.5, 2.8, -2.0, -2.331e-04, 9.801e-04, -1.638e-04, 1240
+53.8, 2.9, -2.0, -2.255e-04, 9.485e-04, -1.637e-04, 1685
+55.4, 3.0, -1.2, -4.527e-04, 9.227e-04, -2.158e-04, 1278
+57.4, 2.9, -0.9, -5.343e-04, 9.685e-04, -2.461e-04, 1778
+54.5, 2.8, -0.9, -5.563e-04, 9.725e-04, -2.626e-04, 2222
+56.2, 3.1, -0.7, -5.400e-04, 8.029e-04, -2.948e-04, 1241
+57.3, 3.4, -0.6, -5.078e-04, 6.968e-04, -3.134e-04, 1259
+58.1, 3.4, -0.4, -5.745e-04, 6.844e-04, -3.647e-04, 1259
+58.9, 3.4, -0.1, -7.013e-04, 7.127e-04, -4.143e-04, 2611
+59.8, 3.4, 0.1, -7.590e-04, 6.982e-04, -4.541e-04, 1389
+61.0, 3.3, 0.6, -8.649e-04, 7.113e-04, -4.908e-04, 1259
+61.9, 3.4, 0.6, -8.311e-04, 6.573e-04, -5.104e-04, 7444
+62.8, 3.4, 0.7, -8.978e-04, 6.891e-04, -5.501e-04, 1352
+63.6, 3.4, 0.9, -9.579e-04, 6.890e-04, -5.845e-04, 1648
+64.6, 3.4, 1.1, -9.927e-04, 6.710e-04, -6.114e-04, 1648
+65.7, 3.4, 1.6, -1.115e-03, 6.338e-04, -6.372e-04, 1482
+66.8, 3.4, 1.6, -1.061e-03, 6.008e-04, -6.430e-04, 2037
+68.1, 3.4, 1.7, -1.092e-03, 5.933e-04, -6.815e-04, 6074
+69.3, 3.4, 1.9, -1.118e-03, 5.800e-04, -7.122e-04, 2019
+70.5, 3.4, 1.8, -1.073e-03, 5.440e-04, -7.306e-04, 1315
+71.6, 3.4, 1.9, -1.053e-03, 5.204e-04, -7.454e-04, 1277
+72.6, 3.5, 1.8, -1.025e-03, 4.727e-04, -7.532e-04, 1278
+73.7, 3.5, 2.1, -1.072e-03, 4.596e-04, -7.842e-04, 1944
+74.8, 3.4, 2.1, -1.054e-03, 4.657e-04, -8.048e-04, 4888
+75.8, 3.5, 2.1, -1.040e-03, 4.442e-04, -8.192e-04, 6019
+76.8, 3.5, 2.1, -1.012e-03, 4.239e-04, -8.276e-04, 1500
+77.6, 3.5, 1.9, -9.261e-04, 3.829e-04, -8.273e-04, 3038
+78.3, 3.5, 1.9, -8.954e-04, 3.855e-04, -8.554e-04, 1296
+78.9, 3.5, 2.0, -9.237e-04, 3.926e-04, -8.843e-04, 2482
+79.5, 3.4, 2.1, -9.665e-04, 3.917e-04, -9.100e-04, 1315
+80.5, 3.4, 2.6, -1.097e-03, 4.046e-04, -9.378e-04, 7222
+81.5, 3.4, 2.6, -1.090e-03, 3.874e-04, -9.485e-04, 1297
+82.4, 3.4, 2.5, -1.035e-03, 3.424e-04, -9.761e-04, 1371
+82.8, 3.5, 2.3, -9.640e-04, 3.137e-04, -1.000e-03, 1815
+82.9, 3.4, 1.9, -7.945e-04, 3.465e-04, -1.020e-03, 1852
+82.9, 3.4, 2.0, -8.298e-04, 3.373e-04, -1.053e-03, 1333
+83.0, 3.4, 2.1, -8.683e-04, 3.329e-04, -1.085e-03, 2667
+83.2, 3.4, 2.3, -9.220e-04, 3.459e-04, -1.131e-03, 1352
+83.3, 3.3, 2.4, -9.672e-04, 3.605e-04, -1.174e-03, 1315
+83.4, 3.3, 2.5, -1.012e-03, 3.715e-04, -1.216e-03, 1314
+83.5, 3.2, 2.6, -1.053e-03, 3.821e-04, -1.256e-03, 1241
+83.7, 3.2, 2.7, -1.086e-03, 3.914e-04, -1.294e-03, 1574
+83.7, 3.2, 2.7, -1.080e-03, 4.056e-04, -1.309e-03, 1241
+83.7, 3.1, 2.7, -1.072e-03, 4.163e-04, -1.324e-03, 1482
+83.8, 3.1, 2.7, -1.070e-03, 4.287e-04, -1.338e-03, 1685
+83.7, 3.1, 2.7, -1.067e-03, 4.405e-04, -1.353e-03, 1241
+83.4, 3.0, 2.6, -1.051e-03, 4.674e-04, -1.368e-03, 1259
+83.5, 3.2, 2.7, -1.063e-03, 4.006e-04, -1.392e-03, 7593
+83.5, 3.2, 2.7, -1.086e-03, 3.951e-04, -1.420e-03, 7037
+83.3, 3.0, 2.6, -1.063e-03, 4.712e-04, -1.449e-03, 8204
+82.5, 2.6, 2.4, -9.907e-04, 6.241e-04, -1.480e-03, 7056
+81.6, -2.4, 2.4, -1.002e-03, 6.284e-04, -1.514e-03, 12723
+81.3, -1.7, 2.6, -1.067e-03, 3.881e-04, -1.533e-03, 2167
+81.2, -0.6, 2.7, -1.117e-03, 2.371e-05, -1.549e-03, 2907
+81.2, -0.1, 2.9, -1.176e-03, -1.402e-04, -1.573e-03, 6352
+81.2, 0.2, 3.0, -1.226e-03, -2.444e-04, -1.600e-03, 1296
+81.3, 0.3, 3.1, -1.269e-03, -2.905e-04, -1.629e-03, 2130
+81.4, 0.7, 3.2, -1.299e-03, -4.435e-04, -1.646e-03, 1222
+81.4, 0.9, 3.2, -1.309e-03, -5.044e-04, -1.667e-03, 1241
+81.5, 1.1, 3.2, -1.317e-03, -5.621e-04, -1.688e-03, 1240
+81.6, 1.2, 3.2, -1.323e-03, -6.138e-04, -1.709e-03, 1259
+81.7, 1.3, 3.3, -1.327e-03, -6.614e-04, -1.729e-03, 2482
+81.7, 1.5, 3.3, -1.325e-03, -7.256e-04, -1.743e-03, 1333
+81.9, 1.7, 3.3, -1.335e-03, -7.819e-04, -1.757e-03, 2352
+82.0, 1.8, 3.3, -1.319e-03, -8.335e-04, -1.769e-03, 6982
+82.1, 2.0, 3.2, -1.303e-03, -8.850e-04, -1.781e-03, 6111
+82.1, 2.1, 3.2, -1.296e-03, -9.286e-04, -1.794e-03, 2370
+82.2, 2.2, 3.2, -1.290e-03, -9.504e-04, -1.811e-03, 5889
+82.2, 2.2, 3.2, -1.275e-03, -9.758e-04, -1.826e-03, 1685
+82.3, 2.3, 3.2, -1.273e-03, -9.947e-04, -1.842e-03, 2037
+82.7, 2.1, 3.3, -1.319e-03, -9.554e-04, -1.864e-03, 1611
+82.9, 2.4, 3.2, -1.258e-03, -1.056e-03, -1.869e-03, 6093
+83.0, 2.7, 3.1, -1.245e-03, -1.164e-03, -1.879e-03, 1370
+83.2, 2.7, 3.1, -1.239e-03, -1.199e-03, -1.892e-03, 1593
+83.2, 2.9, 3.1, -1.223e-03, -1.264e-03, -1.903e-03, 7593
+83.2, 2.9, 3.0, -1.196e-03, -1.272e-03, -1.916e-03, 4574
+83.2, 2.4, 2.9, -1.164e-03, -1.157e-03, -1.936e-03, 1389
+83.3, 2.3, 3.0, -1.162e-03, -1.260e-03, -1.953e-03, 1648
+83.4, 1.8, 3.1, -1.207e-03, -1.320e-03, -1.973e-03, 1296
+83.5, 1.0, 3.1, -1.217e-03, -1.326e-03, -1.993e-03, 2500
+83.7, 0.0, 3.2, -1.252e-03, -1.328e-03, -2.013e-03, 2148
+83.8, -0.9, 3.2, -1.266e-03, -1.344e-03, -2.028e-03, 1482
+84.0, -1.9, 3.2, -1.264e-03, -1.366e-03, -2.040e-03, 1222
+84.1, -3.0, 3.1, -1.249e-03, -1.393e-03, -2.051e-03, 1703
+84.1, -4.5, 3.1, -1.222e-03, -1.470e-03, -2.059e-03, 5944
+84.0, -6.1, 3.0, -1.209e-03, -1.576e-03, -2.065e-03, 1426
+83.9, -7.8, 3.0, -1.209e-03, -1.693e-03, -2.068e-03, 3685
+83.7, -10.2, 3.2, -1.281e-03, -1.643e-03, -2.070e-03, 9315
+83.4, -12.4, 2.9, -1.268e-03, -1.704e-03, -2.076e-03, 3592
+83.2, -14.4, 2.7, -1.256e-03, -1.797e-03, -2.082e-03, 1445
+83.0, -16.1, 2.8, -1.247e-03, -1.950e-03, -2.087e-03, 1722
+82.7, -17.7, 3.0, -1.238e-03, -2.108e-03, -2.092e-03, 1482
+82.5, -19.6, 3.2, -1.217e-03, -2.094e-03, -2.110e-03, 1240
+82.1, -21.6, 3.0, -1.196e-03, -2.115e-03, -2.126e-03, 2000
+81.6, -23.4, 2.8, -1.201e-03, -2.136e-03, -2.135e-03, 2056
+81.2, -25.2, 2.8, -1.221e-03, -2.151e-03, -2.141e-03, 1259
+80.7, -26.8, 3.1, -1.277e-03, -2.216e-03, -2.130e-03, 1370
+80.4, -28.8, 3.2, -1.308e-03, -2.145e-03, -2.155e-03, 2389
+80.0, -30.9, 3.3, -1.341e-03, -2.100e-03, -2.176e-03, 1740
+79.9, -33.0, 3.3, -1.377e-03, -2.077e-03, -2.195e-03, 1334
+80.1, -35.3, 3.3, -1.417e-03, -2.045e-03, -2.210e-03, 6944
+80.2, -37.2, 3.3, -1.458e-03, -2.112e-03, -2.216e-03, 6500
+80.3, -39.8, 2.8, -1.437e-03, -2.009e-03, -2.238e-03, 1852
+80.7, -42.4, 1.9, -1.416e-03, -1.934e-03, -2.263e-03, 2630
+81.2, -44.3, 1.0, -1.406e-03, -1.896e-03, -2.284e-03, 1537
+81.4, -45.3, 0.5, -1.417e-03, -1.905e-03, -2.290e-03, 1555
+81.6, -45.8, 0.0, -1.431e-03, -1.926e-03, -2.296e-03, 1241
+82.0, -46.9, -0.6, -1.465e-03, -1.773e-03, -2.310e-03, 1241
+82.4, -48.3, -1.3, -1.504e-03, -1.649e-03, -2.320e-03, 1241
+82.5, -49.9, -1.5, -1.561e-03, -1.542e-03, -2.313e-03, 1203
+82.2, -51.4, -1.1, -1.613e-03, -1.458e-03, -2.311e-03, 1278
+81.5, -52.9, -0.5, -1.664e-03, -1.409e-03, -2.305e-03, 7760
+81.2, -54.5, -0.5, -1.634e-03, -1.300e-03, -2.338e-03, 1315
+81.5, -56.0, -1.2, -1.599e-03, -1.243e-03, -2.381e-03, 2130
+82.1, -57.6, -2.3, -1.583e-03, -1.234e-03, -2.405e-03, 1611
+82.3, -59.1, -3.2, -1.581e-03, -1.229e-03, -2.417e-03, 1315
+82.3, -60.6, -3.6, -1.587e-03, -1.227e-03, -2.424e-03, 7963
+82.3, -62.6, -3.9, -1.585e-03, -1.122e-03, -2.432e-03, 7481
+82.4, -64.5, -4.4, -1.574e-03, -1.049e-03, -2.462e-03, 1426
+82.3, -66.3, -4.8, -1.588e-03, -1.032e-03, -2.451e-03, 1241
+82.1, -67.9, -5.1, -1.599e-03, -1.025e-03, -2.450e-03, 1500
+81.2, -68.9, -4.6, -1.610e-03, -1.043e-03, -2.459e-03, 1241
+80.4, -70.0, -4.1, -1.618e-03, -9.077e-04, -2.454e-03, 1241
+79.7, -71.3, -3.7, -1.620e-03, -7.921e-04, -2.463e-03, 3389
+79.0, -72.6, -3.3, -1.617e-03, -7.217e-04, -2.494e-03, 2389
+78.6, -74.3, -3.1, -1.627e-03, -6.498e-04, -2.487e-03, 2723
+78.1, -76.0, -2.6, -1.637e-03, -6.045e-04, -2.479e-03, 1296
+77.1, -77.4, -1.6, -1.639e-03, -5.529e-04, -2.494e-03, 1334
+75.9, -78.6, -0.1, -1.642e-03, -5.035e-04, -2.503e-03, 1278
+74.9, -79.6, 1.1, -1.640e-03, -4.578e-04, -2.521e-03, 1278
+74.8, -80.7, 1.6, -1.632e-03, -4.476e-04, -2.562e-03, 1463
+75.6, -81.9, 1.1, -1.624e-03, -4.537e-04, -2.594e-03, 5685
+76.8, -83.6, 0.2, -1.645e-03, -3.600e-04, -2.589e-03, 2982
+76.7, -85.3, 0.6, -1.667e-03, -2.926e-04, -2.577e-03, 2723
+74.9, -86.6, 3.0, -1.688e-03, -2.416e-04, -2.556e-03, 1426
+74.2, -87.3, 4.2, -1.704e-03, -2.292e-04, -2.549e-03, 1648
+72.9, -87.7, 6.0, -1.716e-03, -2.195e-04, -2.555e-03, 2277
+68.4, -88.4, 10.7, -1.731e-03, -1.069e-04, -2.564e-03, 1296
+61.9, -89.0, 17.5, -1.746e-03, -1.660e-05, -2.565e-03, 1241
+50.9, -89.5, 28.6, -1.758e-03, 3.871e-05, -2.573e-03, 1278
-6.4, -89.7, 85.8, -1.771e-03, 1.025e-04, -2.575e-03, 1407
-34.5, -89.6, 113.9, -1.783e-03, 1.564e-04, -2.578e-03, 2871
-22.1, -89.6, 101.6, -1.811e-03, 2.486e-04, -2.558e-03, 1259
+4.2, -89.6, 75.6, -1.838e-03, 3.406e-04, -2.528e-03, 1685
+27.5, -89.4, 52.5, -1.865e-03, 4.327e-04, -2.512e-03, 3315
+37.6, -89.2, 42.4, -1.890e-03, 5.325e-04, -2.511e-03, 1500
+41.7, -89.3, 38.4, -1.916e-03, 6.331e-04, -2.507e-03, 1333
+57.3, -89.3, 22.9, -1.912e-03, 7.291e-04, -2.544e-03, 1648
+80.9, -89.0, -0.8, -1.910e-03, 8.197e-04, -2.585e-03, 1371
+89.4, -88.4, -9.2, -1.909e-03, 9.087e-04, -2.600e-03, 1278
+89.7, -87.4, -9.5, -1.910e-03, 1.017e-03, -2.614e-03, 1278
+92.3, -86.7, -12.0, -1.912e-03, 1.139e-03, -2.642e-03, 1648
+93.7, -85.9, -13.4, -1.923e-03, 1.206e-03, -2.656e-03, 1278
+95.8, -85.3, -15.6, -1.938e-03, 1.278e-03, -2.653e-03, 1592
+96.8, -83.7, -16.4, -1.958e-03, 1.302e-03, -2.625e-03, 2000
+94.8, -81.9, -14.1, -1.982e-03, 1.404e-03, -2.590e-03, 1278
+94.6, -80.5, -13.4, -2.003e-03, 1.527e-03, -2.587e-03, 1259
+94.8, -79.2, -13.2, -1.999e-03, 1.571e-03, -2.615e-03, 4408
+94.2, -78.2, -12.0, -1.998e-03, 1.618e-03, -2.625e-03, 1259
+93.7, -76.9, -11.3, -1.987e-03, 1.666e-03, -2.681e-03, 1389
+93.2, -75.7, -10.4, -1.982e-03, 1.735e-03, -2.702e-03, 1259
+91.9, -74.7, -8.7, -1.977e-03, 1.821e-03, -2.721e-03, 2870
+89.7, -73.2, -6.3, -1.978e-03, 1.725e-03, -2.732e-03, 1352
+88.7, -71.5, -4.9, -1.967e-03, 1.712e-03, -2.760e-03, 1926
+88.6, -69.8, -3.7, -1.938e-03, 1.789e-03, -2.826e-03, 2444
+87.8, -68.1, -2.2, -1.935e-03, 1.729e-03, -2.814e-03, 1277
+87.1, -66.9, -1.5, -1.921e-03, 1.701e-03, -2.818e-03, 8815
+86.7, -65.6, -1.3, -1.924e-03, 1.552e-03, -2.801e-03, 6686
+86.5, -64.5, -1.3, -1.917e-03, 1.479e-03, -2.812e-03, 1760
+86.2, -63.5, -0.9, -1.914e-03, 1.447e-03, -2.819e-03, 1778
+85.6, -62.2, -0.2, -1.899e-03, 1.441e-03, -2.848e-03, 2315
+85.0, -60.9, 0.5, -1.884e-03, 1.410e-03, -2.872e-03, 6296
+84.2, -59.4, 1.5, -1.900e-03, 1.355e-03, -2.874e-03, 1278
+83.6, -57.8, 2.3, -1.909e-03, 1.315e-03, -2.882e-03, 1704
+83.2, -56.5, 3.3, -1.930e-03, 1.314e-03, -2.868e-03, 1519
+82.7, -55.2, 4.1, -1.935e-03, 1.312e-03, -2.873e-03, 1241
+82.2, -54.1, 4.8, -1.930e-03, 1.378e-03, -2.891e-03, 1334
+81.7, -52.8, 5.4, -1.914e-03, 1.318e-03, -2.902e-03, 7333
+81.4, -51.7, 5.8, -1.913e-03, 1.262e-03, -2.890e-03, 1666
+81.0, -50.4, 6.3, -1.912e-03, 1.231e-03, -2.877e-03, 1352
+80.5, -49.0, 6.7, -1.907e-03, 1.199e-03, -2.866e-03, 1297
+80.3, -47.8, 7.1, -1.893e-03, 1.210e-03, -2.870e-03, 1297
+79.9, -46.4, 7.8, -1.886e-03, 1.123e-03, -2.864e-03, 6407
+79.6, -45.0, 8.5, -1.857e-03, 1.070e-03, -2.880e-03, 6444
+79.3, -43.5, 9.2, -1.844e-03, 1.033e-03, -2.875e-03, 2148
+79.3, -42.3, 9.8, -1.815e-03, 1.035e-03, -2.884e-03, 1352
+79.4, -41.1, 10.3, -1.781e-03, 1.008e-03, -2.886e-03, 2149
+79.2, -39.2, 10.4, -1.823e-03, 8.252e-04, -2.823e-03, 1389
+78.9, -37.5, 10.3, -1.838e-03, 7.915e-04, -2.814e-03, 1444
+78.8, -35.6, 10.4, -1.872e-03, 7.809e-04, -2.798e-03, 1407
+78.7, -33.8, 10.6, -1.893e-03, 7.929e-04, -2.796e-03, 1463
+78.7, -32.1, 10.8, -1.917e-03, 8.403e-04, -2.798e-03, 7815
+78.9, -30.3, 11.5, -2.093e-03, 9.166e-04, -2.820e-03, 1611
+79.4, -28.2, 11.5, -2.078e-03, 9.204e-04, -2.831e-03, 2333
+80.0, -25.9, 11.7, -2.053e-03, 9.437e-04, -2.849e-03, 1629
+80.8, -23.1, 12.5, -2.005e-03, 1.030e-03, -2.887e-03, 1556
+81.3, -20.2, 13.1, -1.982e-03, 1.066e-03, -2.892e-03, 1315
+81.6, -17.8, 13.3, -1.998e-03, 9.483e-04, -2.856e-03, 1500
+81.7, -16.2, 13.1, -1.998e-03, 8.418e-04, -2.828e-03, 1408
+81.8, -14.4, 13.4, -2.261e-03, 4.941e-04, -2.799e-03, 1463
+81.7, -13.9, 12.9, -2.254e-03, 5.972e-04, -2.823e-03, 1666
+82.1, -13.0, 12.8, -2.260e-03, 7.228e-04, -2.853e-03, 2500
+82.8, -10.8, 13.0, -2.259e-03, 5.611e-04, -2.810e-03, 1574
+83.6, -9.0, 13.1, -2.247e-03, 4.370e-04, -2.774e-03, 2093
+84.1, -7.7, 12.8, -2.161e-03, 3.539e-04, -2.756e-03, 6222
+84.3, -6.7, 12.6, -2.118e-03, 3.058e-04, -2.739e-03, 1482
+84.2, -6.1, 12.2, -2.065e-03, 3.345e-04, -2.743e-03, 1426
+84.2, -4.7, 12.1, -2.099e-03, 2.736e-04, -2.733e-03, 2444
+84.6, -2.7, 12.4, -2.105e-03, 2.673e-04, -2.740e-03, 2741
+85.0, -0.6, 12.8, -2.080e-03, 2.768e-04, -2.749e-03, 1222
+85.3, 1.2, 12.9, -2.055e-03, 2.567e-04, -2.749e-03, 1537
+85.5, 2.5, 12.6, -2.078e-03, 2.137e-04, -2.744e-03, 1611
+86.0, 3.6, 12.1, -2.075e-03, 1.136e-04, -2.719e-03, 1444
+86.5, 4.9, 11.8, -2.026e-03, 7.419e-05, -2.707e-03, 1852
+87.1, 6.4, 12.0, -1.985e-03, 9.409e-05, -2.710e-03, 1741
+87.9, 8.4, 12.5, -1.981e-03, 1.434e-04, -2.719e-03, 1463
+88.8, 10.6, 13.0, -1.919e-03, 1.630e-04, -2.709e-03, 2203
+89.5, 12.9, 13.6, -1.873e-03, 1.190e-04, -2.687e-03, 4963
+90.1, 14.5, 14.2, -1.849e-03, 1.017e-04, -2.671e-03, 1870
+90.4, 15.7, 14.0, -1.863e-03, 1.334e-04, -2.672e-03, 1278
+90.8, 17.1, 13.0, -1.840e-03, 1.520e-04, -2.662e-03, 2000
+90.9, 18.4, 11.9, -1.774e-03, 2.255e-04, -2.657e-03, 1260
+91.2, 20.2, 11.4, -1.797e-03, 1.150e-04, -2.652e-03, 1241
+91.4, 21.4, 11.0, -1.817e-03, 2.187e-05, -2.655e-03, 1630
+91.7, 21.9, 10.8, -1.855e-03, -1.435e-05, -2.682e-03, 1426
+91.8, 22.5, 10.5, -1.877e-03, -3.725e-05, -2.706e-03, 1389
+92.0, 23.5, 10.2, -1.875e-03, -4.713e-05, -2.725e-03, 1908
+92.2, 24.9, 10.1, -1.874e-03, -1.026e-04, -2.712e-03, 1241
+92.6, 26.4, 10.3, -1.888e-03, -1.348e-04, -2.712e-03, 1277
+93.2, 27.9, 10.8, -1.900e-03, -1.457e-04, -2.716e-03, 1277
+93.8, 29.3, 11.3, -1.894e-03, -1.566e-04, -2.709e-03, 1518
+94.1, 30.4, 11.6, -1.854e-03, -1.358e-04, -2.686e-03, 7149
+94.3, 32.0, 11.9, -1.825e-03, -1.829e-04, -2.641e-03, 2944
+94.5, 33.6, 12.3, -1.805e-03, -1.848e-04, -2.611e-03, 4851
+94.8, 35.1, 12.9, -1.795e-03, -1.591e-04, -2.594e-03, 7555
+95.3, 36.5, 13.2, -1.803e-03, -1.264e-04, -2.592e-03, 7241
+95.6, 37.5, 13.1, -1.775e-03, -6.650e-05, -2.569e-03, 2666
+95.7, 38.5, 13.0, -1.753e-03, -1.160e-04, -2.544e-03, 1463
+95.6, 39.3, 12.7, -1.737e-03, -1.345e-04, -2.533e-03, 1259
+95.5, 40.4, 12.5, -1.751e-03, -1.569e-04, -2.550e-03, 1222
+95.4, 41.8, 12.1, -1.769e-03, -1.731e-04, -2.577e-03, 1574
+95.4, 42.8, 11.8, -1.773e-03, -1.412e-04, -2.609e-03, 1981
+95.6, 44.5, 11.8, -1.808e-03, -2.130e-04, -2.635e-03, 1241
+95.7, 46.2, 11.6, -1.823e-03, -2.531e-04, -2.654e-03, 2223
+95.7, 47.5, 11.1, -1.822e-03, -2.587e-04, -2.670e-03, 2130
+95.5, 48.3, 10.5, -1.824e-03, -2.313e-04, -2.703e-03, 1241
+95.5, 49.3, 10.1, -1.802e-03, -2.198e-04, -2.710e-03, 2481
+95.4, 50.6, 10.0, -1.783e-03, -2.845e-04, -2.674e-03, 2055
+95.5, 51.7, 10.1, -1.788e-03, -3.307e-04, -2.676e-03, 2092
+95.6, 52.7, 10.1, -1.792e-03, -3.495e-04, -2.684e-03, 2185
+95.8, 54.0, 10.4, -1.775e-03, -3.706e-04, -2.667e-03, 2722
+96.4, 55.2, 11.3, -1.776e-03, -3.543e-04, -2.684e-03, 7500
+96.9, 56.3, 11.9, -1.790e-03, -4.101e-04, -2.720e-03, 1278
+97.0, 57.1, 11.8, -1.787e-03, -4.245e-04, -2.741e-03, 2000
+97.2, 58.0, 12.0, -1.769e-03, -4.147e-04, -2.745e-03, 1666
+97.8, 58.5, 12.5, -1.754e-03, -3.845e-04, -2.762e-03, 1240
+98.2, 58.7, 12.7, -1.741e-03, -3.572e-04, -2.779e-03, 1241
+98.4, 59.2, 12.6, -1.751e-03, -4.213e-04, -2.755e-03, 1241
+98.5, 59.9, 12.4, -1.759e-03, -4.581e-04, -2.735e-03, 1222
+98.2, 60.9, 12.0, -1.760e-03, -4.987e-04, -2.704e-03, 1259
+98.2, 61.7, 11.8, -1.760e-03, -5.092e-04, -2.685e-03, 2166
+98.4, 62.5, 11.8, -1.771e-03, -4.863e-04, -2.699e-03, 1963
+98.7, 63.1, 11.7, -1.763e-03, -4.863e-04, -2.711e-03, 1223
+99.0, 63.7, 11.8, -1.755e-03, -4.945e-04, -2.726e-03, 1629
+99.8, 64.4, 12.4, -1.758e-03, -5.242e-04, -2.757e-03, 1259
+100.3, 65.2, 12.7, -1.749e-03, -5.170e-04, -2.769e-03, 1222
+100.5, 66.2, 12.7, -1.735e-03, -4.896e-04, -2.777e-03, 1982
+100.6, 67.2, 12.6, -1.730e-03, -5.050e-04, -2.787e-03, 5518
+100.7, 67.9, 12.6, -1.719e-03, -4.889e-04, -2.798e-03, 1778
+100.8, 68.6, 12.8, -1.699e-03, -4.722e-04, -2.791e-03, 1241
+100.5, 69.0, 12.6, -1.672e-03, -4.278e-04, -2.775e-03, 2296
+100.5, 69.5, 12.6, -1.659e-03, -4.209e-04, -2.795e-03, 1278
+100.8, 70.4, 13.0, -1.661e-03, -4.373e-04, -2.822e-03, 1240
+100.9, 71.4, 13.3, -1.658e-03, -4.364e-04, -2.843e-03, 1574
+101.2, 72.4, 13.7, -1.653e-03, -4.091e-04, -2.875e-03, 1963
+101.4, 73.2, 13.9, -1.645e-03, -3.824e-04, -2.911e-03, 1370
+101.3, 73.5, 13.7, -1.626e-03, -3.256e-04, -2.921e-03, 1240
+101.2, 74.0, 13.7, -1.612e-03, -3.272e-04, -2.884e-03, 1222
+101.3, 74.8, 14.1, -1.605e-03, -3.100e-04, -2.883e-03, 1389
+100.8, 75.5, 13.7, -1.590e-03, -2.773e-04, -2.864e-03, 1408
+101.1, 76.2, 14.2, -1.586e-03, -2.709e-04, -2.896e-03, 1445
+101.0, 76.5, 14.2, -1.573e-03, -2.171e-04, -2.912e-03, 1259
+101.1, 76.7, 14.2, -1.562e-03, -1.915e-04, -2.921e-03, 1593
+111.6, 76.2, 23.7, -1.276e-03, -1.851e-04, -3.828e-03, 1778
+110.4, 77.2, 22.7, -1.258e-03, -1.929e-04, -3.698e-03, 1666
+111.6, 78.1, 24.2, -1.255e-03, -1.747e-04, -3.673e-03, 1259
+112.4, 78.7, 25.1, -1.242e-03, -1.130e-04, -3.629e-03, 5759
+112.4, 79.3, 25.2, -1.237e-03, -9.152e-05, -3.549e-03, 1426
+111.8, 79.9, 24.6, -1.230e-03, -7.675e-05, -3.463e-03, 1278
+112.2, 80.7, 25.1, -1.223e-03, -6.590e-05, -3.395e-03, 1241
+113.5, 81.4, 26.6, -1.214e-03, -8.314e-06, -3.349e-03, 1481
+114.4, 81.9, 27.7, -1.203e-03, 4.713e-05, -3.301e-03, 7686
+115.9, 82.4, 29.3, -1.193e-03, 4.780e-05, -3.286e-03, 1333
+116.1, 82.8, 29.5, -1.179e-03, 6.460e-05, -3.270e-03, 2352
+117.2, 83.2, 30.4, -1.168e-03, 6.860e-05, -3.278e-03, 1704
+118.3, 83.5, 31.5, -1.152e-03, 9.575e-05, -3.260e-03, 1222
+119.9, 83.8, 33.1, -1.136e-03, 1.282e-04, -3.246e-03, 1222
+122.5, 84.5, 35.8, -1.140e-03, 7.849e-05, -3.179e-03, 1519
+125.1, 85.0, 38.4, -1.144e-03, 6.885e-05, -3.151e-03, 1259
+127.4, 85.2, 40.6, -1.147e-03, 6.904e-05, -3.139e-03, 2500
+129.8, 85.6, 43.0, -1.147e-03, 8.692e-05, -3.106e-03, 1333
+130.4, 85.9, 43.5, -1.145e-03, 1.039e-04, -3.049e-03, 7834
+132.7, 86.3, 45.8, -1.149e-03, 1.214e-04, -3.001e-03, 4000
+134.0, 86.6, 47.1, -1.154e-03, 1.095e-04, -2.961e-03, 1833
+138.7, 86.9, 51.8, -1.158e-03, 9.253e-05, -2.951e-03, 1908
+144.2, 87.1, 57.2, -1.162e-03, 9.523e-05, -2.950e-03, 1907
+145.5, 87.2, 58.4, -1.164e-03, 1.131e-04, -2.922e-03, 1389
+145.1, 87.4, 57.9, -1.174e-03, 1.116e-04, -2.869e-03, 1297
+143.6, 87.6, 56.4, -1.185e-03, 9.816e-05, -2.819e-03, 1241
+145.8, 87.7, 58.6, -1.194e-03, 8.284e-05, -2.789e-03, 1259
+149.6, 87.9, 62.4, -1.202e-03, 7.642e-05, -2.768e-03, 2037
+152.8, 87.9, 65.5, -1.210e-03, 7.571e-05, -2.755e-03, 7667
+151.3, 88.0, 64.0, -1.216e-03, 8.946e-05, -2.709e-03, 1445
+146.4, 88.1, 59.0, -1.222e-03, 9.816e-05, -2.666e-03, 2186
+140.3, 88.1, 53.0, -1.227e-03, 1.138e-04, -2.631e-03, 1908
+135.2, 88.0, 48.0, -1.231e-03, 1.215e-04, -2.604e-03, 5555
+132.4, 87.8, 45.3, -1.236e-03, 1.239e-04, -2.584e-03, 7519
+130.6, 87.5, 43.7, -1.231e-03, 1.219e-04, -2.598e-03, 6463
+128.3, 87.2, 41.4, -1.228e-03, 1.233e-04, -2.615e-03, 1518
+126.3, 86.7, 39.5, -1.226e-03, 1.196e-04, -2.637e-03, 1259
+125.1, 86.3, 38.5, -1.225e-03, 1.173e-04, -2.639e-03, 1574
+124.3, 85.6, 37.9, -1.227e-03, 1.081e-04, -2.658e-03, 1259
+123.6, 84.9, 37.2, -1.215e-03, 1.143e-04, -2.677e-03, 1260
+122.7, 84.3, 36.4, -1.204e-03, 1.005e-04, -2.671e-03, 2630
+120.4, 83.6, 34.4, -1.195e-03, 9.366e-05, -2.653e-03, 1648
+117.8, 82.8, 31.9, -1.188e-03, 8.008e-05, -2.644e-03, 1722
+114.8, 82.0, 29.1, -1.184e-03, 3.400e-05, -2.630e-03, 1259
+112.1, 80.8, 26.7, -1.173e-03, 1.712e-05, -2.661e-03, 1870
+109.0, 79.4, 24.0, -1.164e-03, -2.454e-05, -2.682e-03, 1297
+107.0, 77.9, 22.2, -1.162e-03, -9.543e-05, -2.718e-03, 1407
+104.9, 76.3, 20.6, -1.158e-03, -1.833e-04, -2.723e-03, 1889
+103.3, 74.3, 19.4, -1.157e-03, -3.011e-04, -2.722e-03, 1463
+101.9, 72.1, 18.4, -1.169e-03, -3.789e-04, -2.735e-03, 1592
+101.3, 70.4, 18.3, -1.193e-03, -5.043e-04, -2.758e-03, 1481
+101.1, 69.1, 18.4, -1.213e-03, -6.524e-04, -2.749e-03, 2352
+100.8, 68.0, 18.5, -1.224e-03, -8.086e-04, -2.705e-03, 1445
+100.6, 67.1, 18.8, -1.243e-03, -9.739e-04, -2.675e-03, 1833
+100.2, 65.5, 18.8, -1.254e-03, -9.979e-04, -2.679e-03, 1315
+99.8, 64.2, 18.6, -1.270e-03, -1.062e-03, -2.671e-03, 1278
+99.2, 63.0, 18.1, -1.285e-03, -1.132e-03, -2.654e-03, 1259
+98.9, 62.0, 17.8, -1.296e-03, -1.207e-03, -2.627e-03, 1815
+98.5, 61.0, 17.5, -1.307e-03, -1.273e-03, -2.598e-03, 3074
+97.9, 60.0, 16.9, -1.303e-03, -1.278e-03, -2.583e-03, 1296
+97.4, 58.8, 16.4, -1.304e-03, -1.295e-03, -2.575e-03, 1352
+97.2, 57.6, 16.2, -1.315e-03, -1.323e-03, -2.577e-03, 2593
+97.0, 56.4, 15.9, -1.332e-03, -1.372e-03, -2.580e-03, 1259
+96.9, 55.1, 15.6, -1.353e-03, -1.434e-03, -2.580e-03, 1463
+96.8, 53.6, 15.3, -1.348e-03, -1.427e-03, -2.572e-03, 1241
+96.7, 52.6, 15.2, -1.347e-03, -1.446e-03, -2.558e-03, 1259
+96.6, 51.7, 15.1, -1.351e-03, -1.489e-03, -2.539e-03, 1260
+96.2, 50.6, 14.8, -1.359e-03, -1.534e-03, -2.525e-03, 1426
+96.0, 49.5, 14.6, -1.373e-03, -1.595e-03, -2.511e-03, 6870
+95.9, 48.2, 14.4, -1.379e-03, -1.542e-03, -2.536e-03, 1240
+95.5, 47.0, 13.9, -1.367e-03, -1.508e-03, -2.532e-03, 1686
+95.1, 45.5, 13.3, -1.364e-03, -1.510e-03, -2.527e-03, 1889
+95.2, 44.1, 13.3, -1.388e-03, -1.570e-03, -2.536e-03, 1259
+95.5, 43.5, 13.5, -1.391e-03, -1.606e-03, -2.524e-03, 1519
+95.5, 42.6, 13.4, -1.397e-03, -1.594e-03, -2.514e-03, 1629
+95.8, 41.2, 13.3, -1.383e-03, -1.511e-03, -2.499e-03, 1278
+95.7, 40.1, 12.8, -1.370e-03, -1.564e-03, -2.447e-03, 1222
+95.5, 39.0, 12.7, -1.358e-03, -1.639e-03, -2.391e-03, 2055
+96.0, 37.4, 13.0, -1.371e-03, -1.679e-03, -2.363e-03, 1519
+96.3, 35.8, 13.1, -1.376e-03, -1.721e-03, -2.331e-03, 1315
+96.3, 34.3, 13.1, -1.355e-03, -1.800e-03, -2.266e-03, 1371
+96.8, 32.5, 13.2, -1.371e-03, -1.766e-03, -2.249e-03, 1445
+97.0, 30.9, 13.2, -1.353e-03, -1.863e-03, -2.170e-03, 1259
+96.9, 29.9, 13.5, -1.334e-03, -2.041e-03, -2.068e-03, 2778
+97.3, 28.5, 13.9, -1.361e-03, -2.007e-03, -2.077e-03, 5333
+97.9, 27.1, 14.0, -1.406e-03, -1.917e-03, -2.103e-03, 7482
+98.3, 26.6, 14.0, -1.373e-03, -1.936e-03, -2.051e-03, 5185
+98.9, 26.0, 14.0, -1.388e-03, -1.932e-03, -2.026e-03, 3241
+99.2, 25.5, 13.7, -1.367e-03, -1.971e-03, -1.967e-03, 6334
+99.4, 24.7, 13.3, -1.340e-03, -1.932e-03, -1.950e-03, 1500
+99.9, 23.7, 13.0, -1.376e-03, -1.864e-03, -1.970e-03, 2241
+100.7, 22.6, 12.6, -1.422e-03, -1.794e-03, -1.989e-03, 2241
+101.2, 21.9, 11.8, -1.421e-03, -1.812e-03, -1.961e-03, 1260
+101.7, 21.2, 11.1, -1.414e-03, -1.816e-03, -1.932e-03, 1240
+102.3, 20.1, 10.5, -1.372e-03, -1.683e-03, -1.926e-03, 1222
+103.2, 19.3, 10.4, -1.398e-03, -1.635e-03, -1.926e-03, 3463
+105.3, 23.9, 10.7, -1.428e-03, -1.647e-03, -1.909e-03, 1241
+106.3, 22.9, 10.4, -1.421e-03, -1.500e-03, -1.913e-03, 1630
+107.4, 21.8, 10.1, -1.357e-03, -1.381e-03, -1.879e-03, 1259
+108.8, 20.1, 10.1, -1.253e-03, -1.155e-03, -1.853e-03, 1556
+110.2, 18.6, 10.0, -1.139e-03, -9.788e-04, -1.806e-03, 1241
+111.3, 17.7, 9.7, -1.058e-03, -9.365e-04, -1.737e-03, 1241
+112.5, 17.0, 9.5, -1.045e-03, -9.379e-04, -1.676e-03, 1259
+113.7, 16.1, 9.1, -1.004e-03, -9.181e-04, -1.603e-03, 1666
+114.9, 14.8, 8.4, -9.645e-04, -8.117e-04, -1.607e-03, 1388
+115.6, 14.0, 7.6, -9.389e-04, -7.912e-04, -1.594e-03, 1370
+116.3, 13.3, 6.3, -9.337e-04, -7.772e-04, -1.581e-03, 1260
+117.2, 12.3, 5.4, -9.452e-04, -7.384e-04, -1.574e-03, 2018
+118.2, 11.8, 5.0, -9.548e-04, -7.302e-04, -1.557e-03, 2130
+119.1, 11.1, 5.0, -9.006e-04, -6.450e-04, -1.551e-03, 1278
+119.8, 10.4, 5.1, -8.332e-04, -5.946e-04, -1.532e-03, 1370
+120.2, 9.7, 5.2, -7.655e-04, -5.841e-04, -1.503e-03, 1981
+120.7, 10.0, 6.0, -7.234e-04, -6.006e-04, -1.472e-03, 1296
+121.2, 9.8, 6.6, -7.238e-04, -5.370e-04, -1.451e-03, 1241
+121.6, 8.8, 6.6, -6.958e-04, -3.702e-04, -1.452e-03, 1241
+122.1, 8.1, 6.6, -6.540e-04, -2.917e-04, -1.433e-03, 1334
+122.4, 7.6, 6.6, -5.521e-04, -2.249e-04, -1.399e-03, 1260
+122.6, 7.2, 7.1, -4.824e-04, -2.116e-04, -1.360e-03, 1666
+123.5, 6.7, 8.5, -6.056e-04, -2.426e-04, -1.335e-03, 1500
+124.7, 5.7, 9.5, -7.281e-04, -1.538e-04, -1.337e-03, 1222
+125.5, 5.2, 9.3, -5.550e-04, -4.100e-05, -1.298e-03, 1667
+126.3, 5.8, 10.2, -4.505e-04, 3.471e-05, -1.254e-03, 1407
+127.2, 6.3, 11.5, -4.282e-04, 6.219e-05, -1.206e-03, 1260
+127.7, 6.7, 11.9, -2.316e-04, -1.376e-06, -1.113e-03, 1240
+128.4, 7.2, 12.5, -1.834e-04, -5.835e-05, -1.072e-03, 1277
+129.3, 6.8, 12.7, -2.244e-04, 3.074e-05, -1.071e-03, 1278
+130.1, 5.6, 11.9, -1.678e-04, 9.703e-05, -1.045e-03, 1314
+130.7, 4.2, 10.9, -9.416e-05, 1.311e-04, -1.004e-03, 1667
+131.4, 3.4, 10.1, -7.574e-05, 1.983e-04, -9.680e-04, 6519
+131.8, 2.9, 9.3, -7.111e-05, 2.368e-04, -9.554e-04, 1334
+132.4, 2.6, 8.6, -1.304e-04, 2.024e-04, -9.321e-04, 2278
+133.0, 2.8, 8.7, -3.499e-04, 4.536e-05, -8.961e-04, 1315
+133.7, 2.3, 8.8, -4.430e-04, -1.670e-05, -8.659e-04, 1352
+134.4, 1.4, 8.2, -5.026e-04, 8.552e-06, -8.405e-04, 2889
+135.0, 0.5, 7.3, -4.701e-04, 3.618e-05, -8.193e-04, 5889
+135.7, -0.1, 6.5, -5.345e-04, -8.635e-06, -7.853e-04, 2741
+136.7, -0.7, 5.4, -5.869e-04, 1.713e-05, -7.552e-04, 1407
+137.6, -1.1, 4.4, -5.710e-04, 4.299e-05, -7.205e-04, 2426
+138.5, -1.1, 3.7, -6.107e-04, -5.730e-06, -6.750e-04, 1315
+139.6, -0.7, 3.6, -7.381e-04, -3.186e-05, -6.723e-04, 1593
+140.9, -0.8, 3.0, -8.071e-04, 1.403e-05, -6.731e-04, 1704
+141.8, -0.8, 2.2, -8.771e-04, -1.183e-04, -6.587e-04, 2185
+143.0, -1.1, 2.1, -9.373e-04, -8.921e-05, -6.504e-04, 1278
+144.3, -1.4, 2.8, -1.010e-03, -3.726e-05, -6.351e-04, 1278
+145.5, -1.9, 2.9, -8.359e-04, 7.886e-05, -6.225e-04, 1370
+146.6, -2.3, 2.2, -6.363e-04, 2.056e-05, -5.946e-04, 1593
+147.9, -3.1, 1.0, -5.865e-04, 1.137e-04, -5.636e-04, 1963
+148.9, -3.5, -0.8, -6.210e-04, 8.939e-05, -5.170e-04, 1500
+149.9, -3.8, -2.2, -6.528e-04, 5.804e-05, -4.684e-04, 5204
+150.9, -4.1, -3.4, -6.994e-04, 2.356e-05, -4.515e-04, 4870
+151.9, -4.7, -4.5, -7.021e-04, 8.473e-05, -4.278e-04, 3740
+152.9, -5.1, -5.9, -7.669e-04, 8.264e-05, -3.961e-04, 1685
+153.7, -5.6, -7.5, -8.365e-04, 2.763e-05, -3.645e-04, 7740
+154.4, -6.4, -9.2, -9.160e-04, -5.640e-05, -3.320e-04, 7574
+155.1, -7.5, -11.0, -8.587e-04, -1.378e-05, -3.281e-04, 1666
+155.7, -8.2, -12.3, -8.549e-04, 3.947e-06, -3.137e-04, 1852
+156.4, -8.6, -13.9, -8.660e-04, -8.388e-06, -2.982e-04, 1259
+157.1, -8.4, -16.0, -9.562e-04, -3.261e-05, -2.701e-04, 1241
+156.5, -3.5, -18.2, -1.052e-03, -2.841e-05, -2.365e-04, 1408
+157.7, -4.1, -21.0, -9.865e-04, 1.106e-04, -2.309e-04, 2963
+158.9, -4.8, -23.1, -9.386e-04, 2.452e-04, -2.132e-04, 1722
+159.8, -5.2, -24.8, -9.432e-04, 3.657e-04, -1.829e-04, 1334
+160.7, -5.4, -26.4, -1.009e-03, 4.911e-04, -1.354e-04, 1333
+161.7, -5.7, -28.4, -1.070e-03, 6.037e-04, -8.459e-05, 1334
+162.9, -6.1, -30.9, -9.667e-04, 7.684e-04, -4.730e-05, 1371
+164.2, -6.2, -33.7, -9.160e-04, 9.072e-04, -5.432e-06, 1593
+165.4, -6.3, -36.0, -9.313e-04, 1.040e-03, 5.460e-05, 1259
+166.3, -6.1, -37.9, -9.908e-04, 1.113e-03, 9.057e-05, 1241
+167.0, -6.1, -39.7, -1.064e-03, 1.194e-03, 1.404e-04, 1648
+167.9, -6.0, -42.4, -9.372e-04, 1.336e-03, 1.919e-04, 1277
+168.6, -5.7, -45.0, -8.846e-04, 1.440e-03, 2.301e-04, 1352
+169.0, -5.4, -47.2, -8.899e-04, 1.555e-03, 2.955e-04, 5685
+169.4, -5.1, -49.3, -9.226e-04, 1.652e-03, 3.528e-04, 1389
+169.7, -5.0, -51.2, -9.843e-04, 1.753e-03, 4.222e-04, 1240
+170.2, -5.1, -54.2, -8.297e-04, 1.825e-03, 4.507e-04, 1260
+170.7, -5.2, -57.0, -6.881e-04, 1.924e-03, 5.272e-04, 1315
+171.1, -5.0, -59.1, -6.208e-04, 1.978e-03, 5.632e-04, 1296
+171.3, -4.8, -60.7, -6.246e-04, 2.024e-03, 6.025e-04, 1315
+171.5, -4.8, -62.0, -6.490e-04, 2.076e-03, 6.610e-04, 2538
+171.8, -4.7, -63.6, -5.385e-04, 2.091e-03, 6.810e-04, 1351
+172.0, -4.8, -65.4, -4.443e-04, 2.091e-03, 6.794e-04, 1574
+172.0, -4.9, -67.5, -3.554e-04, 2.084e-03, 6.691e-04, 2148
+172.0, -4.8, -69.1, -3.105e-04, 2.081e-03, 6.781e-04, 1277
+171.9, -4.5, -70.0, -3.502e-04, 2.067e-03, 6.761e-04, 1259
+171.9, -4.2, -71.4, -2.614e-04, 2.056e-03, 6.592e-04, 4963
+172.0, -4.0, -73.5, -1.484e-04, 2.054e-03, 6.545e-04, 1518
+172.3, -3.8, -76.0, -7.173e-05, 2.057e-03, 6.732e-04, 1370
+172.4, -3.6, -78.6, 3.239e-05, 2.061e-03, 6.990e-04, 1389
+172.4, -3.1, -80.1, -1.658e-06, 2.046e-03, 6.795e-04, 2259
+172.2, -2.9, -82.0, 1.811e-04, 2.053e-03, 7.000e-04, 5760
+172.3, -2.6, -83.3, 1.483e-04, 2.047e-03, 7.118e-04, 2185
+172.5, -2.4, -85.1, 2.264e-04, 2.048e-03, 7.269e-04, 2871
+172.7, -1.9, -87.2, 2.790e-04, 2.043e-03, 6.997e-04, 1278
+172.9, -1.3, -89.3, 2.735e-04, 2.039e-03, 6.781e-04, 1259
+172.9, -0.8, -91.2, 3.605e-04, 2.042e-03, 6.703e-04, 1463
+172.9, -0.4, -92.9, 4.684e-04, 2.046e-03, 6.871e-04, 2093
+172.9, -0.0, -94.6, 5.054e-04, 2.051e-03, 6.773e-04, 1315
+173.0, 0.4, -96.5, 4.964e-04, 2.059e-03, 6.642e-04, 1259
+173.0, 0.7, -98.1, 4.901e-04, 2.063e-03, 6.951e-04, 1277
+172.9, 1.1, -99.6, 5.265e-04, 2.055e-03, 6.404e-04, 1741
+172.8, 1.1, -100.9, 5.763e-04, 2.041e-03, 6.364e-04, 1389
+172.5, 1.0, -102.4, 6.808e-04, 2.024e-03, 6.410e-04, 3185
+172.4, 1.0, -103.6, 6.488e-04, 2.017e-03, 6.066e-04, 1630
+172.4, 1.2, -104.8, 5.847e-04, 2.009e-03, 5.863e-04, 2833
+172.6, 1.4, -106.2, 6.784e-04, 1.999e-03, 5.889e-04, 1297
+172.8, 1.6, -107.4, 7.730e-04, 1.998e-03, 5.625e-04, 1277
+172.8, 1.8, -108.0, 8.559e-04, 1.997e-03, 5.331e-04, 1278
+172.7, 1.8, -108.0, 8.913e-04, 1.995e-03, 5.187e-04, 1277
+172.7, 1.7, -108.2, 9.565e-04, 1.982e-03, 5.317e-04, 1259
+172.7, 1.6, -108.8, 1.178e-03, 1.966e-03, 5.279e-04, 6204
+172.6, 1.5, -109.1, 1.304e-03, 1.957e-03, 5.081e-04, 1259
+172.5, 1.5, -109.3, 1.442e-03, 1.951e-03, 4.781e-04, 2685
+172.5, 1.3, -109.1, 1.538e-03, 1.943e-03, 4.551e-04, 1408
+172.5, 1.1, -108.1, 1.606e-03, 1.936e-03, 4.306e-04, 1278
+172.5, 0.7, -107.1, 1.804e-03, 1.930e-03, 4.381e-04, 1407
+172.6, 0.4, -106.5, 1.956e-03, 1.930e-03, 4.231e-04, 1278
+172.7, 0.2, -105.7, 2.104e-03, 1.923e-03, 4.254e-04, 1277
+172.8, -0.1, -105.0, 2.243e-03, 1.918e-03, 4.193e-04, 1278
+172.9, -0.4, -103.9, 2.399e-03, 1.916e-03, 3.991e-04, 3463
+172.8, -1.0, -102.3, 2.510e-03, 1.920e-03, 3.874e-04, 2204
+172.9, -1.6, -100.7, 2.619e-03, 1.927e-03, 3.535e-04, 8426
+172.8, -2.3, -99.7, 2.778e-03, 1.935e-03, 3.022e-04, 6759
+172.7, -3.0, -98.6, 2.914e-03, 1.932e-03, 2.835e-04, 1426
+172.5, -3.9, -97.3, 3.094e-03, 1.931e-03, 2.480e-04, 1500
+172.3, -5.0, -95.0, 3.114e-03, 1.923e-03, 2.128e-04, 1740
+171.7, -6.1, -92.6, 3.158e-03, 1.903e-03, 2.521e-04, 1259
+171.1, -6.8, -90.5, 3.306e-03, 1.893e-03, 2.215e-04, 1297
+170.6, -7.3, -88.7, 3.467e-03, 1.881e-03, 1.748e-04, 1259
+170.1, -7.6, -86.7, 3.600e-03, 1.865e-03, 1.434e-04, 2333
+169.8, -8.1, -84.1, 3.613e-03, 1.851e-03, 1.363e-04, 1315
+169.4, -8.5, -81.2, 3.684e-03, 1.844e-03, 1.358e-04, 1315
+169.2, -8.9, -77.8, 3.790e-03, 1.837e-03, 1.146e-04, 3093
+168.8, -9.2, -74.9, 3.929e-03, 1.838e-03, 1.257e-04, 1334
+168.4, -9.5, -72.4, 4.089e-03, 1.834e-03, 1.074e-04, 1333
+168.1, -10.0, -69.4, 4.062e-03, 1.838e-03, 1.395e-04, 5963
+168.0, -7.5, -66.9, 4.227e-03, 1.507e-03, -8.053e-04, 1722
+167.6, -8.1, -64.2, 4.273e-03, 1.555e-03, -7.425e-04, 1315
+167.0, -8.6, -61.4, 4.396e-03, 1.619e-03, -6.727e-04, 1260
+166.5, -9.1, -58.8, 4.484e-03, 1.683e-03, -5.953e-04, 1259
+166.2, -9.6, -56.1, 4.343e-03, 1.734e-03, -5.017e-04, 1371
+165.8, -9.7, -53.5, 4.259e-03, 1.792e-03, -4.142e-04, 2593
+165.4, -9.5, -50.9, 4.259e-03, 1.837e-03, -3.739e-04, 3445
+165.0, -9.2, -48.3, 4.248e-03, 1.893e-03, -3.228e-04, 1371
+164.7, -9.0, -45.7, 4.302e-03, 1.955e-03, -2.889e-04, 1371
+164.2, -8.6, -42.2, 4.184e-03, 1.981e-03, -2.487e-04, 1315
+163.7, -8.3, -38.9, 4.127e-03, 2.023e-03, -2.138e-04, 2000
+163.3, -7.9, -36.1, 4.112e-03, 2.096e-03, -1.681e-04, 1315
+162.9, -7.5, -33.8, 4.120e-03, 2.113e-03, -1.742e-04, 1278
+162.6, -7.2, -31.6, 4.162e-03, 2.181e-03, -1.553e-04, 1297
+162.2, -6.8, -28.7, 4.012e-03, 2.186e-03, -1.341e-04, 6555
+161.9, -6.3, -25.5, 3.894e-03, 2.215e-03, -1.085e-04, 1241
+161.7, -6.1, -23.0, 3.816e-03, 2.226e-03, -1.008e-04, 2463
+161.7, -6.0, -21.1, 3.817e-03, 2.280e-03, -8.457e-05, 1500
+161.8, -5.7, -19.5, 3.821e-03, 2.288e-03, -8.727e-05, 1722
+161.8, -5.5, -17.3, 3.639e-03, 2.240e-03, -8.678e-05, 1593
+161.8, -5.5, -14.9, 3.480e-03, 2.233e-03, -7.407e-05, 1370
+161.9, -5.4, -12.3, 3.396e-03, 2.285e-03, -5.076e-05, 1537
+161.9, -5.3, -10.0, 3.373e-03, 2.269e-03, -4.790e-05, 1352
+161.9, -5.2, -7.8, 3.403e-03, 2.233e-03, -5.138e-05, 1241
+161.9, -5.4, -5.4, 3.239e-03, 2.207e-03, -3.571e-05, 1629
+161.8, -5.8, -3.6, 3.169e-03, 2.188e-03, -2.248e-05, 1352
+161.5, -5.9, -1.8, 3.092e-03, 2.136e-03, -5.237e-06, 2833
+161.3, -5.8, 0.5, 3.093e-03, 2.133e-03, 8.804e-06, 1445
+161.3, -5.2, 3.4, 3.188e-03, 2.165e-03, 1.392e-05, 1315
+161.4, -4.6, 6.9, 3.065e-03, 2.158e-03, 2.993e-05, 1278
+161.6, -3.8, 9.9, 2.996e-03, 2.116e-03, 4.509e-05, 1278
+161.7, -3.0, 12.6, 2.995e-03, 2.105e-03, 4.901e-05, 1241
+161.9, -2.4, 15.0, 3.036e-03, 2.097e-03, 4.743e-05, 1240
+162.0, -1.9, 17.4, 3.074e-03, 2.105e-03, 3.994e-05, 1741
+162.2, -1.5, 20.5, 2.992e-03, 2.101e-03, 3.307e-05, 5963
+162.6, -0.9, 23.3, 2.997e-03, 2.085e-03, 2.737e-05, 1630
+163.0, -0.1, 26.3, 3.023e-03, 2.089e-03, 1.208e-05, 2371
+163.3, 0.5, 28.2, 3.085e-03, 2.071e-03, 3.844e-06, 1389
+163.4, 0.9, 29.2, 3.178e-03, 2.080e-03, -2.123e-05, 1240
+163.5, 1.4, 30.8, 3.092e-03, 2.077e-03, -1.722e-05, 1259
+163.6, 1.9, 32.4, 2.974e-03, 2.064e-03, -1.268e-05, 1260
+163.7, 2.5, 33.9, 2.915e-03, 2.043e-03, -4.793e-06, 1260
+163.9, 3.1, 35.1, 2.894e-03, 2.043e-03, -1.408e-05, 1260
+164.1, 3.6, 36.4, 2.922e-03, 2.039e-03, -2.130e-05, 2518
+164.3, 3.9, 38.0, 2.767e-03, 1.990e-03, 7.789e-06, 1333
+164.2, 4.1, 39.1, 2.665e-03, 1.953e-03, 3.074e-05, 1333
+164.1, 4.2, 40.2, 2.561e-03, 1.945e-03, 2.909e-05, 1722
+163.8, 4.4, 41.1, 2.520e-03, 1.913e-03, 5.103e-05, 1278
+163.6, 4.4, 42.4, 2.506e-03, 1.927e-03, 3.217e-05, 1259
+163.6, 4.4, 44.2, 2.415e-03, 1.904e-03, 4.171e-05, 7667
+163.6, 4.1, 46.3, 2.373e-03, 1.882e-03, 5.736e-05, 2740
+163.8, 3.7, 48.6, 2.309e-03, 1.878e-03, 5.646e-05, 2426
+164.0, 3.0, 50.9, 2.234e-03, 1.894e-03, 3.956e-05, 1759
+164.0, 2.3, 52.7, 2.236e-03, 1.895e-03, 5.805e-05, 8129
+164.1, 1.5, 54.9, 2.179e-03, 1.890e-03, 9.981e-05, 7871
+164.4, 0.9, 56.9, 2.175e-03, 1.897e-03, 1.439e-04, 1315
+164.9, 0.7, 58.8, 2.270e-03, 1.878e-03, 2.423e-04, 3611
+165.4, 0.4, 60.6, 2.363e-03, 1.878e-03, 3.246e-04, 1519
+165.8, 0.4, 62.2, 2.439e-03, 1.883e-03, 4.085e-04, 1259
+166.2, 0.3, 63.9, 2.357e-03, 1.876e-03, 4.441e-04, 1297
+166.5, -0.0, 65.3, 2.317e-03, 1.880e-03, 4.678e-04, 1278
+166.7, -0.2, 66.7, 2.350e-03, 1.875e-03, 5.181e-04, 1333
+167.3, -0.3, 68.6, 2.470e-03, 1.862e-03, 5.967e-04, 1278
+168.1, -0.3, 71.3, 2.461e-03, 1.870e-03, 6.348e-04, 1463
+168.5, -0.6, 73.2, 2.465e-03, 1.869e-03, 6.477e-04, 1685
+168.9, -0.9, 74.8, 2.399e-03, 1.889e-03, 6.091e-04, 1277
+169.3, -1.1, 76.2, 2.368e-03, 1.891e-03, 6.417e-04, 1648
+169.6, -1.2, 77.2, 2.383e-03, 1.902e-03, 6.511e-04, 1315
+169.8, -1.0, 77.8, 2.501e-03, 1.904e-03, 6.934e-04, 1667
+170.1, -0.9, 79.0, 2.398e-03, 1.900e-03, 7.200e-04, 1389
+170.3, -0.7, 80.2, 2.303e-03, 1.898e-03, 7.278e-04, 1241
+170.6, -0.5, 81.4, 2.250e-03, 1.897e-03, 7.262e-04, 1260
+171.0, -0.4, 82.5, 2.270e-03, 1.900e-03, 6.938e-04, 1259
+171.2, -0.3, 84.1, 2.285e-03, 1.902e-03, 6.637e-04, 1260
+171.7, -0.1, 86.3, 2.239e-03, 1.888e-03, 6.325e-04, 6723
+172.1, 0.1, 88.7, 2.194e-03, 1.872e-03, 6.147e-04, 1259
+172.3, 0.4, 90.5, 2.169e-03, 1.853e-03, 6.078e-04, 2352
+172.5, 0.7, 92.2, 2.227e-03, 1.831e-03, 5.411e-04, 1500
+173.0, 1.0, 94.0, 2.274e-03, 1.804e-03, 4.737e-04, 1240
+173.3, 1.5, 95.6, 2.299e-03, 1.805e-03, 5.374e-04, 1389
+173.4, 1.8, 96.9, 2.287e-03, 1.798e-03, 5.557e-04, 1260
+172.9, -2.7, 98.6, 2.291e-03, 1.787e-03, 5.617e-04, 1259
+172.8, -1.9, 100.2, 2.363e-03, 1.834e-03, 7.571e-04, 1278
+172.8, -1.3, 101.7, 2.411e-03, 1.861e-03, 8.455e-04, 1685
+173.0, -0.7, 103.7, 2.309e-03, 1.876e-03, 9.029e-04, 1259
+173.4, 0.0, 105.5, 2.211e-03, 1.881e-03, 9.409e-04, 1260
+173.7, 0.7, 106.3, 2.281e-03, 1.895e-03, 1.028e-03, 2982
+173.7, 1.3, 107.0, 2.304e-03, 1.892e-03, 1.069e-03, 1518
+173.8, 1.8, 107.9, 2.384e-03, 1.882e-03, 1.099e-03, 1278
+173.9, 2.3, 109.1, 2.327e-03, 1.893e-03, 1.137e-03, 1389
+173.8, 3.1, 110.6, 2.335e-03, 1.919e-03, 1.226e-03, 1370
+173.6, 3.6, 112.3, 2.351e-03, 1.920e-03, 1.259e-03, 1389
+173.5, 4.2, 113.7, 2.347e-03, 1.910e-03, 1.287e-03, 1389
+173.3, 4.8, 114.6, 2.356e-03, 1.916e-03, 1.361e-03, 2796
+173.3, 5.1, 115.4, 2.284e-03, 1.906e-03, 1.394e-03, 6223
+173.0, 5.5, 116.0, 2.273e-03, 1.893e-03, 1.418e-03, 1426
+172.9, 5.9, 116.8, 2.232e-03, 1.871e-03, 1.439e-03, 2351
+173.0, 5.8, 117.7, 2.192e-03, 1.827e-03, 1.426e-03, 1778
+173.2, 5.6, 118.2, 2.199e-03, 1.793e-03, 1.425e-03, 1351
+173.4, 5.5, 119.0, 2.121e-03, 1.815e-03, 1.471e-03, 5982
+173.6, 5.6, 119.7, 2.026e-03, 1.847e-03, 1.537e-03, 1778
+173.7, 5.8, 120.0, 1.935e-03, 1.874e-03, 1.593e-03, 1389
+173.7, 6.0, 120.0, 1.915e-03, 1.902e-03, 1.639e-03, 1351
+173.7, 6.2, 120.1, 1.897e-03, 1.921e-03, 1.671e-03, 1334
+173.7, 6.5, 120.2, 1.818e-03, 1.947e-03, 1.704e-03, 5130
+173.6, 6.7, 120.1, 1.755e-03, 1.974e-03, 1.740e-03, 1833
+173.6, 6.8, 120.0, 1.721e-03, 2.007e-03, 1.783e-03, 2759
+173.5, 7.0, 119.8, 1.678e-03, 2.031e-03, 1.815e-03, 1352
+173.3, 7.2, 119.5, 1.615e-03, 2.053e-03, 1.853e-03, 1370
+173.0, 7.7, 118.6, 1.565e-03, 2.049e-03, 1.887e-03, 1778
+172.7, 8.0, 117.6, 1.476e-03, 2.012e-03, 1.882e-03, 1315
+172.5, 8.1, 116.5, 1.380e-03, 1.963e-03, 1.861e-03, 1759
+172.2, 8.2, 115.2, 1.310e-03, 1.929e-03, 1.862e-03, 1296
+171.7, 8.2, 113.8, 1.228e-03, 1.899e-03, 1.874e-03, 1315
+171.2, 8.5, 112.1, 1.097e-03, 1.893e-03, 1.921e-03, 1482
+170.6, 8.6, 110.1, 9.323e-04, 1.875e-03, 1.964e-03, 1351
+170.3, 8.4, 108.1, 7.135e-04, 1.832e-03, 1.971e-03, 2593
+169.9, 8.2, 105.9, 5.116e-04, 1.789e-03, 1.961e-03, 1519
+169.6, 8.1, 104.0, 2.712e-04, 1.750e-03, 1.972e-03, 1297
+169.4, 7.7, 102.0, 1.468e-04, 1.752e-03, 2.003e-03, 3593
+169.3, 7.3, 100.0, 5.710e-05, 1.757e-03, 2.010e-03, 1611
+169.2, 7.1, 98.3, -5.081e-05, 1.769e-03, 2.047e-03, 1963
+169.2, 7.1, 96.7, -1.859e-04, 1.782e-03, 2.103e-03, 1278
+169.1, 7.0, 95.3, -3.684e-04, 1.790e-03, 2.160e-03, 7537
+169.0, 6.9, 93.4, -3.809e-04, 1.798e-03, 2.208e-03, 5648
+169.0, 6.7, 91.7, -4.583e-04, 1.797e-03, 2.210e-03, 1240
+169.1, 6.5, 89.6, -5.482e-04, 1.798e-03, 2.211e-03, 3685
+169.0, 6.5, 87.2, -6.524e-04, 1.800e-03, 2.211e-03, 1389
+168.7, 7.0, 84.7, -7.759e-04, 1.799e-03, 2.260e-03, 1278
+168.4, 7.3, 81.5, -7.597e-04, 1.809e-03, 2.269e-03, 1981
+168.1, 7.7, 78.4, -8.050e-04, 1.810e-03, 2.271e-03, 1315
+167.7, 8.0, 75.2, -8.906e-04, 1.807e-03, 2.254e-03, 1260
+167.1, 8.2, 72.3, -8.382e-04, 1.822e-03, 2.247e-03, 1259
+166.8, 8.3, 71.3, -9.743e-04, 1.815e-03, 2.209e-03, 1481
+166.7, 8.5, 69.8, -1.041e-03, 1.801e-03, 2.144e-03, 6241
+166.3, 8.6, 68.1, -1.135e-03, 1.795e-03, 2.047e-03, 1870
+165.9, 8.7, 65.8, -1.185e-03, 1.791e-03, 1.966e-03, 1944
+165.8, 9.0, 63.7, -1.295e-03, 1.761e-03, 1.928e-03, 1389
+165.6, 9.3, 61.5, -1.372e-03, 1.738e-03, 1.882e-03, 1240
+165.0, 9.4, 59.2, -1.360e-03, 1.729e-03, 1.850e-03, 1555
+164.6, 9.4, 57.2, -1.347e-03, 1.742e-03, 1.782e-03, 1259
+163.9, 9.3, 54.9, -1.351e-03, 1.749e-03, 1.718e-03, 1241
+163.0, 9.3, 52.1, -1.399e-03, 1.738e-03, 1.668e-03, 1259
+162.4, 9.5, 49.8, -1.536e-03, 1.712e-03, 1.612e-03, 2630
+161.8, 9.6, 47.6, -1.493e-03, 1.734e-03, 1.562e-03, 1277
+161.3, 9.7, 45.3, -1.520e-03, 1.733e-03, 1.518e-03, 1241
+160.6, 9.8, 42.8, -1.528e-03, 1.744e-03, 1.465e-03, 2611
+159.8, 9.7, 39.9, -1.608e-03, 1.770e-03, 1.377e-03, 1278
+159.2, 9.7, 37.3, -1.743e-03, 1.760e-03, 1.309e-03, 1259
+158.5, 9.7, 34.3, -1.733e-03, 1.747e-03, 1.312e-03, 4814
+157.9, 9.6, 31.9, -1.768e-03, 1.732e-03, 1.302e-03, 1537
+157.4, 9.4, 30.3, -1.778e-03, 1.738e-03, 1.281e-03, 2111
+157.0, 9.3, 29.1, -1.884e-03, 1.747e-03, 1.236e-03, 1555
+156.4, 9.2, 27.9, -1.974e-03, 1.727e-03, 1.210e-03, 1260
+155.6, 9.0, 25.7, -1.871e-03, 1.729e-03, 1.250e-03, 6389
+154.9, 8.9, 24.0, -1.830e-03, 1.729e-03, 1.274e-03, 1296
+156.3, 13.4, 22.8, -1.801e-03, 1.726e-03, 1.293e-03, 1871
+155.6, 13.0, 21.6, -1.793e-03, 1.816e-03, 1.243e-03, 1500
+154.9, 12.6, 20.2, -1.773e-03, 1.887e-03, 1.205e-03, 1241
+154.0, 11.9, 18.4, -1.629e-03, 2.041e-03, 1.156e-03, 1260
+153.1, 11.3, 16.8, -1.524e-03, 2.161e-03, 1.114e-03, 1389
+152.1, 10.9, 15.4, -1.431e-03, 2.254e-03, 1.078e-03, 1259
+151.1, 10.2, 14.1, -1.375e-03, 2.387e-03, 1.022e-03, 1240
+150.2, 9.6, 13.4, -1.373e-03, 2.514e-03, 9.594e-04, 1259
+149.2, 9.1, 12.5, -1.250e-03, 2.639e-03, 9.323e-04, 2537
+147.9, 8.8, 11.6, -1.146e-03, 2.725e-03, 9.089e-04, 1556
+146.5, 8.4, 10.7, -1.069e-03, 2.825e-03, 8.745e-04, 1982
+144.7, 7.9, 9.5, -9.863e-04, 2.912e-03, 8.389e-04, 1481
+142.8, 7.5, 8.5, -9.618e-04, 2.955e-03, 7.960e-04, 1963
+140.6, 7.1, 7.4, -8.742e-04, 3.072e-03, 7.628e-04, 2667
+138.7, 6.7, 7.3, -9.419e-04, 3.284e-03, 6.890e-04, 1556
+137.2, 7.0, 7.3, -1.042e-03, 3.350e-03, 6.243e-04, 1518
+135.8, 7.0, 7.1, -1.109e-03, 3.451e-03, 5.500e-04, 1370
+134.4, 6.9, 6.8, -1.140e-03, 3.578e-03, 4.697e-04, 1352
+132.8, 6.9, 6.1, -1.091e-03, 3.602e-03, 4.329e-04, 1593
+131.1, 6.6, 5.7, -1.061e-03, 3.734e-03, 3.733e-04, 1352
+129.3, 7.0, 5.9, -1.232e-03, 3.655e-03, 3.049e-04, 3445
+127.3, 6.8, 5.2, -1.198e-03, 3.759e-03, 2.321e-04, 1593
+125.1, 6.1, 4.0, -1.231e-03, 3.920e-03, 1.373e-04, 1315
+123.4, 6.0, 3.7, -1.372e-03, 4.012e-03, 9.137e-05, 1352
+122.1, 5.7, 3.0, -1.428e-03, 4.118e-03, 4.591e-05, 1334
+120.4, 5.6, 1.6, -1.347e-03, 4.105e-03, 1.484e-05, 1259
+118.3, 5.6, 0.7, -1.287e-03, 4.110e-03, -3.343e-05, 1260
+116.4, 5.3, 0.3, -1.353e-03, 4.200e-03, -1.091e-04, 1537
+114.7, 5.2, -0.3, -1.424e-03, 4.293e-03, -1.244e-04, 1259
+113.6, 5.0, -0.9, -1.511e-03, 4.371e-03, -1.502e-04, 1241
+112.9, 5.0, -1.5, -1.578e-03, 4.426e-03, -1.813e-04, 7871
+112.2, 4.8, -2.0, -1.611e-03, 4.498e-03, -2.144e-04, 4852
+111.5, 4.7, -2.5, -1.601e-03, 4.535e-03, -2.496e-04, 1852
+110.1, 4.5, -3.3, -1.520e-03, 4.517e-03, -2.407e-04, 1259
+108.6, 4.3, -3.9, -1.412e-03, 4.523e-03, -2.391e-04, 2037
+107.8, 4.0, -4.0, -1.459e-03, 4.637e-03, -2.517e-04, 1241
+107.2, 3.9, -4.0, -1.563e-03, 4.627e-03, -2.796e-04, 9241
+106.5, 3.7, -4.2, -1.531e-03, 4.651e-03, -2.986e-04, 4796
+105.3, 3.6, -4.8, -1.327e-03, 4.606e-03, -2.768e-04, 7222
+103.9, 3.1, -5.3, -1.151e-03, 4.679e-03, -2.563e-04, 1741
+102.6, 3.3, -4.9, -1.269e-03, 4.495e-03, -2.847e-04, 5778
+101.6, 2.8, -4.9, -1.375e-03, 4.458e-03, -3.032e-04, 2093
+100.6, 2.2, -4.8, -1.481e-03, 4.466e-03, -3.199e-04, 1445
+99.7, 1.9, -5.3, -1.457e-03, 4.465e-03, -3.141e-04, 5315
+98.9, 1.6, -5.6, -1.432e-03, 4.499e-03, -3.120e-04, 2389
+98.2, 1.3, -5.6, -1.394e-03, 4.515e-03, -3.161e-04, 1389
+97.6, 0.9, -5.3, -1.437e-03, 4.503e-03, -3.282e-04, 1370
+97.0, 0.2, -5.3, -1.434e-03, 4.477e-03, -3.404e-04, 1241
+96.0, -0.6, -5.5, -1.369e-03, 4.452e-03, -3.248e-04, 1241
+94.9, -1.5, -5.7, -1.276e-03, 4.415e-03, -3.161e-04, 1352
+94.1, -2.3, -5.1, -1.299e-03, 4.406e-03, -3.072e-04, 3352
+92.9, -2.8, -4.2, -1.354e-03, 4.365e-03, -2.979e-04, 1223
+91.8, -3.1, -3.6, -1.314e-03, 4.303e-03, -2.929e-04, 1240
+91.2, -3.7, -3.1, -1.375e-03, 4.353e-03, -2.662e-04, 1259
+90.8, -4.2, -3.2, -1.344e-03, 4.346e-03, -2.467e-04, 1630
+90.4, -4.9, -3.5, -1.221e-03, 4.326e-03, -2.366e-04, 1593
+90.2, -5.2, -3.2, -1.217e-03, 4.279e-03, -2.228e-04, 1907
+90.1, -4.9, -2.9, -1.234e-03, 4.175e-03, -2.081e-04, 1426
+89.9, -5.1, -2.8, -1.140e-03, 4.236e-03, -1.925e-04, 6612
+89.6, -5.3, -2.6, -1.038e-03, 4.275e-03, -1.793e-04, 1241
+89.6, -5.4, -2.2, -9.923e-04, 4.351e-03, -1.589e-04, 3203
+89.5, -5.5, -2.0, -9.503e-04, 4.369e-03, -1.378e-04, 6741
+89.1, -5.8, -1.7, -9.008e-04, 4.321e-03, -1.184e-04, 1463
+88.6, -6.5, -1.6, -8.389e-04, 4.354e-03, -1.096e-04, 2463
+88.4, -6.9, -6.3, -8.317e-04, 4.426e-03, -9.474e-05, 1260
+88.1, -7.3, -5.4, -9.192e-04, 4.437e-03, -1.054e-04, 1241
+87.6, -8.0, -4.3, -1.029e-03, 4.411e-03, -1.097e-04, 1241
+87.1, -8.7, -3.6, -1.165e-03, 4.447e-03, -9.782e-05, 1277
+86.8, -9.0, -3.1, -1.275e-03, 4.508e-03, -1.006e-04, 1963
+86.7, -8.9, -2.5, -1.485e-03, 4.568e-03, -8.422e-05, 1240
+86.6, -8.6, -2.2, -1.573e-03, 4.545e-03, -8.791e-05, 2796
+86.4, -8.4, -1.8, -1.663e-03, 4.536e-03, -8.935e-05, 6777
+86.2, -8.2, -1.4, -1.716e-03, 4.524e-03, -9.466e-05, 8037
+86.1, -8.1, -0.9, -1.808e-03, 4.536e-03, -1.063e-04, 5704
+86.0, -8.0, -0.5, -1.911e-03, 4.569e-03, -1.135e-04, 1223
+85.7, -7.9, -0.1, -1.978e-03, 4.586e-03, -1.237e-04, 1223
+85.2, -7.8, 0.1, -2.032e-03, 4.646e-03, -1.346e-04, 1315
+84.7, -7.7, 0.4, -2.080e-03, 4.690e-03, -1.467e-04, 2130
+84.2, -7.4, 0.7, -2.133e-03, 4.702e-03, -1.481e-04, 1333
+83.4, -7.1, 1.2, -2.194e-03, 4.711e-03, -1.489e-04, 1222
+82.7, -6.9, 1.6, -2.207e-03, 4.717e-03, -1.558e-04, 2593
+81.9, -6.8, 1.5, -2.198e-03, 4.739e-03, -1.669e-04, 6093
+81.1, -6.8, 1.5, -2.220e-03, 4.764e-03, -1.781e-04, 6686
+80.3, -6.6, 1.6, -2.313e-03, 4.735e-03, -1.977e-04, 2093
+79.6, -6.5, 2.1, -2.429e-03, 4.757e-03, -2.189e-04, 2166
+79.1, -6.3, 2.6, -2.537e-03, 4.775e-03, -2.408e-04, 1296
+78.6, -6.3, 2.7, -2.587e-03, 4.799e-03, -2.679e-04, 1444
+78.0, -6.3, 2.8, -2.638e-03, 4.805e-03, -2.953e-04, 1407
+77.6, -6.4, 2.8, -2.698e-03, 4.813e-03, -3.199e-04, 1667
+77.1, -6.2, 3.0, -2.765e-03, 4.806e-03, -3.449e-04, 1259
+76.3, -6.1, 3.1, -2.815e-03, 4.807e-03, -3.733e-04, 1630
+75.6, -6.0, 3.2, -2.859e-03, 4.827e-03, -4.058e-04, 1260
+74.7, -5.8, 3.2, -2.880e-03, 4.804e-03, -4.412e-04, 1204
+73.9, -5.6, 3.1, -2.877e-03, 4.757e-03, -4.462e-04, 5074
+72.8, -5.4, 2.3, -2.807e-03, 4.741e-03, -4.650e-04, 1777
+71.1, -5.1, 1.1, -2.735e-03, 4.790e-03, -4.976e-04, 1241
+69.2, -4.0, 0.4, -2.778e-03, 4.787e-03, -5.346e-04, 1685
+67.1, -1.6, -0.8, -2.885e-03, 4.819e-03, -5.808e-04, 7481
+65.7, 1.4, -1.1, -3.157e-03, 4.940e-03, -6.257e-04, 6889
+65.2, 1.4, 2.7, -3.273e-03, 4.969e-03, -6.861e-04, 1482
+65.2, 0.9, 3.5, -3.492e-03, 5.124e-03, -7.299e-04, 2388
+64.7, 1.0, 3.2, -3.370e-03, 5.087e-03, -7.518e-04, 1741
+64.2, 0.7, 3.2, -3.401e-03, 5.211e-03, -7.895e-04, 1352
+63.1, 0.7, 2.8, -3.247e-03, 5.224e-03, -7.705e-04, 3685
+61.5, 0.8, 2.3, -3.111e-03, 5.232e-03, -7.599e-04, 1371
+60.2, 1.3, 2.7, -3.225e-03, 5.060e-03, -7.554e-04, 7519
+58.4, 1.6, 2.3, -3.102e-03, 4.972e-03, -7.521e-04, 6686
+56.5, 1.7, 2.2, -3.066e-03, 4.965e-03, -7.644e-04, 1481
+54.4, 2.2, 1.9, -2.976e-03, 4.834e-03, -7.728e-04, 1889
+51.9, 2.7, 1.5, -2.860e-03, 4.701e-03, -7.918e-04, 1444
+49.3, 2.9, 1.4, -2.895e-03, 4.660e-03, -8.335e-04, 2722
+47.0, 3.0, 1.5, -2.974e-03, 4.650e-03, -8.901e-04, 2000
+45.0, 3.3, 1.6, -3.036e-03, 4.573e-03, -9.542e-04, 1407
+43.2, 3.5, 1.5, -3.061e-03, 4.533e-03, -9.980e-04, 1889
+41.4, 3.8, 1.4, -3.070e-03, 4.444e-03, -1.048e-03, 1259
+39.9, 3.9, 1.5, -3.118e-03, 4.423e-03, -1.109e-03, 1296
+38.8, 3.9, 2.0, -3.316e-03, 4.419e-03, -1.188e-03, 1537
+37.9, 4.2, 2.2, -3.389e-03, 4.321e-03, -1.258e-03, 1963
+36.9, 4.3, 1.9, -3.314e-03, 4.326e-03, -1.267e-03, 6889
+36.1, 4.1, 1.9, -3.286e-03, 4.377e-03, -1.288e-03, 1537
+34.9, 4.3, 1.7, -3.252e-03, 4.343e-03, -1.310e-03, 2704
+33.9, 4.4, 1.4, -3.191e-03, 4.324e-03, -1.337e-03, 1537
+33.2, 4.6, 1.1, -3.137e-03, 4.284e-03, -1.369e-03, 1518
+32.5, 4.5, 1.1, -3.149e-03, 4.314e-03, -1.368e-03, 8000
+32.0, 4.3, 1.1, -3.174e-03, 4.371e-03, -1.373e-03, 4703
+31.9, 4.2, 1.3, -3.242e-03, 4.428e-03, -1.383e-03, 1463
+31.9, 4.1, 1.1, -3.178e-03, 4.433e-03, -1.383e-03, 1297
+31.9, 4.1, 1.0, -3.113e-03, 4.446e-03, -1.384e-03, 1629
+31.7, 4.0, 0.7, -3.011e-03, 4.487e-03, -1.368e-03, 1371
+31.3, 3.9, 0.4, -2.901e-03, 4.524e-03, -1.355e-03, 1296
+30.7, 3.9, -0.1, -2.740e-03, 4.496e-03, -1.342e-03, 2093
+30.0, 3.9, -0.4, -2.681e-03, 4.499e-03, -1.340e-03, 1537
+29.4, 3.7, -0.3, -2.729e-03, 4.567e-03, -1.350e-03, 1611
+28.9, 3.4, -0.1, -2.837e-03, 4.686e-03, -1.358e-03, 1981
+28.4, 4.3, -0.8, -2.566e-03, 4.364e-03, -1.360e-03, 1315
+28.4, 4.2, -0.9, -2.570e-03, 4.411e-03, -1.365e-03, 1444
+28.4, 5.0, -1.9, -2.210e-03, 4.113e-03, -1.362e-03, 1297
+28.4, 4.8, -1.8, -2.247e-03, 4.186e-03, -1.369e-03, 1241
+28.4, 4.6, -1.8, -2.260e-03, 4.273e-03, -1.357e-03, 2241
+28.4, 4.4, -1.8, -2.272e-03, 4.354e-03, -1.347e-03, 1389
+28.3, 4.2, -1.9, -2.255e-03, 4.419e-03, -1.336e-03, 1574
+27.9, 4.1, -2.1, -2.210e-03, 4.475e-03, -1.325e-03, 1704
+27.2, 3.9, -2.4, -2.113e-03, 4.522e-03, -1.314e-03, 1259
+26.4, 3.7, -2.4, -2.115e-03, 4.564e-03, -1.322e-03, 4445
+26.0, 3.5, -2.0, -2.296e-03, 4.677e-03, -1.343e-03, 3370
+26.0, 3.3, -1.6, -2.451e-03, 4.734e-03, -1.366e-03, 1278
+26.1, 3.3, -1.6, -2.467e-03, 4.755e-03, -1.381e-03, 1278
+26.1, 3.2, -1.6, -2.498e-03, 4.781e-03, -1.397e-03, 1629
+26.2, 3.1, -1.6, -2.504e-03, 4.814e-03, -1.401e-03, 6630
+26.2, 3.0, -1.5, -2.513e-03, 4.841e-03, -1.405e-03, 1352
+26.2, 2.9, -1.4, -2.522e-03, 4.869e-03, -1.410e-03, 1963
+26.2, 2.8, -1.4, -2.536e-03, 4.895e-03, -1.416e-03, 1352
+26.2, 2.7, -1.3, -2.534e-03, 4.907e-03, -1.421e-03, 1278
+26.2, 2.7, -1.4, -2.518e-03, 4.933e-03, -1.413e-03, 1240
+25.9, 2.6, -1.5, -2.501e-03, 4.957e-03, -1.405e-03, 1259
+25.4, 2.8, -2.0, -2.336e-03, 4.859e-03, -1.396e-03, 1240
+24.6, 2.6, -1.9, -2.349e-03, 4.925e-03, -1.393e-03, 1334
+22.6, 2.4, -2.1, -2.303e-03, 4.982e-03, -1.393e-03, 1796
+20.8, 2.6, -2.1, -2.298e-03, 4.888e-03, -1.422e-03, 7574
+19.7, 2.6, -2.1, -2.333e-03, 4.863e-03, -1.457e-03, 1481
+18.8, 2.5, -2.0, -2.384e-03, 4.876e-03, -1.496e-03, 2352
+17.7, 2.4, -1.9, -2.438e-03, 4.909e-03, -1.539e-03, 4074
+16.4, 2.4, -1.7, -2.513e-03, 4.898e-03, -1.590e-03, 1278
+15.3, 2.6, -1.7, -2.542e-03, 4.830e-03, -1.624e-03, 3389
+14.9, 2.6, -1.7, -2.544e-03, 4.809e-03, -1.660e-03, 1278
+14.3, 2.7, -1.9, -2.498e-03, 4.786e-03, -1.695e-03, 1297
+13.9, 2.7, -1.6, -2.622e-03, 4.770e-03, -1.741e-03, 1388
+13.2, 2.8, -1.5, -2.669e-03, 4.753e-03, -1.784e-03, 1463
+12.0, 2.4, -1.4, -2.715e-03, 4.876e-03, -1.789e-03, 2574
+11.0, 2.5, -1.5, -2.725e-03, 4.831e-03, -1.805e-03, 1222
+10.3, 2.6, -1.5, -2.747e-03, 4.807e-03, -1.825e-03, 1889
+10.1, 2.6, -1.4, -2.764e-03, 4.813e-03, -1.847e-03, 2018
+9.4, 2.4, -1.5, -2.751e-03, 4.870e-03, -1.867e-03, 1297
+8.5, 2.4, -1.5, -2.765e-03, 4.884e-03, -1.902e-03, 2574
+7.5, 2.3, -1.5, -2.789e-03, 4.876e-03, -1.943e-03, 1333
+6.3, 2.3, -1.6, -2.787e-03, 4.872e-03, -1.988e-03, 8111
+5.3, 2.5, -1.6, -2.803e-03, 4.804e-03, -2.040e-03, 1592
+4.9, 2.7, -1.5, -2.839e-03, 4.752e-03, -2.096e-03, 2389
+4.3, 2.5, -1.8, -2.732e-03, 4.794e-03, -2.117e-03, 5871
+3.3, 2.3, -2.3, -2.570e-03, 4.848e-03, -2.139e-03, 1481
+2.5, 2.4, -2.0, -2.680e-03, 4.828e-03, -2.182e-03, 2371
+2.1, 3.0, -1.5, -2.853e-03, 4.603e-03, -2.237e-03, 1944
+2.3, 3.1, -1.5, -2.855e-03, 4.578e-03, -2.276e-03, 1241
+2.5, 2.9, -1.5, -2.848e-03, 4.626e-03, -2.282e-03, 1333
+2.6, 2.9, -1.8, -2.755e-03, 4.636e-03, -2.285e-03, 7426
+2.6, 2.8, -1.7, -2.768e-03, 4.667e-03, -2.293e-03, 7129
+2.4, 2.3, -1.9, -2.713e-03, 4.811e-03, -2.295e-03, 1315
+2.2, 2.5, -1.8, -2.754e-03, 4.747e-03, -2.313e-03, 1481
+2.2, 2.4, -1.7, -2.790e-03, 4.782e-03, -2.314e-03, 1351
+2.6, 2.3, -1.2, -2.960e-03, 4.822e-03, -2.322e-03, 1296
+2.9, 2.2, -1.3, -2.919e-03, 4.850e-03, -2.320e-03, 1926
+3.0, 2.2, -1.3, -2.918e-03, 4.864e-03, -2.318e-03, 1538
+3.0, 2.0, -1.3, -2.927e-03, 4.904e-03, -2.317e-03, 1500
+3.8, 1.8, -1.3, -2.898e-03, 4.984e-03, -2.320e-03, 2167
+6.1, 1.3, -1.5, -2.827e-03, 5.168e-03, -2.317e-03, 4981
+8.4, 1.5, -1.0, -3.028e-03, 5.139e-03, -2.319e-03, 1426
+9.6, 1.6, -0.9, -3.028e-03, 5.093e-03, -2.303e-03, 1426
+9.9, 1.7, -1.2, -2.933e-03, 5.050e-03, -2.278e-03, 1333
+9.9, 1.6, -1.2, -2.924e-03, 5.098e-03, -2.262e-03, 1426
+9.8, 1.4, -1.2, -2.919e-03, 5.141e-03, -2.248e-03, 1537
+9.8, 1.3, -1.3, -2.912e-03, 5.177e-03, -2.235e-03, 2963
+9.8, 1.2, -1.3, -2.904e-03, 5.210e-03, -2.223e-03, 2166
+9.7, 1.1, -1.3, -2.885e-03, 5.237e-03, -2.211e-03, 1260
+9.8, 1.2, -1.4, -2.862e-03, 5.215e-03, -2.222e-03, 1352
+9.8, 1.2, -1.5, -2.839e-03, 5.196e-03, -2.233e-03, 1296
+9.8, 1.3, -1.5, -2.822e-03, 5.180e-03, -2.244e-03, 7814
+9.9, 1.3, -1.6, -2.804e-03, 5.166e-03, -2.255e-03, 2888
+9.9, 1.3, -1.6, -2.794e-03, 5.156e-03, -2.265e-03, 1278
+9.9, 1.3, -1.6, -2.786e-03, 5.171e-03, -2.260e-03, 1445
+9.9, 1.2, -1.6, -2.777e-03, 5.186e-03, -2.256e-03, 1611
+9.9, 1.2, -1.7, -2.769e-03, 5.197e-03, -2.253e-03, 3000
+9.9, 1.1, -1.7, -2.760e-03, 5.210e-03, -2.250e-03, 1630
+9.9, 1.1, -1.7, -2.765e-03, 5.222e-03, -2.250e-03, 2056
+9.9, 1.0, -1.6, -2.771e-03, 5.233e-03, -2.249e-03, 2222
+9.9, 1.0, -1.6, -2.776e-03, 5.243e-03, -2.250e-03, 1389
+9.9, 1.0, -1.6, -2.782e-03, 5.250e-03, -2.250e-03, 1352
+9.9, 0.9, -1.6, -2.787e-03, 5.257e-03, -2.250e-03, 1426
+9.9, 0.9, -1.6, -2.777e-03, 5.255e-03, -2.253e-03, 1297
+10.0, 1.0, -1.7, -2.767e-03, 5.227e-03, -2.270e-03, 6111
+10.0, 1.1, -1.7, -2.757e-03, 5.201e-03, -2.287e-03, 1278
+10.1, 1.2, -1.7, -2.751e-03, 5.177e-03, -2.303e-03, 2259
+10.1, 1.2, -1.7, -2.743e-03, 5.155e-03, -2.318e-03, 1723
+10.1, 1.3, -1.8, -2.726e-03, 5.143e-03, -2.326e-03, 1334
+10.2, 1.3, -1.8, -2.716e-03, 5.134e-03, -2.334e-03, 1407
+10.2, 1.3, -1.8, -2.704e-03, 5.124e-03, -2.342e-03, 1259
+10.2, 1.3, -1.9, -2.694e-03, 5.116e-03, -2.349e-03, 1537
+10.2, 1.3, -1.9, -2.685e-03, 5.111e-03, -2.356e-03, 1315
+10.3, 1.3, -1.8, -2.701e-03, 5.104e-03, -2.370e-03, 2519
+10.3, 1.3, -1.8, -2.716e-03, 5.112e-03, -2.374e-03, 1315
+10.3, 1.3, -1.7, -2.730e-03, 5.121e-03, -2.377e-03, 1444
+10.3, 1.2, -1.7, -2.743e-03, 5.131e-03, -2.381e-03, 1945
+10.3, 1.2, -1.7, -2.755e-03, 5.139e-03, -2.385e-03, 1982
+10.3, 1.2, -1.7, -2.758e-03, 5.144e-03, -2.388e-03, 1334
+10.4, 1.2, -1.7, -2.761e-03, 5.148e-03, -2.392e-03, 1315
+10.4, 1.2, -1.7, -2.764e-03, 5.152e-03, -2.396e-03, 1333
+10.4, 1.2, -1.6, -2.767e-03, 5.155e-03, -2.400e-03, 1426
+10.4, 1.1, -1.6, -2.766e-03, 5.157e-03, -2.403e-03, 1278
+10.4, 1.1, -1.7, -2.749e-03, 5.163e-03, -2.401e-03, 1334
+10.4, 1.1, -1.7, -2.733e-03, 5.177e-03, -2.394e-03, 6833
+10.4, 1.0, -1.8, -2.720e-03, 5.190e-03, -2.387e-03, 1352
+10.4, 1.0, -1.8, -2.705e-03, 5.201e-03, -2.381e-03, 6278
+10.4, 1.0, -1.9, -2.692e-03, 5.207e-03, -2.376e-03, 1352
+10.4, 0.9, -1.8, -2.724e-03, 5.220e-03, -2.380e-03, 1889
+10.4, 0.8, -1.7, -2.756e-03, 5.240e-03, -2.378e-03, 3777
+11.7, 3.2, -1.5, -2.804e-03, 4.416e-03, -2.851e-03, 5815
+11.6, 2.9, -1.4, -2.827e-03, 4.517e-03, -2.826e-03, 8093
+11.5, 2.7, -1.4, -2.848e-03, 4.607e-03, -2.804e-03, 5167
+11.5, 2.5, -1.3, -2.861e-03, 4.678e-03, -2.788e-03, 1278
+11.5, 2.3, -1.3, -2.872e-03, 4.743e-03, -2.773e-03, 2129
+11.4, 2.1, -1.3, -2.880e-03, 4.800e-03, -2.760e-03, 1722
+11.4, 1.9, -1.3, -2.888e-03, 4.853e-03, -2.749e-03, 2815
+11.4, 1.8, -1.2, -2.894e-03, 4.901e-03, -2.738e-03, 6259
+11.4, 1.6, -1.1, -2.929e-03, 4.947e-03, -2.734e-03, 1445
+11.4, 1.6, -1.1, -2.959e-03, 4.972e-03, -2.739e-03, 1518
+11.4, 1.5, -1.0, -2.986e-03, 4.995e-03, -2.745e-03, 1500
+11.4, 1.4, -0.9, -3.011e-03, 5.015e-03, -2.751e-03, 1277
+11.5, 1.4, -0.8, -3.033e-03, 5.033e-03, -2.757e-03, 1445
+11.5, 1.3, -0.9, -3.031e-03, 5.055e-03, -2.753e-03, 1352
+11.5, 1.2, -0.9, -3.029e-03, 5.076e-03, -2.751e-03, 1666
+11.5, 1.2, -0.9, -3.026e-03, 5.093e-03, -2.749e-03, 1389
+11.5, 1.1, -0.9, -3.025e-03, 5.109e-03, -2.747e-03, 2407
+11.5, 1.1, -0.9, -3.024e-03, 5.126e-03, -2.746e-03, 2407
+11.4, 1.0, -1.0, -2.987e-03, 5.132e-03, -2.740e-03, 1278
+11.4, 1.0, -1.1, -2.957e-03, 5.137e-03, -2.735e-03, 1944
+11.4, 1.0, -1.1, -2.927e-03, 5.143e-03, -2.731e-03, 1297
+11.4, 1.0, -1.2, -2.903e-03, 5.147e-03, -2.727e-03, 1278
+11.4, 1.0, -1.3, -2.880e-03, 5.149e-03, -2.723e-03, 1278
+11.5, 1.0, -1.3, -2.879e-03, 5.136e-03, -2.736e-03, 1314
+11.5, 1.0, -1.3, -2.883e-03, 5.122e-03, -2.749e-03, 1667
+11.5, 1.1, -1.3, -2.883e-03, 5.107e-03, -2.761e-03, 1315
+11.6, 1.1, -1.3, -2.885e-03, 5.098e-03, -2.773e-03, 3352
+11.6, 1.1, -1.3, -2.887e-03, 5.085e-03, -2.784e-03, 2148
+11.6, 1.0, -1.2, -2.896e-03, 5.104e-03, -2.782e-03, 1389
+11.6, 1.0, -1.2, -2.901e-03, 5.122e-03, -2.779e-03, 1296
+11.6, 0.9, -1.2, -2.909e-03, 5.137e-03, -2.777e-03, 1278
+11.6, 0.9, -1.2, -2.912e-03, 5.152e-03, -2.775e-03, 1426
+11.6, 0.8, -1.2, -2.917e-03, 5.164e-03, -2.774e-03, 1296
+11.6, 0.9, -1.1, -2.937e-03, 5.155e-03, -2.786e-03, 1778
+11.7, 0.9, -1.0, -2.959e-03, 5.147e-03, -2.798e-03, 23908
+11.7, 0.9, -1.0, -2.968e-03, 5.142e-03, -2.809e-03, 1370
+11.7, 0.9, -1.0, -2.985e-03, 5.137e-03, -2.820e-03, 5574
+11.8, 0.9, -0.9, -3.002e-03, 5.133e-03, -2.831e-03, 1500
+11.8, 1.0, -1.0, -2.987e-03, 5.109e-03, -2.844e-03, 1260
+11.9, 1.2, -1.2, -2.917e-03, 5.034e-03, -2.856e-03, 1370
+11.9, 1.2, -1.2, -2.912e-03, 5.022e-03, -2.867e-03, 1667
+11.9, 1.2, -1.2, -2.908e-03, 5.013e-03, -2.878e-03, 1296
+12.0, 1.2, -1.2, -2.904e-03, 5.002e-03, -2.889e-03, 1296
+11.9, 1.2, -1.2, -2.903e-03, 5.024e-03, -2.884e-03, 1315
+11.9, 1.1, -1.2, -2.903e-03, 5.043e-03, -2.879e-03, 2463
+11.9, 1.1, -1.2, -2.901e-03, 5.060e-03, -2.875e-03, 1315
+11.9, 1.0, -1.2, -2.902e-03, 5.074e-03, -2.871e-03, 1296
+11.9, 1.0, -1.2, -2.898e-03, 5.090e-03, -2.868e-03, 1592
+11.9, 0.9, -1.3, -2.890e-03, 5.098e-03, -2.864e-03, 1259
+11.9, 0.9, -1.3, -2.878e-03, 5.106e-03, -2.861e-03, 2092
+11.9, 0.9, -1.3, -2.869e-03, 5.113e-03, -2.859e-03, 5204
+11.9, 0.8, -1.4, -2.857e-03, 5.121e-03, -2.856e-03, 9186
